URL,Code,Severity,WCAG Level,WCAG Criterion,Affected Group,Selector,Message,Context
https://neomwellbeing.com/,WCAG2AA.Principle4.Guideline4_1.4_1_1.F77,Critical,AA,4.1.1,all assistive tech users,#mini-cart,"Duplicate id attribute value ""mini-cart"" found on the web page.","<form action=""/cart"" method=""post"" class=""flex flex-col h-full"" id=""mini-cart"">                               ...</form>"
https://neomwellbeing.com/,WCAG2AA.Principle3.Guideline3_2.3_2_2.H32.2,Critical,AA,3.2.2,all users,#shopify-section-header > div:nth-child(1) > div:nth-child(1) > div:nth-child(3) > predictive-search > div:nth-child(1) > form,"This form does not contain a submit button, which creates issues for those who cannot submit the form using the keyboard. Submit buttons are INPUT elements with type attribute ""submit"" or ""image"", or BUTTON elements with type ""submit"" or omitted/invalid.","<form action=""/search"" method=""get"" role=""search"" class=""flex w-full items-center pb-2 border-b-[0.5px] border-beige lg:border-primary transition duration-300 ease-in-out focus:border-gold gap-3"">    "
https://neomwellbeing.com/,WCAG2AA.Principle3.Guideline3_2.3_2_2.H32.2,Critical,AA,3.2.2,all users,html > body > div:nth-child(5) > div:nth-child(3) > predictive-search-mobile > div:nth-child(1) > form,"This form does not contain a submit button, which creates issues for those who cannot submit the form using the keyboard. Submit buttons are INPUT elements with type attribute ""submit"" or ""image"", or BUTTON elements with type ""submit"" or omitted/invalid.","<form action=""/search"" method=""get"" role=""search"" class=""flex w-full items-center pb-3 border-b-[0.5px] border-beige lg:border-primary transition duration-300 ease-in-out focus:border-gold gap-3"">    "
https://neomwellbeing.com/,WCAG2AA.Principle4.Guideline4_1.4_1_1.F77,Critical,AA,4.1.1,all assistive tech users,#quantity,"Duplicate id attribute value ""quantity"" found on the web page.","<input type=""hidden"" id=""quantity"" name=""quantity"" value=""1"" min=""1"">"
https://neomwellbeing.com/,WCAG2AA.Principle4.Guideline4_1.4_1_1.F77,Critical,AA,4.1.1,all assistive tech users,#quantity,"Duplicate id attribute value ""quantity"" found on the web page.","<input type=""hidden"" id=""quantity"" name=""quantity"" value=""1"" min=""1"">"
https://neomwellbeing.com/,WCAG2AA.Principle4.Guideline4_1.4_1_1.F77,Critical,AA,4.1.1,all assistive tech users,#[object HTMLInputElement],"Duplicate id attribute value ""product-form-template--25230891352447__featured_products_DGHXAM"" found on the web page.","<form method=""post"" action=""/cart/add"" id=""product-form-template--25230891352447__featured_products_DGHXAM"" accept-charset=""UTF-8"" class=""flex flex-col gap-4 h-full"" enctype=""multipart/form-data"" nova"
https://neomwellbeing.com/,WCAG2AA.Principle4.Guideline4_1.4_1_1.F77,Critical,AA,4.1.1,all assistive tech users,#quantity,"Duplicate id attribute value ""quantity"" found on the web page.","<input type=""hidden"" id=""quantity"" name=""quantity"" value=""1"" min=""1"">"
https://neomwellbeing.com/,WCAG2AA.Principle4.Guideline4_1.4_1_1.F77,Critical,AA,4.1.1,all assistive tech users,#quantity,"Duplicate id attribute value ""quantity"" found on the web page.","<input type=""hidden"" id=""quantity"" name=""quantity"" value=""1"" min=""1"">"
https://neomwellbeing.com/,WCAG2AA.Principle4.Guideline4_1.4_1_2.H91.InputText.Name,Critical,AA,4.1.2,screen reader users,#shopify-section-template--25230891352447__collection_selector_kyLXPA > section > input:nth-child(3),"This textinput element does not have a name available to an accessibility API. Valid names are: label element, title , aria-label , aria-labelledby .","<input class=""js-result-url hidden"" data-shopping-for=""myself"" data-looking-for=""a better sleep"" data-cta-text=""Shop Collection"" value=""/collections/scent-to-sleep"">"
https://neomwellbeing.com/,WCAG2AA.Principle1.Guideline1_3.1_3_1.F68,Critical,AA,1.3.1,screen reader users,#shopify-section-template--25230891352447__collection_selector_kyLXPA > section > input:nth-child(3),"This form field should be labelled in some way. Use the label element (either with a ""for"" attribute or wrapped around the form field), or ""title"", ""aria-label"" or ""aria-labelledby"" attributes as appropriate.","<input class=""js-result-url hidden"" data-shopping-for=""myself"" data-looking-for=""a better sleep"" data-cta-text=""Shop Collection"" value=""/collections/scent-to-sleep"">"
https://neomwellbeing.com/,WCAG2AA.Principle4.Guideline4_1.4_1_2.H91.InputText.Name,Critical,AA,4.1.2,screen reader users,#shopify-section-template--25230891352447__collection_selector_kyLXPA > section > input:nth-child(4),"This textinput element does not have a name available to an accessibility API. Valid names are: label element, title , aria-label , aria-labelledby .","<input class=""js-result-url hidden"" data-shopping-for=""someone else"" data-looking-for=""a better sleep"" data-cta-text=""Shop Collection"" value=""/collections/scent-to-sleep"">"
https://neomwellbeing.com/,WCAG2AA.Principle1.Guideline1_3.1_3_1.F68,Critical,AA,1.3.1,screen reader users,#shopify-section-template--25230891352447__collection_selector_kyLXPA > section > input:nth-child(4),"This form field should be labelled in some way. Use the label element (either with a ""for"" attribute or wrapped around the form field), or ""title"", ""aria-label"" or ""aria-labelledby"" attributes as appropriate.","<input class=""js-result-url hidden"" data-shopping-for=""someone else"" data-looking-for=""a better sleep"" data-cta-text=""Shop Collection"" value=""/collections/scent-to-sleep"">"
https://neomwellbeing.com/,WCAG2AA.Principle4.Guideline4_1.4_1_2.H91.InputText.Name,Critical,AA,4.1.2,screen reader users,#shopify-section-template--25230891352447__collection_selector_kyLXPA > section > input:nth-child(5),"This textinput element does not have a name available to an accessibility API. Valid names are: label element, title , aria-label , aria-labelledby .","<input class=""js-result-url hidden"" data-shopping-for=""myself"" data-looking-for=""less stress"" data-cta-text=""Shop Collection"" value=""/collections/scent-to-de-stress"">"
https://neomwellbeing.com/,WCAG2AA.Principle1.Guideline1_3.1_3_1.F68,Critical,AA,1.3.1,screen reader users,#shopify-section-template--25230891352447__collection_selector_kyLXPA > section > input:nth-child(5),"This form field should be labelled in some way. Use the label element (either with a ""for"" attribute or wrapped around the form field), or ""title"", ""aria-label"" or ""aria-labelledby"" attributes as appropriate.","<input class=""js-result-url hidden"" data-shopping-for=""myself"" data-looking-for=""less stress"" data-cta-text=""Shop Collection"" value=""/collections/scent-to-de-stress"">"
https://neomwellbeing.com/,WCAG2AA.Principle4.Guideline4_1.4_1_2.H91.InputText.Name,Critical,AA,4.1.2,screen reader users,#shopify-section-template--25230891352447__collection_selector_kyLXPA > section > input:nth-child(6),"This textinput element does not have a name available to an accessibility API. Valid names are: label element, title , aria-label , aria-labelledby .","<input class=""js-result-url hidden"" data-shopping-for=""someone else"" data-looking-for=""less stress"" data-cta-text=""Shop Collection"" value=""/collections/scent-to-de-stress"">"
https://neomwellbeing.com/,WCAG2AA.Principle1.Guideline1_3.1_3_1.F68,Critical,AA,1.3.1,screen reader users,#shopify-section-template--25230891352447__collection_selector_kyLXPA > section > input:nth-child(6),"This form field should be labelled in some way. Use the label element (either with a ""for"" attribute or wrapped around the form field), or ""title"", ""aria-label"" or ""aria-labelledby"" attributes as appropriate.","<input class=""js-result-url hidden"" data-shopping-for=""someone else"" data-looking-for=""less stress"" data-cta-text=""Shop Collection"" value=""/collections/scent-to-de-stress"">"
https://neomwellbeing.com/,WCAG2AA.Principle4.Guideline4_1.4_1_2.H91.InputText.Name,Critical,AA,4.1.2,screen reader users,#shopify-section-template--25230891352447__collection_selector_kyLXPA > section > input:nth-child(7),"This textinput element does not have a name available to an accessibility API. Valid names are: label element, title , aria-label , aria-labelledby .","<input class=""js-result-url hidden"" data-shopping-for=""myself"" data-looking-for=""a mood boost"" data-cta-text=""Shop Collection"" value=""/collections/scent-to-make-you-happy"">"
https://neomwellbeing.com/,WCAG2AA.Principle1.Guideline1_3.1_3_1.F68,Critical,AA,1.3.1,screen reader users,#shopify-section-template--25230891352447__collection_selector_kyLXPA > section > input:nth-child(7),"This form field should be labelled in some way. Use the label element (either with a ""for"" attribute or wrapped around the form field), or ""title"", ""aria-label"" or ""aria-labelledby"" attributes as appropriate.","<input class=""js-result-url hidden"" data-shopping-for=""myself"" data-looking-for=""a mood boost"" data-cta-text=""Shop Collection"" value=""/collections/scent-to-make-you-happy"">"
https://neomwellbeing.com/,WCAG2AA.Principle4.Guideline4_1.4_1_2.H91.InputText.Name,Critical,AA,4.1.2,screen reader users,#shopify-section-template--25230891352447__collection_selector_kyLXPA > section > input:nth-child(8),"This textinput element does not have a name available to an accessibility API. Valid names are: label element, title , aria-label , aria-labelledby .","<input class=""js-result-url hidden"" data-shopping-for=""someone else"" data-looking-for=""a mood boost"" data-cta-text=""Shop Collection"" value=""/collections/scent-to-make-you-happy"">"
https://neomwellbeing.com/,WCAG2AA.Principle1.Guideline1_3.1_3_1.F68,Critical,AA,1.3.1,screen reader users,#shopify-section-template--25230891352447__collection_selector_kyLXPA > section > input:nth-child(8),"This form field should be labelled in some way. Use the label element (either with a ""for"" attribute or wrapped around the form field), or ""title"", ""aria-label"" or ""aria-labelledby"" attributes as appropriate.","<input class=""js-result-url hidden"" data-shopping-for=""someone else"" data-looking-for=""a mood boost"" data-cta-text=""Shop Collection"" value=""/collections/scent-to-make-you-happy"">"
https://neomwellbeing.com/,WCAG2AA.Principle4.Guideline4_1.4_1_2.H91.InputText.Name,Critical,AA,4.1.2,screen reader users,#shopify-section-template--25230891352447__collection_selector_kyLXPA > section > input:nth-child(9),"This textinput element does not have a name available to an accessibility API. Valid names are: label element, title , aria-label , aria-labelledby .","<input class=""js-result-url hidden"" data-shopping-for=""myself"" data-looking-for=""more energy"" data-cta-text=""Shop Collection"" value=""/collections/scent-to-boost-your-energy"">"
https://neomwellbeing.com/,WCAG2AA.Principle1.Guideline1_3.1_3_1.F68,Critical,AA,1.3.1,screen reader users,#shopify-section-template--25230891352447__collection_selector_kyLXPA > section > input:nth-child(9),"This form field should be labelled in some way. Use the label element (either with a ""for"" attribute or wrapped around the form field), or ""title"", ""aria-label"" or ""aria-labelledby"" attributes as appropriate.","<input class=""js-result-url hidden"" data-shopping-for=""myself"" data-looking-for=""more energy"" data-cta-text=""Shop Collection"" value=""/collections/scent-to-boost-your-energy"">"
https://neomwellbeing.com/,WCAG2AA.Principle4.Guideline4_1.4_1_2.H91.InputText.Name,Critical,AA,4.1.2,screen reader users,#shopify-section-template--25230891352447__collection_selector_kyLXPA > section > input:nth-child(10),"This textinput element does not have a name available to an accessibility API. Valid names are: label element, title , aria-label , aria-labelledby .","<input class=""js-result-url hidden"" data-shopping-for=""someone else"" data-looking-for=""more energy"" data-cta-text=""Shop Collection"" value=""/collections/scent-to-boost-your-energy"">"
https://neomwellbeing.com/,WCAG2AA.Principle1.Guideline1_3.1_3_1.F68,Critical,AA,1.3.1,screen reader users,#shopify-section-template--25230891352447__collection_selector_kyLXPA > section > input:nth-child(10),"This form field should be labelled in some way. Use the label element (either with a ""for"" attribute or wrapped around the form field), or ""title"", ""aria-label"" or ""aria-labelledby"" attributes as appropriate.","<input class=""js-result-url hidden"" data-shopping-for=""someone else"" data-looking-for=""more energy"" data-cta-text=""Shop Collection"" value=""/collections/scent-to-boost-your-energy"">"
https://neomwellbeing.com/,WCAG2AA.Principle2.Guideline2_4.2_4_1.H64.1,Critical,AA,2.4.1,sighted keyboard users,#csm-consentFrame,Iframe element requires a non-empty title attribute that identifies the frame.,"<iframe id=""csm-consentFrame"" src=""https://app.consentmo.com/users/updateCrossDomainConsentSharing"" style=""display: none;""></iframe>"
https://neomwellbeing.com/products/complete-bliss-standard-scented-candle,WCAG2AA.Principle4.Guideline4_1.4_1_1.F77,Critical,AA,4.1.1,all assistive tech users,#mini-cart,"Duplicate id attribute value ""mini-cart"" found on the web page.","<form action=""/cart"" method=""post"" class=""flex flex-col h-full"" id=""mini-cart"">                               ...</form>"
https://neomwellbeing.com/products/complete-bliss-standard-scented-candle,WCAG2AA.Principle3.Guideline3_2.3_2_2.H32.2,Critical,AA,3.2.2,all users,#shopify-section-header > div:nth-child(1) > div:nth-child(1) > div:nth-child(3) > predictive-search > div:nth-child(1) > form,"This form does not contain a submit button, which creates issues for those who cannot submit the form using the keyboard. Submit buttons are INPUT elements with type attribute ""submit"" or ""image"", or BUTTON elements with type ""submit"" or omitted/invalid.","<form action=""/search"" method=""get"" role=""search"" class=""flex w-full items-center pb-2 border-b-[0.5px] border-beige lg:border-primary transition duration-300 ease-in-out focus:border-gold gap-3"">    "
https://neomwellbeing.com/products/complete-bliss-standard-scented-candle,WCAG2AA.Principle3.Guideline3_2.3_2_2.H32.2,Critical,AA,3.2.2,all users,html > body > div:nth-child(5) > div:nth-child(3) > predictive-search-mobile > div:nth-child(1) > form,"This form does not contain a submit button, which creates issues for those who cannot submit the form using the keyboard. Submit buttons are INPUT elements with type attribute ""submit"" or ""image"", or BUTTON elements with type ""submit"" or omitted/invalid.","<form action=""/search"" method=""get"" role=""search"" class=""flex w-full items-center pb-3 border-b-[0.5px] border-beige lg:border-primary transition duration-300 ease-in-out focus:border-gold gap-3"">    "
https://neomwellbeing.com/products/complete-bliss-standard-scented-candle,WCAG2AA.Principle4.Guideline4_1.4_1_1.F77,Critical,AA,4.1.1,all assistive tech users,#quantity,"Duplicate id attribute value ""quantity"" found on the web page.","<input type=""number"" id=""quantity"" class=""border-none !w-[54px] !h-9 p-0 text-black text-center text-sm input-quantity"" name=""quantity"" min=""1"" max=""89"" x-model=""productQuantity"">"
https://neomwellbeing.com/products/complete-bliss-standard-scented-candle,WCAG2AA.Principle4.Guideline4_1.4_1_2.H91.InputNumber.Name,Critical,AA,4.1.2,screen reader users,#quantity,"This numberinput element does not have a name available to an accessibility API. Valid names are: label element, title , aria-label , aria-labelledby .","<input type=""number"" id=""quantity"" class=""border-none !w-[54px] !h-9 p-0 text-black text-center text-sm input-quantity"" name=""quantity"" min=""1"" max=""89"" x-model=""productQuantity"">"
https://neomwellbeing.com/products/complete-bliss-standard-scented-candle,WCAG2AA.Principle4.Guideline4_1.4_1_1.F77,Critical,AA,4.1.1,all assistive tech users,#quantity,"Duplicate id attribute value ""quantity"" found on the web page.","<input type=""hidden"" id=""quantity"" name=""quantity"" value=""1"" min=""1"">"
https://neomwellbeing.com/products/complete-bliss-standard-scented-candle,WCAG2AA.Principle1.Guideline1_4.1_4_3.G18.Fail,Critical,AA,1.4.3,low-vision users,#yotpo-reviews-container > div > div:nth-child(4) > div:nth-child(1) > div:nth-child(1) > div > div > span,"This element has insufficient contrast at this conformance level. Expected a contrast ratio of at least 4.5:1, but text in this element has a contrast ratio of 2.22:1. Recommendation:  change text colour to #767676.","<span data-v-4c2f4803="""" class=""yotpo-reviewer-verified-buyer-text unselectable"" style=""margin-inline-start: 5px;"">Verified Reviewer</span>"
https://neomwellbeing.com/products/complete-bliss-standard-scented-candle,WCAG2AA.Principle1.Guideline1_4.1_4_3.G18.Fail,Critical,AA,1.4.3,low-vision users,#yotpo-reviews-container > div > div:nth-child(7) > div:nth-child(1) > div:nth-child(1) > div > div > span,"This element has insufficient contrast at this conformance level. Expected a contrast ratio of at least 4.5:1, but text in this element has a contrast ratio of 2.22:1. Recommendation:  change text colour to #767676.","<span data-v-4c2f4803="""" class=""yotpo-reviewer-verified-buyer-text unselectable"" style=""margin-inline-start: 5px;"">Verified Buyer</span>"
https://neomwellbeing.com/products/complete-bliss-standard-scented-candle,WCAG2AA.Principle1.Guideline1_1.1_1_1.H30.2,Critical,AA,1.1.1,screen reader users,#shopify-section-template--25230891221375__icons_with_text_aBteLN > div > div > ul > li:nth-child(1) > a,"Img element is the only content of the link, but is missing alt text. The alt text should describe the purpose of the link.","<a href=""https://neomwellbeing.com/blogs/wellbeing"" aria-label="""">                               ...</a>"
https://neomwellbeing.com/products/complete-bliss-standard-scented-candle,WCAG2AA.Principle1.Guideline1_1.1_1_1.H30.2,Critical,AA,1.1.1,screen reader users,#shopify-section-template--25230891221375__icons_with_text_aBteLN > div > div > ul > li:nth-child(2) > a,"Img element is the only content of the link, but is missing alt text. The alt text should describe the purpose of the link.","<a href=""https://neomwellbeing.com/pages/postage"" aria-label="""">                               ...</a>"
https://neomwellbeing.com/products/complete-bliss-standard-scented-candle,WCAG2AA.Principle1.Guideline1_1.1_1_1.H30.2,Critical,AA,1.1.1,screen reader users,#shopify-section-template--25230891221375__icons_with_text_aBteLN > div > div > ul > li:nth-child(3) > a,"Img element is the only content of the link, but is missing alt text. The alt text should describe the purpose of the link.","<a href=""https://neomwellbeing.com/pages/neom-points"" aria-label="""">                               ...</a>"
https://neomwellbeing.com/products/complete-bliss-standard-scented-candle,WCAG2AA.Principle1.Guideline1_1.1_1_1.H30.2,Critical,AA,1.1.1,screen reader users,#shopify-section-template--25230891221375__icons_with_text_aBteLN > div > div > ul > li:nth-child(4) > a,"Img element is the only content of the link, but is missing alt text. The alt text should describe the purpose of the link.","<a href=""https://neomwellbeing.com/pages/contact-us"" aria-label="""">                               ...</a>"
https://neomwellbeing.com/products/complete-bliss-standard-scented-candle,WCAG2AA.Principle2.Guideline2_4.2_4_1.H64.1,Critical,AA,2.4.1,sighted keyboard users,#csm-consentFrame,Iframe element requires a non-empty title attribute that identifies the frame.,"<iframe id=""csm-consentFrame"" src=""https://app.consentmo.com/users/updateCrossDomainConsentSharing"" style=""display: none;""></iframe>"
https://neomwellbeing.com/products/complete-bliss-standard-scented-candle,"WCAG2AA.Principle1.Guideline1_3.1_3_1.F92,ARIA4",Critical,AA,1.3.1,screen reader users,#shopify-section-template--25230891221375__product > div:nth-child(2) > div:nth-child(4) > div:nth-child(1) > div > div:nth-child(1) > div > ul > div > div > li:nth-child(1),"This element's role is ""presentation"" but contains child elements with semantic meaning.","<li role=""presentation"" class=""thumb-carousel-cell w-13 border border-beige p-1.5 h-13 flex items-center justify-center is-selected is-nav-selected"" style=""position: absolute; left: 0px; transform: tr"
https://neomwellbeing.com/products/complete-bliss-standard-scented-candle,"WCAG2AA.Principle1.Guideline1_3.1_3_1.F92,ARIA4",Critical,AA,1.3.1,screen reader users,#shopify-section-template--25230891221375__product > div:nth-child(2) > div:nth-child(4) > div:nth-child(1) > div > div:nth-child(1) > div > ul > div > div > li:nth-child(2),"This element's role is ""presentation"" but contains child elements with semantic meaning.","<li role=""presentation"" class=""thumb-carousel-cell w-13 border border-beige p-1.5 h-13 flex items-center justify-center is-selected"" style=""position: absolute; left: 0px; transform: translateX(68px);"""
https://neomwellbeing.com/products/complete-bliss-standard-scented-candle,"WCAG2AA.Principle1.Guideline1_3.1_3_1.F92,ARIA4",Critical,AA,1.3.1,screen reader users,#shopify-section-template--25230891221375__product > div:nth-child(2) > div:nth-child(4) > div:nth-child(1) > div > div:nth-child(1) > div > ul > div > div > li:nth-child(3),"This element's role is ""presentation"" but contains child elements with semantic meaning.","<li role=""presentation"" class=""thumb-carousel-cell w-13 border border-beige p-1.5 h-13 flex items-center justify-center is-selected"" style=""position: absolute; left: 0px; transform: translateX(136px);"
https://neomwellbeing.com/products/complete-bliss-standard-scented-candle,"WCAG2AA.Principle1.Guideline1_3.1_3_1.F92,ARIA4",Critical,AA,1.3.1,screen reader users,#shopify-section-template--25230891221375__product > div:nth-child(2) > div:nth-child(4) > div:nth-child(1) > div > div:nth-child(1) > div > ul > div > div > li:nth-child(4),"This element's role is ""presentation"" but contains child elements with semantic meaning.","<li role=""presentation"" class=""thumb-carousel-cell w-13 border border-beige p-1.5 h-13 flex items-center justify-center is-selected"" style=""position: absolute; left: 0px; transform: translateX(204px);"
https://neomwellbeing.com/products/perfect-night-sleep-luxury-scented-candle,WCAG2AA.Principle4.Guideline4_1.4_1_1.F77,Critical,AA,4.1.1,all assistive tech users,#mini-cart,"Duplicate id attribute value ""mini-cart"" found on the web page.","<form action=""/cart"" method=""post"" class=""flex flex-col h-full"" id=""mini-cart"">                               ...</form>"
https://neomwellbeing.com/products/perfect-night-sleep-luxury-scented-candle,WCAG2AA.Principle3.Guideline3_2.3_2_2.H32.2,Critical,AA,3.2.2,all users,#shopify-section-header > div:nth-child(1) > div:nth-child(1) > div:nth-child(3) > predictive-search > div:nth-child(1) > form,"This form does not contain a submit button, which creates issues for those who cannot submit the form using the keyboard. Submit buttons are INPUT elements with type attribute ""submit"" or ""image"", or BUTTON elements with type ""submit"" or omitted/invalid.","<form action=""/search"" method=""get"" role=""search"" class=""flex w-full items-center pb-2 border-b-[0.5px] border-beige lg:border-primary transition duration-300 ease-in-out focus:border-gold gap-3"">    "
https://neomwellbeing.com/products/perfect-night-sleep-luxury-scented-candle,WCAG2AA.Principle3.Guideline3_2.3_2_2.H32.2,Critical,AA,3.2.2,all users,html > body > div:nth-child(5) > div:nth-child(3) > predictive-search-mobile > div:nth-child(1) > form,"This form does not contain a submit button, which creates issues for those who cannot submit the form using the keyboard. Submit buttons are INPUT elements with type attribute ""submit"" or ""image"", or BUTTON elements with type ""submit"" or omitted/invalid.","<form action=""/search"" method=""get"" role=""search"" class=""flex w-full items-center pb-3 border-b-[0.5px] border-beige lg:border-primary transition duration-300 ease-in-out focus:border-gold gap-3"">    "
https://neomwellbeing.com/products/perfect-night-sleep-luxury-scented-candle,WCAG2AA.Principle4.Guideline4_1.4_1_1.F77,Critical,AA,4.1.1,all assistive tech users,#quantity,"Duplicate id attribute value ""quantity"" found on the web page.","<input type=""number"" id=""quantity"" class=""border-none !w-[54px] !h-9 p-0 text-black text-center text-sm input-quantity"" name=""quantity"" min=""1"" max=""151"" x-model=""productQuantity"">"
https://neomwellbeing.com/products/perfect-night-sleep-luxury-scented-candle,WCAG2AA.Principle4.Guideline4_1.4_1_2.H91.InputNumber.Name,Critical,AA,4.1.2,screen reader users,#quantity,"This numberinput element does not have a name available to an accessibility API. Valid names are: label element, title , aria-label , aria-labelledby .","<input type=""number"" id=""quantity"" class=""border-none !w-[54px] !h-9 p-0 text-black text-center text-sm input-quantity"" name=""quantity"" min=""1"" max=""151"" x-model=""productQuantity"">"
https://neomwellbeing.com/products/perfect-night-sleep-luxury-scented-candle,WCAG2AA.Principle4.Guideline4_1.4_1_1.F77,Critical,AA,4.1.1,all assistive tech users,#quantity,"Duplicate id attribute value ""quantity"" found on the web page.","<input type=""hidden"" id=""quantity"" name=""quantity"" value=""1"" min=""1"">"
https://neomwellbeing.com/products/perfect-night-sleep-luxury-scented-candle,WCAG2AA.Principle1.Guideline1_4.1_4_3.G18.Fail,Critical,AA,1.4.3,low-vision users,#yotpo-reviews-container > div > div:nth-child(1) > div:nth-child(1) > div:nth-child(1) > div > div > span,"This element has insufficient contrast at this conformance level. Expected a contrast ratio of at least 4.5:1, but text in this element has a contrast ratio of 2.22:1. Recommendation:  change text colour to #767676.","<span data-v-4c2f4803="""" class=""yotpo-reviewer-verified-buyer-text unselectable"" style=""margin-inline-start: 5px;"">Verified Reviewer</span>"
https://neomwellbeing.com/products/perfect-night-sleep-luxury-scented-candle,WCAG2AA.Principle1.Guideline1_4.1_4_3.G18.Fail,Critical,AA,1.4.3,low-vision users,#yotpo-reviews-container > div > div:nth-child(4) > div:nth-child(1) > div:nth-child(1) > div > div > span,"This element has insufficient contrast at this conformance level. Expected a contrast ratio of at least 4.5:1, but text in this element has a contrast ratio of 2.22:1. Recommendation:  change text colour to #767676.","<span data-v-4c2f4803="""" class=""yotpo-reviewer-verified-buyer-text unselectable"" style=""margin-inline-start: 5px;"">Verified Buyer</span>"
https://neomwellbeing.com/products/perfect-night-sleep-luxury-scented-candle,WCAG2AA.Principle1.Guideline1_4.1_4_3.G18.Fail,Critical,AA,1.4.3,low-vision users,#yotpo-reviews-container > div > div:nth-child(7) > div:nth-child(1) > div:nth-child(1) > div > div > span,"This element has insufficient contrast at this conformance level. Expected a contrast ratio of at least 4.5:1, but text in this element has a contrast ratio of 2.22:1. Recommendation:  change text colour to #767676.","<span data-v-4c2f4803="""" class=""yotpo-reviewer-verified-buyer-text unselectable"" style=""margin-inline-start: 5px;"">Verified Buyer</span>"
https://neomwellbeing.com/products/perfect-night-sleep-luxury-scented-candle,WCAG2AA.Principle1.Guideline1_1.1_1_1.H30.2,Critical,AA,1.1.1,screen reader users,#shopify-section-template--25230891221375__icons_with_text_aBteLN > div > div > ul > li:nth-child(1) > a,"Img element is the only content of the link, but is missing alt text. The alt text should describe the purpose of the link.","<a href=""https://neomwellbeing.com/blogs/wellbeing"" aria-label="""">                               ...</a>"
https://neomwellbeing.com/products/perfect-night-sleep-luxury-scented-candle,WCAG2AA.Principle1.Guideline1_1.1_1_1.H30.2,Critical,AA,1.1.1,screen reader users,#shopify-section-template--25230891221375__icons_with_text_aBteLN > div > div > ul > li:nth-child(2) > a,"Img element is the only content of the link, but is missing alt text. The alt text should describe the purpose of the link.","<a href=""https://neomwellbeing.com/pages/postage"" aria-label="""">                               ...</a>"
https://neomwellbeing.com/products/perfect-night-sleep-luxury-scented-candle,WCAG2AA.Principle1.Guideline1_1.1_1_1.H30.2,Critical,AA,1.1.1,screen reader users,#shopify-section-template--25230891221375__icons_with_text_aBteLN > div > div > ul > li:nth-child(3) > a,"Img element is the only content of the link, but is missing alt text. The alt text should describe the purpose of the link.","<a href=""https://neomwellbeing.com/pages/neom-points"" aria-label="""">                               ...</a>"
https://neomwellbeing.com/products/perfect-night-sleep-luxury-scented-candle,WCAG2AA.Principle1.Guideline1_1.1_1_1.H30.2,Critical,AA,1.1.1,screen reader users,#shopify-section-template--25230891221375__icons_with_text_aBteLN > div > div > ul > li:nth-child(4) > a,"Img element is the only content of the link, but is missing alt text. The alt text should describe the purpose of the link.","<a href=""https://neomwellbeing.com/pages/contact-us"" aria-label="""">                               ...</a>"
https://neomwellbeing.com/products/perfect-night-sleep-luxury-scented-candle,WCAG2AA.Principle2.Guideline2_4.2_4_1.H64.1,Critical,AA,2.4.1,sighted keyboard users,#csm-consentFrame,Iframe element requires a non-empty title attribute that identifies the frame.,"<iframe id=""csm-consentFrame"" src=""https://app.consentmo.com/users/updateCrossDomainConsentSharing"" style=""display: none;""></iframe>"
https://neomwellbeing.com/products/perfect-night-sleep-luxury-scented-candle,"WCAG2AA.Principle1.Guideline1_3.1_3_1.F92,ARIA4",Critical,AA,1.3.1,screen reader users,#shopify-section-template--25230891221375__product > div:nth-child(2) > div:nth-child(4) > div:nth-child(1) > div > div:nth-child(1) > div > ul > div > div > li:nth-child(1),"This element's role is ""presentation"" but contains child elements with semantic meaning.","<li role=""presentation"" class=""thumb-carousel-cell w-13 border border-beige p-1.5 h-13 flex items-center justify-center is-selected is-nav-selected"" style=""position: absolute; left: 0px; transform: tr"
https://neomwellbeing.com/products/perfect-night-sleep-luxury-scented-candle,"WCAG2AA.Principle1.Guideline1_3.1_3_1.F92,ARIA4",Critical,AA,1.3.1,screen reader users,#shopify-section-template--25230891221375__product > div:nth-child(2) > div:nth-child(4) > div:nth-child(1) > div > div:nth-child(1) > div > ul > div > div > li:nth-child(2),"This element's role is ""presentation"" but contains child elements with semantic meaning.","<li role=""presentation"" class=""thumb-carousel-cell w-13 border border-beige p-1.5 h-13 flex items-center justify-center is-selected"" style=""position: absolute; left: 0px; transform: translateX(68px);"""
https://neomwellbeing.com/products/perfect-night-sleep-luxury-scented-candle,"WCAG2AA.Principle1.Guideline1_3.1_3_1.F92,ARIA4",Critical,AA,1.3.1,screen reader users,#shopify-section-template--25230891221375__product > div:nth-child(2) > div:nth-child(4) > div:nth-child(1) > div > div:nth-child(1) > div > ul > div > div > li:nth-child(3),"This element's role is ""presentation"" but contains child elements with semantic meaning.","<li role=""presentation"" class=""thumb-carousel-cell w-13 border border-beige p-1.5 h-13 flex items-center justify-center is-selected"" style=""position: absolute; left: 0px; transform: translateX(136px);"
https://neomwellbeing.com/products/perfect-night-sleep-luxury-scented-candle,"WCAG2AA.Principle1.Guideline1_3.1_3_1.F92,ARIA4",Critical,AA,1.3.1,screen reader users,#shopify-section-template--25230891221375__product > div:nth-child(2) > div:nth-child(4) > div:nth-child(1) > div > div:nth-child(1) > div > ul > div > div > li:nth-child(4),"This element's role is ""presentation"" but contains child elements with semantic meaning.","<li role=""presentation"" class=""thumb-carousel-cell w-13 border border-beige p-1.5 h-13 flex items-center justify-center is-selected"" style=""position: absolute; left: 0px; transform: translateX(204px);"
https://neomwellbeing.com/products/perfect-night-sleep-luxury-scented-candle,"WCAG2AA.Principle1.Guideline1_3.1_3_1.F92,ARIA4",Critical,AA,1.3.1,screen reader users,#shopify-section-template--25230891221375__product > div:nth-child(2) > div:nth-child(4) > div:nth-child(1) > div > div:nth-child(1) > div > ul > div > div > li:nth-child(5),"This element's role is ""presentation"" but contains child elements with semantic meaning.","<li role=""presentation"" class=""thumb-carousel-cell w-13 border border-beige p-1.5 h-13 flex items-center justify-center is-selected"" style=""position: absolute; left: 0px; transform: translateX(272px);"
https://neomwellbeing.com/products/perfect-nights-sleep-standard-scented-candle,WCAG2AA.Principle4.Guideline4_1.4_1_1.F77,Critical,AA,4.1.1,all assistive tech users,#mini-cart,"Duplicate id attribute value ""mini-cart"" found on the web page.","<form action=""/cart"" method=""post"" class=""flex flex-col h-full"" id=""mini-cart"">                               ...</form>"
https://neomwellbeing.com/products/perfect-nights-sleep-standard-scented-candle,WCAG2AA.Principle3.Guideline3_2.3_2_2.H32.2,Critical,AA,3.2.2,all users,#shopify-section-header > div:nth-child(1) > div:nth-child(1) > div:nth-child(3) > predictive-search > div:nth-child(1) > form,"This form does not contain a submit button, which creates issues for those who cannot submit the form using the keyboard. Submit buttons are INPUT elements with type attribute ""submit"" or ""image"", or BUTTON elements with type ""submit"" or omitted/invalid.","<form action=""/search"" method=""get"" role=""search"" class=""flex w-full items-center pb-2 border-b-[0.5px] border-beige lg:border-primary transition duration-300 ease-in-out focus:border-gold gap-3"">    "
https://neomwellbeing.com/products/perfect-nights-sleep-standard-scented-candle,WCAG2AA.Principle3.Guideline3_2.3_2_2.H32.2,Critical,AA,3.2.2,all users,html > body > div:nth-child(5) > div:nth-child(3) > predictive-search-mobile > div:nth-child(1) > form,"This form does not contain a submit button, which creates issues for those who cannot submit the form using the keyboard. Submit buttons are INPUT elements with type attribute ""submit"" or ""image"", or BUTTON elements with type ""submit"" or omitted/invalid.","<form action=""/search"" method=""get"" role=""search"" class=""flex w-full items-center pb-3 border-b-[0.5px] border-beige lg:border-primary transition duration-300 ease-in-out focus:border-gold gap-3"">    "
https://neomwellbeing.com/products/perfect-nights-sleep-standard-scented-candle,WCAG2AA.Principle4.Guideline4_1.4_1_1.F77,Critical,AA,4.1.1,all assistive tech users,#quantity,"Duplicate id attribute value ""quantity"" found on the web page.","<input type=""number"" id=""quantity"" class=""border-none !w-[54px] !h-9 p-0 text-black text-center text-sm input-quantity"" name=""quantity"" min=""1"" max=""375"" x-model=""productQuantity"">"
https://neomwellbeing.com/products/perfect-nights-sleep-standard-scented-candle,WCAG2AA.Principle4.Guideline4_1.4_1_2.H91.InputNumber.Name,Critical,AA,4.1.2,screen reader users,#quantity,"This numberinput element does not have a name available to an accessibility API. Valid names are: label element, title , aria-label , aria-labelledby .","<input type=""number"" id=""quantity"" class=""border-none !w-[54px] !h-9 p-0 text-black text-center text-sm input-quantity"" name=""quantity"" min=""1"" max=""375"" x-model=""productQuantity"">"
https://neomwellbeing.com/products/perfect-nights-sleep-standard-scented-candle,WCAG2AA.Principle4.Guideline4_1.4_1_1.F77,Critical,AA,4.1.1,all assistive tech users,#quantity,"Duplicate id attribute value ""quantity"" found on the web page.","<input type=""hidden"" id=""quantity"" name=""quantity"" value=""1"" min=""1"">"
https://neomwellbeing.com/products/perfect-nights-sleep-standard-scented-candle,WCAG2AA.Principle1.Guideline1_4.1_4_3.G18.Fail,Critical,AA,1.4.3,low-vision users,#yotpo-reviews-container > div > div:nth-child(1) > div:nth-child(1) > div:nth-child(1) > div > div > span,"This element has insufficient contrast at this conformance level. Expected a contrast ratio of at least 4.5:1, but text in this element has a contrast ratio of 2.22:1. Recommendation:  change text colour to #767676.","<span data-v-4c2f4803="""" class=""yotpo-reviewer-verified-buyer-text unselectable"" style=""margin-inline-start: 5px;"">Verified Reviewer</span>"
https://neomwellbeing.com/products/perfect-nights-sleep-standard-scented-candle,WCAG2AA.Principle1.Guideline1_4.1_4_3.G18.Fail,Critical,AA,1.4.3,low-vision users,#yotpo-reviews-container > div > div:nth-child(4) > div:nth-child(1) > div:nth-child(1) > div > div > span,"This element has insufficient contrast at this conformance level. Expected a contrast ratio of at least 4.5:1, but text in this element has a contrast ratio of 2.22:1. Recommendation:  change text colour to #767676.","<span data-v-4c2f4803="""" class=""yotpo-reviewer-verified-buyer-text unselectable"" style=""margin-inline-start: 5px;"">Verified Buyer</span>"
https://neomwellbeing.com/products/perfect-nights-sleep-standard-scented-candle,WCAG2AA.Principle1.Guideline1_4.1_4_3.G18.Fail,Critical,AA,1.4.3,low-vision users,#yotpo-reviews-container > div > div:nth-child(7) > div:nth-child(1) > div:nth-child(1) > div > div > span,"This element has insufficient contrast at this conformance level. Expected a contrast ratio of at least 4.5:1, but text in this element has a contrast ratio of 2.22:1. Recommendation:  change text colour to #767676.","<span data-v-4c2f4803="""" class=""yotpo-reviewer-verified-buyer-text unselectable"" style=""margin-inline-start: 5px;"">Verified Buyer</span>"
https://neomwellbeing.com/products/perfect-nights-sleep-standard-scented-candle,WCAG2AA.Principle1.Guideline1_1.1_1_1.H30.2,Critical,AA,1.1.1,screen reader users,#shopify-section-template--25230891221375__icons_with_text_aBteLN > div > div > ul > li:nth-child(1) > a,"Img element is the only content of the link, but is missing alt text. The alt text should describe the purpose of the link.","<a href=""https://neomwellbeing.com/blogs/wellbeing"" aria-label="""">                               ...</a>"
https://neomwellbeing.com/products/perfect-nights-sleep-standard-scented-candle,WCAG2AA.Principle1.Guideline1_1.1_1_1.H30.2,Critical,AA,1.1.1,screen reader users,#shopify-section-template--25230891221375__icons_with_text_aBteLN > div > div > ul > li:nth-child(2) > a,"Img element is the only content of the link, but is missing alt text. The alt text should describe the purpose of the link.","<a href=""https://neomwellbeing.com/pages/postage"" aria-label="""">                               ...</a>"
https://neomwellbeing.com/products/perfect-nights-sleep-standard-scented-candle,WCAG2AA.Principle1.Guideline1_1.1_1_1.H30.2,Critical,AA,1.1.1,screen reader users,#shopify-section-template--25230891221375__icons_with_text_aBteLN > div > div > ul > li:nth-child(3) > a,"Img element is the only content of the link, but is missing alt text. The alt text should describe the purpose of the link.","<a href=""https://neomwellbeing.com/pages/neom-points"" aria-label="""">                               ...</a>"
https://neomwellbeing.com/products/perfect-nights-sleep-standard-scented-candle,WCAG2AA.Principle1.Guideline1_1.1_1_1.H30.2,Critical,AA,1.1.1,screen reader users,#shopify-section-template--25230891221375__icons_with_text_aBteLN > div > div > ul > li:nth-child(4) > a,"Img element is the only content of the link, but is missing alt text. The alt text should describe the purpose of the link.","<a href=""https://neomwellbeing.com/pages/contact-us"" aria-label="""">                               ...</a>"
https://neomwellbeing.com/products/perfect-nights-sleep-standard-scented-candle,WCAG2AA.Principle2.Guideline2_4.2_4_1.H64.1,Critical,AA,2.4.1,sighted keyboard users,#csm-consentFrame,Iframe element requires a non-empty title attribute that identifies the frame.,"<iframe id=""csm-consentFrame"" src=""https://app.consentmo.com/users/updateCrossDomainConsentSharing"" style=""display: none;""></iframe>"
https://neomwellbeing.com/products/perfect-nights-sleep-standard-scented-candle,"WCAG2AA.Principle1.Guideline1_3.1_3_1.F92,ARIA4",Critical,AA,1.3.1,screen reader users,#shopify-section-template--25230891221375__product > div:nth-child(2) > div:nth-child(4) > div:nth-child(1) > div > div:nth-child(1) > div > ul > div > div > li:nth-child(1),"This element's role is ""presentation"" but contains child elements with semantic meaning.","<li role=""presentation"" class=""thumb-carousel-cell w-13 border border-beige p-1.5 h-13 flex items-center justify-center is-selected is-nav-selected"" style=""position: absolute; left: 0px; transform: tr"
https://neomwellbeing.com/products/perfect-nights-sleep-standard-scented-candle,"WCAG2AA.Principle1.Guideline1_3.1_3_1.F92,ARIA4",Critical,AA,1.3.1,screen reader users,#shopify-section-template--25230891221375__product > div:nth-child(2) > div:nth-child(4) > div:nth-child(1) > div > div:nth-child(1) > div > ul > div > div > li:nth-child(2),"This element's role is ""presentation"" but contains child elements with semantic meaning.","<li role=""presentation"" class=""thumb-carousel-cell w-13 border border-beige p-1.5 h-13 flex items-center justify-center is-selected"" style=""position: absolute; left: 0px; transform: translateX(68px);"""
https://neomwellbeing.com/products/perfect-nights-sleep-standard-scented-candle,"WCAG2AA.Principle1.Guideline1_3.1_3_1.F92,ARIA4",Critical,AA,1.3.1,screen reader users,#shopify-section-template--25230891221375__product > div:nth-child(2) > div:nth-child(4) > div:nth-child(1) > div > div:nth-child(1) > div > ul > div > div > li:nth-child(3),"This element's role is ""presentation"" but contains child elements with semantic meaning.","<li role=""presentation"" class=""thumb-carousel-cell w-13 border border-beige p-1.5 h-13 flex items-center justify-center is-selected"" style=""position: absolute; left: 0px; transform: translateX(136px);"
https://neomwellbeing.com/products/perfect-nights-sleep-standard-scented-candle,"WCAG2AA.Principle1.Guideline1_3.1_3_1.F92,ARIA4",Critical,AA,1.3.1,screen reader users,#shopify-section-template--25230891221375__product > div:nth-child(2) > div:nth-child(4) > div:nth-child(1) > div > div:nth-child(1) > div > ul > div > div > li:nth-child(4),"This element's role is ""presentation"" but contains child elements with semantic meaning.","<li role=""presentation"" class=""thumb-carousel-cell w-13 border border-beige p-1.5 h-13 flex items-center justify-center is-selected"" style=""position: absolute; left: 0px; transform: translateX(204px);"
https://neomwellbeing.com/products/feel-refreshed-luxury-scented-candle,WCAG2AA.Principle4.Guideline4_1.4_1_1.F77,Critical,AA,4.1.1,all assistive tech users,#mini-cart,"Duplicate id attribute value ""mini-cart"" found on the web page.","<form action=""/cart"" method=""post"" class=""flex flex-col h-full"" id=""mini-cart"">                               ...</form>"
https://neomwellbeing.com/products/feel-refreshed-luxury-scented-candle,WCAG2AA.Principle3.Guideline3_2.3_2_2.H32.2,Critical,AA,3.2.2,all users,#shopify-section-header > div:nth-child(1) > div:nth-child(1) > div:nth-child(3) > predictive-search > div:nth-child(1) > form,"This form does not contain a submit button, which creates issues for those who cannot submit the form using the keyboard. Submit buttons are INPUT elements with type attribute ""submit"" or ""image"", or BUTTON elements with type ""submit"" or omitted/invalid.","<form action=""/search"" method=""get"" role=""search"" class=""flex w-full items-center pb-2 border-b-[0.5px] border-beige lg:border-primary transition duration-300 ease-in-out focus:border-gold gap-3"">    "
https://neomwellbeing.com/products/feel-refreshed-luxury-scented-candle,WCAG2AA.Principle3.Guideline3_2.3_2_2.H32.2,Critical,AA,3.2.2,all users,html > body > div:nth-child(5) > div:nth-child(3) > predictive-search-mobile > div:nth-child(1) > form,"This form does not contain a submit button, which creates issues for those who cannot submit the form using the keyboard. Submit buttons are INPUT elements with type attribute ""submit"" or ""image"", or BUTTON elements with type ""submit"" or omitted/invalid.","<form action=""/search"" method=""get"" role=""search"" class=""flex w-full items-center pb-3 border-b-[0.5px] border-beige lg:border-primary transition duration-300 ease-in-out focus:border-gold gap-3"">    "
https://neomwellbeing.com/products/feel-refreshed-luxury-scented-candle,WCAG2AA.Principle4.Guideline4_1.4_1_1.F77,Critical,AA,4.1.1,all assistive tech users,#quantity,"Duplicate id attribute value ""quantity"" found on the web page.","<input type=""number"" id=""quantity"" class=""border-none !w-[54px] !h-9 p-0 text-black text-center text-sm input-quantity"" name=""quantity"" min=""1"" max=""70"" x-model=""productQuantity"">"
https://neomwellbeing.com/products/feel-refreshed-luxury-scented-candle,WCAG2AA.Principle4.Guideline4_1.4_1_2.H91.InputNumber.Name,Critical,AA,4.1.2,screen reader users,#quantity,"This numberinput element does not have a name available to an accessibility API. Valid names are: label element, title , aria-label , aria-labelledby .","<input type=""number"" id=""quantity"" class=""border-none !w-[54px] !h-9 p-0 text-black text-center text-sm input-quantity"" name=""quantity"" min=""1"" max=""70"" x-model=""productQuantity"">"
https://neomwellbeing.com/products/feel-refreshed-luxury-scented-candle,WCAG2AA.Principle4.Guideline4_1.4_1_1.F77,Critical,AA,4.1.1,all assistive tech users,#quantity,"Duplicate id attribute value ""quantity"" found on the web page.","<input type=""hidden"" id=""quantity"" name=""quantity"" value=""1"" min=""1"">"
https://neomwellbeing.com/products/feel-refreshed-luxury-scented-candle,WCAG2AA.Principle1.Guideline1_4.1_4_3.G18.Fail,Critical,AA,1.4.3,low-vision users,#yotpo-reviews-container > div > div:nth-child(1) > div:nth-child(1) > div:nth-child(1) > div > div > span,"This element has insufficient contrast at this conformance level. Expected a contrast ratio of at least 4.5:1, but text in this element has a contrast ratio of 2.22:1. Recommendation:  change text colour to #767676.","<span data-v-4c2f4803="""" class=""yotpo-reviewer-verified-buyer-text unselectable"" style=""margin-inline-start: 5px;"">Verified Buyer</span>"
https://neomwellbeing.com/products/feel-refreshed-luxury-scented-candle,WCAG2AA.Principle1.Guideline1_4.1_4_3.G18.Fail,Critical,AA,1.4.3,low-vision users,#yotpo-reviews-container > div > div:nth-child(4) > div:nth-child(1) > div:nth-child(1) > div > div > span,"This element has insufficient contrast at this conformance level. Expected a contrast ratio of at least 4.5:1, but text in this element has a contrast ratio of 2.22:1. Recommendation:  change text colour to #767676.","<span data-v-4c2f4803="""" class=""yotpo-reviewer-verified-buyer-text unselectable"" style=""margin-inline-start: 5px;"">Verified Buyer</span>"
https://neomwellbeing.com/products/feel-refreshed-luxury-scented-candle,WCAG2AA.Principle1.Guideline1_4.1_4_3.G18.Fail,Critical,AA,1.4.3,low-vision users,#yotpo-reviews-container > div > div:nth-child(7) > div:nth-child(1) > div:nth-child(1) > div > div > span,"This element has insufficient contrast at this conformance level. Expected a contrast ratio of at least 4.5:1, but text in this element has a contrast ratio of 2.22:1. Recommendation:  change text colour to #767676.","<span data-v-4c2f4803="""" class=""yotpo-reviewer-verified-buyer-text unselectable"" style=""margin-inline-start: 5px;"">Verified Buyer</span>"
https://neomwellbeing.com/products/feel-refreshed-luxury-scented-candle,WCAG2AA.Principle1.Guideline1_1.1_1_1.H30.2,Critical,AA,1.1.1,screen reader users,#shopify-section-template--25230891221375__icons_with_text_aBteLN > div > div > ul > li:nth-child(1) > a,"Img element is the only content of the link, but is missing alt text. The alt text should describe the purpose of the link.","<a href=""https://neomwellbeing.com/blogs/wellbeing"" aria-label="""">                               ...</a>"
https://neomwellbeing.com/products/feel-refreshed-luxury-scented-candle,WCAG2AA.Principle1.Guideline1_1.1_1_1.H30.2,Critical,AA,1.1.1,screen reader users,#shopify-section-template--25230891221375__icons_with_text_aBteLN > div > div > ul > li:nth-child(2) > a,"Img element is the only content of the link, but is missing alt text. The alt text should describe the purpose of the link.","<a href=""https://neomwellbeing.com/pages/postage"" aria-label="""">                               ...</a>"
https://neomwellbeing.com/products/feel-refreshed-luxury-scented-candle,WCAG2AA.Principle1.Guideline1_1.1_1_1.H30.2,Critical,AA,1.1.1,screen reader users,#shopify-section-template--25230891221375__icons_with_text_aBteLN > div > div > ul > li:nth-child(3) > a,"Img element is the only content of the link, but is missing alt text. The alt text should describe the purpose of the link.","<a href=""https://neomwellbeing.com/pages/neom-points"" aria-label="""">                               ...</a>"
https://neomwellbeing.com/products/feel-refreshed-luxury-scented-candle,WCAG2AA.Principle1.Guideline1_1.1_1_1.H30.2,Critical,AA,1.1.1,screen reader users,#shopify-section-template--25230891221375__icons_with_text_aBteLN > div > div > ul > li:nth-child(4) > a,"Img element is the only content of the link, but is missing alt text. The alt text should describe the purpose of the link.","<a href=""https://neomwellbeing.com/pages/contact-us"" aria-label="""">                               ...</a>"
https://neomwellbeing.com/products/feel-refreshed-luxury-scented-candle,WCAG2AA.Principle2.Guideline2_4.2_4_1.H64.1,Critical,AA,2.4.1,sighted keyboard users,#csm-consentFrame,Iframe element requires a non-empty title attribute that identifies the frame.,"<iframe id=""csm-consentFrame"" src=""https://app.consentmo.com/users/updateCrossDomainConsentSharing"" style=""display: none;""></iframe>"
https://neomwellbeing.com/products/feel-refreshed-luxury-scented-candle,"WCAG2AA.Principle1.Guideline1_3.1_3_1.F92,ARIA4",Critical,AA,1.3.1,screen reader users,#shopify-section-template--25230891221375__product > div:nth-child(2) > div:nth-child(4) > div:nth-child(1) > div > div:nth-child(1) > div > ul > div > div > li:nth-child(1),"This element's role is ""presentation"" but contains child elements with semantic meaning.","<li role=""presentation"" class=""thumb-carousel-cell w-13 border border-beige p-1.5 h-13 flex items-center justify-center is-selected is-nav-selected"" style=""position: absolute; left: 0px; transform: tr"
https://neomwellbeing.com/products/feel-refreshed-luxury-scented-candle,"WCAG2AA.Principle1.Guideline1_3.1_3_1.F92,ARIA4",Critical,AA,1.3.1,screen reader users,#shopify-section-template--25230891221375__product > div:nth-child(2) > div:nth-child(4) > div:nth-child(1) > div > div:nth-child(1) > div > ul > div > div > li:nth-child(2),"This element's role is ""presentation"" but contains child elements with semantic meaning.","<li role=""presentation"" class=""thumb-carousel-cell w-13 border border-beige p-1.5 h-13 flex items-center justify-center is-selected"" style=""position: absolute; left: 0px; transform: translateX(68px);"""
https://neomwellbeing.com/products/feel-refreshed-luxury-scented-candle,"WCAG2AA.Principle1.Guideline1_3.1_3_1.F92,ARIA4",Critical,AA,1.3.1,screen reader users,#shopify-section-template--25230891221375__product > div:nth-child(2) > div:nth-child(4) > div:nth-child(1) > div > div:nth-child(1) > div > ul > div > div > li:nth-child(3),"This element's role is ""presentation"" but contains child elements with semantic meaning.","<li role=""presentation"" class=""thumb-carousel-cell w-13 border border-beige p-1.5 h-13 flex items-center justify-center is-selected"" style=""position: absolute; left: 0px; transform: translateX(136px);"
https://neomwellbeing.com/products/feel-refreshed-luxury-scented-candle,"WCAG2AA.Principle1.Guideline1_3.1_3_1.F92,ARIA4",Critical,AA,1.3.1,screen reader users,#shopify-section-template--25230891221375__product > div:nth-child(2) > div:nth-child(4) > div:nth-child(1) > div > div:nth-child(1) > div > ul > div > div > li:nth-child(4),"This element's role is ""presentation"" but contains child elements with semantic meaning.","<li role=""presentation"" class=""thumb-carousel-cell w-13 border border-beige p-1.5 h-13 flex items-center justify-center is-selected"" style=""position: absolute; left: 0px; transform: translateX(204px);"
https://neomwellbeing.com/products/feel-refreshed-luxury-scented-candle,"WCAG2AA.Principle1.Guideline1_3.1_3_1.F92,ARIA4",Critical,AA,1.3.1,screen reader users,#shopify-section-template--25230891221375__product > div:nth-child(2) > div:nth-child(4) > div:nth-child(1) > div > div:nth-child(1) > div > ul > div > div > li:nth-child(5),"This element's role is ""presentation"" but contains child elements with semantic meaning.","<li role=""presentation"" class=""thumb-carousel-cell w-13 border border-beige p-1.5 h-13 flex items-center justify-center is-selected"" style=""position: absolute; left: 0px; transform: translateX(272px);"
https://neomwellbeing.com/products/real-luxury-standard-scented-candle,WCAG2AA.Principle4.Guideline4_1.4_1_1.F77,Critical,AA,4.1.1,all assistive tech users,#mini-cart,"Duplicate id attribute value ""mini-cart"" found on the web page.","<form action=""/cart"" method=""post"" class=""flex flex-col h-full"" id=""mini-cart"">                               ...</form>"
https://neomwellbeing.com/products/real-luxury-standard-scented-candle,WCAG2AA.Principle3.Guideline3_2.3_2_2.H32.2,Critical,AA,3.2.2,all users,#shopify-section-header > div:nth-child(1) > div:nth-child(1) > div:nth-child(3) > predictive-search > div:nth-child(1) > form,"This form does not contain a submit button, which creates issues for those who cannot submit the form using the keyboard. Submit buttons are INPUT elements with type attribute ""submit"" or ""image"", or BUTTON elements with type ""submit"" or omitted/invalid.","<form action=""/search"" method=""get"" role=""search"" class=""flex w-full items-center pb-2 border-b-[0.5px] border-beige lg:border-primary transition duration-300 ease-in-out focus:border-gold gap-3"">    "
https://neomwellbeing.com/products/real-luxury-standard-scented-candle,WCAG2AA.Principle3.Guideline3_2.3_2_2.H32.2,Critical,AA,3.2.2,all users,html > body > div:nth-child(5) > div:nth-child(3) > predictive-search-mobile > div:nth-child(1) > form,"This form does not contain a submit button, which creates issues for those who cannot submit the form using the keyboard. Submit buttons are INPUT elements with type attribute ""submit"" or ""image"", or BUTTON elements with type ""submit"" or omitted/invalid.","<form action=""/search"" method=""get"" role=""search"" class=""flex w-full items-center pb-3 border-b-[0.5px] border-beige lg:border-primary transition duration-300 ease-in-out focus:border-gold gap-3"">    "
https://neomwellbeing.com/products/real-luxury-standard-scented-candle,WCAG2AA.Principle4.Guideline4_1.4_1_1.F77,Critical,AA,4.1.1,all assistive tech users,#quantity,"Duplicate id attribute value ""quantity"" found on the web page.","<input type=""number"" id=""quantity"" class=""border-none !w-[54px] !h-9 p-0 text-black text-center text-sm input-quantity"" name=""quantity"" min=""1"" max=""902"" x-model=""productQuantity"">"
https://neomwellbeing.com/products/real-luxury-standard-scented-candle,WCAG2AA.Principle4.Guideline4_1.4_1_2.H91.InputNumber.Name,Critical,AA,4.1.2,screen reader users,#quantity,"This numberinput element does not have a name available to an accessibility API. Valid names are: label element, title , aria-label , aria-labelledby .","<input type=""number"" id=""quantity"" class=""border-none !w-[54px] !h-9 p-0 text-black text-center text-sm input-quantity"" name=""quantity"" min=""1"" max=""902"" x-model=""productQuantity"">"
https://neomwellbeing.com/products/real-luxury-standard-scented-candle,WCAG2AA.Principle4.Guideline4_1.4_1_1.F77,Critical,AA,4.1.1,all assistive tech users,#quantity,"Duplicate id attribute value ""quantity"" found on the web page.","<input type=""hidden"" id=""quantity"" name=""quantity"" value=""1"" min=""1"">"
https://neomwellbeing.com/products/real-luxury-standard-scented-candle,WCAG2AA.Principle1.Guideline1_4.1_4_3.G18.Fail,Critical,AA,1.4.3,low-vision users,#yotpo-reviews-container > div > div:nth-child(1) > div:nth-child(1) > div:nth-child(1) > div > div > span,"This element has insufficient contrast at this conformance level. Expected a contrast ratio of at least 4.5:1, but text in this element has a contrast ratio of 2.22:1. Recommendation:  change text colour to #767676.","<span data-v-4c2f4803="""" class=""yotpo-reviewer-verified-buyer-text unselectable"" style=""margin-inline-start: 5px;"">Verified Buyer</span>"
https://neomwellbeing.com/products/real-luxury-standard-scented-candle,WCAG2AA.Principle1.Guideline1_4.1_4_3.G18.Fail,Critical,AA,1.4.3,low-vision users,#yotpo-reviews-container > div > div:nth-child(4) > div:nth-child(1) > div:nth-child(1) > div > div > span,"This element has insufficient contrast at this conformance level. Expected a contrast ratio of at least 4.5:1, but text in this element has a contrast ratio of 2.22:1. Recommendation:  change text colour to #767676.","<span data-v-4c2f4803="""" class=""yotpo-reviewer-verified-buyer-text unselectable"" style=""margin-inline-start: 5px;"">Verified Buyer</span>"
https://neomwellbeing.com/products/real-luxury-standard-scented-candle,WCAG2AA.Principle1.Guideline1_4.1_4_3.G18.Fail,Critical,AA,1.4.3,low-vision users,#yotpo-reviews-container > div > div:nth-child(7) > div:nth-child(1) > div:nth-child(1) > div > div > span,"This element has insufficient contrast at this conformance level. Expected a contrast ratio of at least 4.5:1, but text in this element has a contrast ratio of 2.22:1. Recommendation:  change text colour to #767676.","<span data-v-4c2f4803="""" class=""yotpo-reviewer-verified-buyer-text unselectable"" style=""margin-inline-start: 5px;"">Verified Buyer</span>"
https://neomwellbeing.com/products/real-luxury-standard-scented-candle,WCAG2AA.Principle1.Guideline1_1.1_1_1.H30.2,Critical,AA,1.1.1,screen reader users,#shopify-section-template--25230891221375__icons_with_text_aBteLN > div > div > ul > li:nth-child(1) > a,"Img element is the only content of the link, but is missing alt text. The alt text should describe the purpose of the link.","<a href=""https://neomwellbeing.com/blogs/wellbeing"" aria-label="""">                               ...</a>"
https://neomwellbeing.com/products/real-luxury-standard-scented-candle,WCAG2AA.Principle1.Guideline1_1.1_1_1.H30.2,Critical,AA,1.1.1,screen reader users,#shopify-section-template--25230891221375__icons_with_text_aBteLN > div > div > ul > li:nth-child(2) > a,"Img element is the only content of the link, but is missing alt text. The alt text should describe the purpose of the link.","<a href=""https://neomwellbeing.com/pages/postage"" aria-label="""">                               ...</a>"
https://neomwellbeing.com/products/real-luxury-standard-scented-candle,WCAG2AA.Principle1.Guideline1_1.1_1_1.H30.2,Critical,AA,1.1.1,screen reader users,#shopify-section-template--25230891221375__icons_with_text_aBteLN > div > div > ul > li:nth-child(3) > a,"Img element is the only content of the link, but is missing alt text. The alt text should describe the purpose of the link.","<a href=""https://neomwellbeing.com/pages/neom-points"" aria-label="""">                               ...</a>"
https://neomwellbeing.com/products/real-luxury-standard-scented-candle,WCAG2AA.Principle1.Guideline1_1.1_1_1.H30.2,Critical,AA,1.1.1,screen reader users,#shopify-section-template--25230891221375__icons_with_text_aBteLN > div > div > ul > li:nth-child(4) > a,"Img element is the only content of the link, but is missing alt text. The alt text should describe the purpose of the link.","<a href=""https://neomwellbeing.com/pages/contact-us"" aria-label="""">                               ...</a>"
https://neomwellbeing.com/products/real-luxury-standard-scented-candle,WCAG2AA.Principle2.Guideline2_4.2_4_1.H64.1,Critical,AA,2.4.1,sighted keyboard users,#csm-consentFrame,Iframe element requires a non-empty title attribute that identifies the frame.,"<iframe id=""csm-consentFrame"" src=""https://app.consentmo.com/users/updateCrossDomainConsentSharing"" style=""display: none;""></iframe>"
https://neomwellbeing.com/products/real-luxury-standard-scented-candle,"WCAG2AA.Principle1.Guideline1_3.1_3_1.F92,ARIA4",Critical,AA,1.3.1,screen reader users,#shopify-section-template--25230891221375__product > div:nth-child(2) > div:nth-child(4) > div:nth-child(1) > div > div:nth-child(1) > div > ul > div > div > li:nth-child(1),"This element's role is ""presentation"" but contains child elements with semantic meaning.","<li role=""presentation"" class=""thumb-carousel-cell w-13 border border-beige p-1.5 h-13 flex items-center justify-center is-selected is-nav-selected"" style=""position: absolute; left: 0px; transform: tr"
https://neomwellbeing.com/products/real-luxury-standard-scented-candle,"WCAG2AA.Principle1.Guideline1_3.1_3_1.F92,ARIA4",Critical,AA,1.3.1,screen reader users,#shopify-section-template--25230891221375__product > div:nth-child(2) > div:nth-child(4) > div:nth-child(1) > div > div:nth-child(1) > div > ul > div > div > li:nth-child(2),"This element's role is ""presentation"" but contains child elements with semantic meaning.","<li role=""presentation"" class=""thumb-carousel-cell w-13 border border-beige p-1.5 h-13 flex items-center justify-center is-selected"" style=""position: absolute; left: 0px; transform: translateX(68px);"""
https://neomwellbeing.com/products/real-luxury-standard-scented-candle,"WCAG2AA.Principle1.Guideline1_3.1_3_1.F92,ARIA4",Critical,AA,1.3.1,screen reader users,#shopify-section-template--25230891221375__product > div:nth-child(2) > div:nth-child(4) > div:nth-child(1) > div > div:nth-child(1) > div > ul > div > div > li:nth-child(3),"This element's role is ""presentation"" but contains child elements with semantic meaning.","<li role=""presentation"" class=""thumb-carousel-cell w-13 border border-beige p-1.5 h-13 flex items-center justify-center is-selected"" style=""position: absolute; left: 0px; transform: translateX(136px);"
https://neomwellbeing.com/products/real-luxury-standard-scented-candle,"WCAG2AA.Principle1.Guideline1_3.1_3_1.F92,ARIA4",Critical,AA,1.3.1,screen reader users,#shopify-section-template--25230891221375__product > div:nth-child(2) > div:nth-child(4) > div:nth-child(1) > div > div:nth-child(1) > div > ul > div > div > li:nth-child(4),"This element's role is ""presentation"" but contains child elements with semantic meaning.","<li role=""presentation"" class=""thumb-carousel-cell w-13 border border-beige p-1.5 h-13 flex items-center justify-center is-selected"" style=""position: absolute; left: 0px; transform: translateX(204px);"
https://neomwellbeing.com/products/real-luxury-standard-scented-candle,"WCAG2AA.Principle1.Guideline1_3.1_3_1.F92,ARIA4",Critical,AA,1.3.1,screen reader users,#shopify-section-template--25230891221375__product > div:nth-child(2) > div:nth-child(4) > div:nth-child(1) > div > div:nth-child(1) > div > ul > div > div > li:nth-child(5),"This element's role is ""presentation"" but contains child elements with semantic meaning.","<li role=""presentation"" class=""thumb-carousel-cell w-13 border border-beige p-1.5 h-13 flex items-center justify-center is-selected"" style=""position: absolute; left: 0px; transform: translateX(272px);"
https://neomwellbeing.com/products/feel-refreshed-standard-scented-candle,WCAG2AA.Principle4.Guideline4_1.4_1_1.F77,Critical,AA,4.1.1,all assistive tech users,#mini-cart,"Duplicate id attribute value ""mini-cart"" found on the web page.","<form action=""/cart"" method=""post"" class=""flex flex-col h-full"" id=""mini-cart"">                               ...</form>"
https://neomwellbeing.com/products/feel-refreshed-standard-scented-candle,WCAG2AA.Principle3.Guideline3_2.3_2_2.H32.2,Critical,AA,3.2.2,all users,#shopify-section-header > div:nth-child(1) > div:nth-child(1) > div:nth-child(3) > predictive-search > div:nth-child(1) > form,"This form does not contain a submit button, which creates issues for those who cannot submit the form using the keyboard. Submit buttons are INPUT elements with type attribute ""submit"" or ""image"", or BUTTON elements with type ""submit"" or omitted/invalid.","<form action=""/search"" method=""get"" role=""search"" class=""flex w-full items-center pb-2 border-b-[0.5px] border-beige lg:border-primary transition duration-300 ease-in-out focus:border-gold gap-3"">    "
https://neomwellbeing.com/products/feel-refreshed-standard-scented-candle,WCAG2AA.Principle3.Guideline3_2.3_2_2.H32.2,Critical,AA,3.2.2,all users,html > body > div:nth-child(5) > div:nth-child(3) > predictive-search-mobile > div:nth-child(1) > form,"This form does not contain a submit button, which creates issues for those who cannot submit the form using the keyboard. Submit buttons are INPUT elements with type attribute ""submit"" or ""image"", or BUTTON elements with type ""submit"" or omitted/invalid.","<form action=""/search"" method=""get"" role=""search"" class=""flex w-full items-center pb-3 border-b-[0.5px] border-beige lg:border-primary transition duration-300 ease-in-out focus:border-gold gap-3"">    "
https://neomwellbeing.com/products/feel-refreshed-standard-scented-candle,WCAG2AA.Principle4.Guideline4_1.4_1_1.F77,Critical,AA,4.1.1,all assistive tech users,#quantity,"Duplicate id attribute value ""quantity"" found on the web page.","<input type=""number"" id=""quantity"" class=""border-none !w-[54px] !h-9 p-0 text-black text-center text-sm input-quantity"" name=""quantity"" min=""1"" max=""55"" x-model=""productQuantity"">"
https://neomwellbeing.com/products/feel-refreshed-standard-scented-candle,WCAG2AA.Principle4.Guideline4_1.4_1_2.H91.InputNumber.Name,Critical,AA,4.1.2,screen reader users,#quantity,"This numberinput element does not have a name available to an accessibility API. Valid names are: label element, title , aria-label , aria-labelledby .","<input type=""number"" id=""quantity"" class=""border-none !w-[54px] !h-9 p-0 text-black text-center text-sm input-quantity"" name=""quantity"" min=""1"" max=""55"" x-model=""productQuantity"">"
https://neomwellbeing.com/products/feel-refreshed-standard-scented-candle,WCAG2AA.Principle4.Guideline4_1.4_1_1.F77,Critical,AA,4.1.1,all assistive tech users,#quantity,"Duplicate id attribute value ""quantity"" found on the web page.","<input type=""hidden"" id=""quantity"" name=""quantity"" value=""1"" min=""1"">"
https://neomwellbeing.com/products/feel-refreshed-standard-scented-candle,WCAG2AA.Principle1.Guideline1_4.1_4_3.G18.Fail,Critical,AA,1.4.3,low-vision users,#yotpo-reviews-container > div > div:nth-child(1) > div:nth-child(1) > div:nth-child(1) > div > div > span,"This element has insufficient contrast at this conformance level. Expected a contrast ratio of at least 4.5:1, but text in this element has a contrast ratio of 2.22:1. Recommendation:  change text colour to #767676.","<span data-v-4c2f4803="""" class=""yotpo-reviewer-verified-buyer-text unselectable"" style=""margin-inline-start: 5px;"">Verified Buyer</span>"
https://neomwellbeing.com/products/feel-refreshed-standard-scented-candle,WCAG2AA.Principle1.Guideline1_4.1_4_3.G18.Fail,Critical,AA,1.4.3,low-vision users,#yotpo-reviews-container > div > div:nth-child(4) > div:nth-child(1) > div:nth-child(1) > div > div > span,"This element has insufficient contrast at this conformance level. Expected a contrast ratio of at least 4.5:1, but text in this element has a contrast ratio of 2.22:1. Recommendation:  change text colour to #767676.","<span data-v-4c2f4803="""" class=""yotpo-reviewer-verified-buyer-text unselectable"" style=""margin-inline-start: 5px;"">Verified Buyer</span>"
https://neomwellbeing.com/products/feel-refreshed-standard-scented-candle,WCAG2AA.Principle1.Guideline1_4.1_4_3.G18.Fail,Critical,AA,1.4.3,low-vision users,#yotpo-reviews-container > div > div:nth-child(7) > div:nth-child(1) > div:nth-child(1) > div > div > span,"This element has insufficient contrast at this conformance level. Expected a contrast ratio of at least 4.5:1, but text in this element has a contrast ratio of 2.22:1. Recommendation:  change text colour to #767676.","<span data-v-4c2f4803="""" class=""yotpo-reviewer-verified-buyer-text unselectable"" style=""margin-inline-start: 5px;"">Verified Buyer</span>"
https://neomwellbeing.com/products/feel-refreshed-standard-scented-candle,WCAG2AA.Principle1.Guideline1_1.1_1_1.H30.2,Critical,AA,1.1.1,screen reader users,#shopify-section-template--25230891221375__icons_with_text_aBteLN > div > div > ul > li:nth-child(1) > a,"Img element is the only content of the link, but is missing alt text. The alt text should describe the purpose of the link.","<a href=""https://neomwellbeing.com/blogs/wellbeing"" aria-label="""">                               ...</a>"
https://neomwellbeing.com/products/feel-refreshed-standard-scented-candle,WCAG2AA.Principle1.Guideline1_1.1_1_1.H30.2,Critical,AA,1.1.1,screen reader users,#shopify-section-template--25230891221375__icons_with_text_aBteLN > div > div > ul > li:nth-child(2) > a,"Img element is the only content of the link, but is missing alt text. The alt text should describe the purpose of the link.","<a href=""https://neomwellbeing.com/pages/postage"" aria-label="""">                               ...</a>"
https://neomwellbeing.com/products/feel-refreshed-standard-scented-candle,WCAG2AA.Principle1.Guideline1_1.1_1_1.H30.2,Critical,AA,1.1.1,screen reader users,#shopify-section-template--25230891221375__icons_with_text_aBteLN > div > div > ul > li:nth-child(3) > a,"Img element is the only content of the link, but is missing alt text. The alt text should describe the purpose of the link.","<a href=""https://neomwellbeing.com/pages/neom-points"" aria-label="""">                               ...</a>"
https://neomwellbeing.com/products/feel-refreshed-standard-scented-candle,WCAG2AA.Principle1.Guideline1_1.1_1_1.H30.2,Critical,AA,1.1.1,screen reader users,#shopify-section-template--25230891221375__icons_with_text_aBteLN > div > div > ul > li:nth-child(4) > a,"Img element is the only content of the link, but is missing alt text. The alt text should describe the purpose of the link.","<a href=""https://neomwellbeing.com/pages/contact-us"" aria-label="""">                               ...</a>"
https://neomwellbeing.com/products/feel-refreshed-standard-scented-candle,WCAG2AA.Principle2.Guideline2_4.2_4_1.H64.1,Critical,AA,2.4.1,sighted keyboard users,#csm-consentFrame,Iframe element requires a non-empty title attribute that identifies the frame.,"<iframe id=""csm-consentFrame"" src=""https://app.consentmo.com/users/updateCrossDomainConsentSharing"" style=""display: none;""></iframe>"
https://neomwellbeing.com/products/feel-refreshed-standard-scented-candle,"WCAG2AA.Principle1.Guideline1_3.1_3_1.F92,ARIA4",Critical,AA,1.3.1,screen reader users,#shopify-section-template--25230891221375__product > div:nth-child(2) > div:nth-child(4) > div:nth-child(1) > div > div:nth-child(1) > div > ul > div > div > li:nth-child(1),"This element's role is ""presentation"" but contains child elements with semantic meaning.","<li role=""presentation"" class=""thumb-carousel-cell w-13 border border-beige p-1.5 h-13 flex items-center justify-center is-selected is-nav-selected"" style=""position: absolute; left: 0px; transform: tr"
https://neomwellbeing.com/products/feel-refreshed-standard-scented-candle,"WCAG2AA.Principle1.Guideline1_3.1_3_1.F92,ARIA4",Critical,AA,1.3.1,screen reader users,#shopify-section-template--25230891221375__product > div:nth-child(2) > div:nth-child(4) > div:nth-child(1) > div > div:nth-child(1) > div > ul > div > div > li:nth-child(2),"This element's role is ""presentation"" but contains child elements with semantic meaning.","<li role=""presentation"" class=""thumb-carousel-cell w-13 border border-beige p-1.5 h-13 flex items-center justify-center is-selected"" style=""position: absolute; left: 0px; transform: translateX(68px);"""
https://neomwellbeing.com/products/feel-refreshed-standard-scented-candle,"WCAG2AA.Principle1.Guideline1_3.1_3_1.F92,ARIA4",Critical,AA,1.3.1,screen reader users,#shopify-section-template--25230891221375__product > div:nth-child(2) > div:nth-child(4) > div:nth-child(1) > div > div:nth-child(1) > div > ul > div > div > li:nth-child(3),"This element's role is ""presentation"" but contains child elements with semantic meaning.","<li role=""presentation"" class=""thumb-carousel-cell w-13 border border-beige p-1.5 h-13 flex items-center justify-center is-selected"" style=""position: absolute; left: 0px; transform: translateX(136px);"
https://neomwellbeing.com/products/feel-refreshed-standard-scented-candle,"WCAG2AA.Principle1.Guideline1_3.1_3_1.F92,ARIA4",Critical,AA,1.3.1,screen reader users,#shopify-section-template--25230891221375__product > div:nth-child(2) > div:nth-child(4) > div:nth-child(1) > div > div:nth-child(1) > div > ul > div > div > li:nth-child(4),"This element's role is ""presentation"" but contains child elements with semantic meaning.","<li role=""presentation"" class=""thumb-carousel-cell w-13 border border-beige p-1.5 h-13 flex items-center justify-center is-selected"" style=""position: absolute; left: 0px; transform: translateX(204px);"
https://neomwellbeing.com/products/happiness-standard-scented-candle,WCAG2AA.Principle4.Guideline4_1.4_1_1.F77,Critical,AA,4.1.1,all assistive tech users,#mini-cart,"Duplicate id attribute value ""mini-cart"" found on the web page.","<form action=""/cart"" method=""post"" class=""flex flex-col h-full"" id=""mini-cart"">                               ...</form>"
https://neomwellbeing.com/products/happiness-standard-scented-candle,WCAG2AA.Principle3.Guideline3_2.3_2_2.H32.2,Critical,AA,3.2.2,all users,#shopify-section-header > div:nth-child(1) > div:nth-child(1) > div:nth-child(3) > predictive-search > div:nth-child(1) > form,"This form does not contain a submit button, which creates issues for those who cannot submit the form using the keyboard. Submit buttons are INPUT elements with type attribute ""submit"" or ""image"", or BUTTON elements with type ""submit"" or omitted/invalid.","<form action=""/search"" method=""get"" role=""search"" class=""flex w-full items-center pb-2 border-b-[0.5px] border-beige lg:border-primary transition duration-300 ease-in-out focus:border-gold gap-3"">    "
https://neomwellbeing.com/products/happiness-standard-scented-candle,WCAG2AA.Principle3.Guideline3_2.3_2_2.H32.2,Critical,AA,3.2.2,all users,html > body > div:nth-child(5) > div:nth-child(3) > predictive-search-mobile > div:nth-child(1) > form,"This form does not contain a submit button, which creates issues for those who cannot submit the form using the keyboard. Submit buttons are INPUT elements with type attribute ""submit"" or ""image"", or BUTTON elements with type ""submit"" or omitted/invalid.","<form action=""/search"" method=""get"" role=""search"" class=""flex w-full items-center pb-3 border-b-[0.5px] border-beige lg:border-primary transition duration-300 ease-in-out focus:border-gold gap-3"">    "
https://neomwellbeing.com/products/happiness-standard-scented-candle,WCAG2AA.Principle4.Guideline4_1.4_1_1.F77,Critical,AA,4.1.1,all assistive tech users,#quantity,"Duplicate id attribute value ""quantity"" found on the web page.","<input type=""number"" id=""quantity"" class=""border-none !w-[54px] !h-9 p-0 text-black text-center text-sm input-quantity"" name=""quantity"" min=""1"" max=""583"" x-model=""productQuantity"">"
https://neomwellbeing.com/products/happiness-standard-scented-candle,WCAG2AA.Principle4.Guideline4_1.4_1_2.H91.InputNumber.Name,Critical,AA,4.1.2,screen reader users,#quantity,"This numberinput element does not have a name available to an accessibility API. Valid names are: label element, title , aria-label , aria-labelledby .","<input type=""number"" id=""quantity"" class=""border-none !w-[54px] !h-9 p-0 text-black text-center text-sm input-quantity"" name=""quantity"" min=""1"" max=""583"" x-model=""productQuantity"">"
https://neomwellbeing.com/products/happiness-standard-scented-candle,WCAG2AA.Principle4.Guideline4_1.4_1_1.F77,Critical,AA,4.1.1,all assistive tech users,#quantity,"Duplicate id attribute value ""quantity"" found on the web page.","<input type=""hidden"" id=""quantity"" name=""quantity"" value=""1"" min=""1"">"
https://neomwellbeing.com/products/happiness-standard-scented-candle,WCAG2AA.Principle1.Guideline1_4.1_4_3.G18.Fail,Critical,AA,1.4.3,low-vision users,#yotpo-reviews-container > div > div:nth-child(1) > div:nth-child(1) > div:nth-child(1) > div > div > span,"This element has insufficient contrast at this conformance level. Expected a contrast ratio of at least 4.5:1, but text in this element has a contrast ratio of 2.22:1. Recommendation:  change text colour to #767676.","<span data-v-4c2f4803="""" class=""yotpo-reviewer-verified-buyer-text unselectable"" style=""margin-inline-start: 5px;"">Verified Buyer</span>"
https://neomwellbeing.com/products/happiness-standard-scented-candle,WCAG2AA.Principle1.Guideline1_4.1_4_3.G18.Fail,Critical,AA,1.4.3,low-vision users,#yotpo-reviews-container > div > div:nth-child(4) > div:nth-child(1) > div:nth-child(1) > div > div > span,"This element has insufficient contrast at this conformance level. Expected a contrast ratio of at least 4.5:1, but text in this element has a contrast ratio of 2.22:1. Recommendation:  change text colour to #767676.","<span data-v-4c2f4803="""" class=""yotpo-reviewer-verified-buyer-text unselectable"" style=""margin-inline-start: 5px;"">Verified Buyer</span>"
https://neomwellbeing.com/products/happiness-standard-scented-candle,WCAG2AA.Principle1.Guideline1_4.1_4_3.G18.Fail,Critical,AA,1.4.3,low-vision users,#yotpo-reviews-container > div > div:nth-child(7) > div:nth-child(1) > div:nth-child(1) > div > div > span,"This element has insufficient contrast at this conformance level. Expected a contrast ratio of at least 4.5:1, but text in this element has a contrast ratio of 2.22:1. Recommendation:  change text colour to #767676.","<span data-v-4c2f4803="""" class=""yotpo-reviewer-verified-buyer-text unselectable"" style=""margin-inline-start: 5px;"">Verified Buyer</span>"
https://neomwellbeing.com/products/happiness-standard-scented-candle,WCAG2AA.Principle1.Guideline1_1.1_1_1.H30.2,Critical,AA,1.1.1,screen reader users,#shopify-section-template--25230891221375__icons_with_text_aBteLN > div > div > ul > li:nth-child(1) > a,"Img element is the only content of the link, but is missing alt text. The alt text should describe the purpose of the link.","<a href=""https://neomwellbeing.com/blogs/wellbeing"" aria-label="""">                               ...</a>"
https://neomwellbeing.com/products/happiness-standard-scented-candle,WCAG2AA.Principle1.Guideline1_1.1_1_1.H30.2,Critical,AA,1.1.1,screen reader users,#shopify-section-template--25230891221375__icons_with_text_aBteLN > div > div > ul > li:nth-child(2) > a,"Img element is the only content of the link, but is missing alt text. The alt text should describe the purpose of the link.","<a href=""https://neomwellbeing.com/pages/postage"" aria-label="""">                               ...</a>"
https://neomwellbeing.com/products/happiness-standard-scented-candle,WCAG2AA.Principle1.Guideline1_1.1_1_1.H30.2,Critical,AA,1.1.1,screen reader users,#shopify-section-template--25230891221375__icons_with_text_aBteLN > div > div > ul > li:nth-child(3) > a,"Img element is the only content of the link, but is missing alt text. The alt text should describe the purpose of the link.","<a href=""https://neomwellbeing.com/pages/neom-points"" aria-label="""">                               ...</a>"
https://neomwellbeing.com/products/happiness-standard-scented-candle,WCAG2AA.Principle1.Guideline1_1.1_1_1.H30.2,Critical,AA,1.1.1,screen reader users,#shopify-section-template--25230891221375__icons_with_text_aBteLN > div > div > ul > li:nth-child(4) > a,"Img element is the only content of the link, but is missing alt text. The alt text should describe the purpose of the link.","<a href=""https://neomwellbeing.com/pages/contact-us"" aria-label="""">                               ...</a>"
https://neomwellbeing.com/products/happiness-standard-scented-candle,WCAG2AA.Principle2.Guideline2_4.2_4_1.H64.1,Critical,AA,2.4.1,sighted keyboard users,#csm-consentFrame,Iframe element requires a non-empty title attribute that identifies the frame.,"<iframe id=""csm-consentFrame"" src=""https://app.consentmo.com/users/updateCrossDomainConsentSharing"" style=""display: none;""></iframe>"
https://neomwellbeing.com/products/happiness-standard-scented-candle,"WCAG2AA.Principle1.Guideline1_3.1_3_1.F92,ARIA4",Critical,AA,1.3.1,screen reader users,#shopify-section-template--25230891221375__product > div:nth-child(2) > div:nth-child(4) > div:nth-child(1) > div > div:nth-child(1) > div > ul > div > div > li:nth-child(1),"This element's role is ""presentation"" but contains child elements with semantic meaning.","<li role=""presentation"" class=""thumb-carousel-cell w-13 border border-beige p-1.5 h-13 flex items-center justify-center is-selected is-nav-selected"" style=""position: absolute; left: 0px; transform: tr"
https://neomwellbeing.com/products/happiness-standard-scented-candle,"WCAG2AA.Principle1.Guideline1_3.1_3_1.F92,ARIA4",Critical,AA,1.3.1,screen reader users,#shopify-section-template--25230891221375__product > div:nth-child(2) > div:nth-child(4) > div:nth-child(1) > div > div:nth-child(1) > div > ul > div > div > li:nth-child(2),"This element's role is ""presentation"" but contains child elements with semantic meaning.","<li role=""presentation"" class=""thumb-carousel-cell w-13 border border-beige p-1.5 h-13 flex items-center justify-center is-selected"" style=""position: absolute; left: 0px; transform: translateX(68px);"""
https://neomwellbeing.com/products/happiness-standard-scented-candle,"WCAG2AA.Principle1.Guideline1_3.1_3_1.F92,ARIA4",Critical,AA,1.3.1,screen reader users,#shopify-section-template--25230891221375__product > div:nth-child(2) > div:nth-child(4) > div:nth-child(1) > div > div:nth-child(1) > div > ul > div > div > li:nth-child(3),"This element's role is ""presentation"" but contains child elements with semantic meaning.","<li role=""presentation"" class=""thumb-carousel-cell w-13 border border-beige p-1.5 h-13 flex items-center justify-center is-selected"" style=""position: absolute; left: 0px; transform: translateX(136px);"
https://neomwellbeing.com/products/happiness-standard-scented-candle,"WCAG2AA.Principle1.Guideline1_3.1_3_1.F92,ARIA4",Critical,AA,1.3.1,screen reader users,#shopify-section-template--25230891221375__product > div:nth-child(2) > div:nth-child(4) > div:nth-child(1) > div > div:nth-child(1) > div > ul > div > div > li:nth-child(4),"This element's role is ""presentation"" but contains child elements with semantic meaning.","<li role=""presentation"" class=""thumb-carousel-cell w-13 border border-beige p-1.5 h-13 flex items-center justify-center is-selected"" style=""position: absolute; left: 0px; transform: translateX(204px);"
https://neomwellbeing.com/products/happiness-standard-scented-candle,"WCAG2AA.Principle1.Guideline1_3.1_3_1.F92,ARIA4",Critical,AA,1.3.1,screen reader users,#shopify-section-template--25230891221375__product > div:nth-child(2) > div:nth-child(4) > div:nth-child(1) > div > div:nth-child(1) > div > ul > div > div > li:nth-child(5),"This element's role is ""presentation"" but contains child elements with semantic meaning.","<li role=""presentation"" class=""thumb-carousel-cell w-13 border border-beige p-1.5 h-13 flex items-center justify-center is-selected"" style=""position: absolute; left: 0px; transform: translateX(272px);"
https://neomwellbeing.com/products/happiness-travel-scented-candle,WCAG2AA.Principle4.Guideline4_1.4_1_1.F77,Critical,AA,4.1.1,all assistive tech users,#mini-cart,"Duplicate id attribute value ""mini-cart"" found on the web page.","<form action=""/cart"" method=""post"" class=""flex flex-col h-full"" id=""mini-cart"">                               ...</form>"
https://neomwellbeing.com/products/happiness-travel-scented-candle,WCAG2AA.Principle3.Guideline3_2.3_2_2.H32.2,Critical,AA,3.2.2,all users,#shopify-section-header > div:nth-child(1) > div:nth-child(1) > div:nth-child(3) > predictive-search > div:nth-child(1) > form,"This form does not contain a submit button, which creates issues for those who cannot submit the form using the keyboard. Submit buttons are INPUT elements with type attribute ""submit"" or ""image"", or BUTTON elements with type ""submit"" or omitted/invalid.","<form action=""/search"" method=""get"" role=""search"" class=""flex w-full items-center pb-2 border-b-[0.5px] border-beige lg:border-primary transition duration-300 ease-in-out focus:border-gold gap-3"">    "
https://neomwellbeing.com/products/happiness-travel-scented-candle,WCAG2AA.Principle3.Guideline3_2.3_2_2.H32.2,Critical,AA,3.2.2,all users,html > body > div:nth-child(5) > div:nth-child(3) > predictive-search-mobile > div:nth-child(1) > form,"This form does not contain a submit button, which creates issues for those who cannot submit the form using the keyboard. Submit buttons are INPUT elements with type attribute ""submit"" or ""image"", or BUTTON elements with type ""submit"" or omitted/invalid.","<form action=""/search"" method=""get"" role=""search"" class=""flex w-full items-center pb-3 border-b-[0.5px] border-beige lg:border-primary transition duration-300 ease-in-out focus:border-gold gap-3"">    "
https://neomwellbeing.com/products/happiness-travel-scented-candle,WCAG2AA.Principle4.Guideline4_1.4_1_1.F77,Critical,AA,4.1.1,all assistive tech users,#quantity,"Duplicate id attribute value ""quantity"" found on the web page.","<input type=""number"" id=""quantity"" class=""border-none !w-[54px] !h-9 p-0 text-black text-center text-sm input-quantity"" name=""quantity"" min=""1"" max=""2513"" x-model=""productQuantity"">"
https://neomwellbeing.com/products/happiness-travel-scented-candle,WCAG2AA.Principle4.Guideline4_1.4_1_2.H91.InputNumber.Name,Critical,AA,4.1.2,screen reader users,#quantity,"This numberinput element does not have a name available to an accessibility API. Valid names are: label element, title , aria-label , aria-labelledby .","<input type=""number"" id=""quantity"" class=""border-none !w-[54px] !h-9 p-0 text-black text-center text-sm input-quantity"" name=""quantity"" min=""1"" max=""2513"" x-model=""productQuantity"">"
https://neomwellbeing.com/products/happiness-travel-scented-candle,WCAG2AA.Principle4.Guideline4_1.4_1_1.F77,Critical,AA,4.1.1,all assistive tech users,#quantity,"Duplicate id attribute value ""quantity"" found on the web page.","<input type=""hidden"" id=""quantity"" name=""quantity"" value=""1"" min=""1"">"
https://neomwellbeing.com/products/happiness-travel-scented-candle,WCAG2AA.Principle1.Guideline1_4.1_4_3.G18.Fail,Critical,AA,1.4.3,low-vision users,#yotpo-reviews-container > div > div:nth-child(1) > div:nth-child(1) > div:nth-child(1) > div > div > span,"This element has insufficient contrast at this conformance level. Expected a contrast ratio of at least 4.5:1, but text in this element has a contrast ratio of 2.22:1. Recommendation:  change text colour to #767676.","<span data-v-4c2f4803="""" class=""yotpo-reviewer-verified-buyer-text unselectable"" style=""margin-inline-start: 5px;"">Verified Buyer</span>"
https://neomwellbeing.com/products/happiness-travel-scented-candle,WCAG2AA.Principle1.Guideline1_4.1_4_3.G18.Fail,Critical,AA,1.4.3,low-vision users,#yotpo-reviews-container > div > div:nth-child(4) > div:nth-child(1) > div:nth-child(1) > div > div > span,"This element has insufficient contrast at this conformance level. Expected a contrast ratio of at least 4.5:1, but text in this element has a contrast ratio of 2.22:1. Recommendation:  change text colour to #767676.","<span data-v-4c2f4803="""" class=""yotpo-reviewer-verified-buyer-text unselectable"" style=""margin-inline-start: 5px;"">Verified Buyer</span>"
https://neomwellbeing.com/products/happiness-travel-scented-candle,WCAG2AA.Principle1.Guideline1_4.1_4_3.G18.Fail,Critical,AA,1.4.3,low-vision users,#yotpo-reviews-container > div > div:nth-child(7) > div:nth-child(1) > div:nth-child(1) > div > div > span,"This element has insufficient contrast at this conformance level. Expected a contrast ratio of at least 4.5:1, but text in this element has a contrast ratio of 2.22:1. Recommendation:  change text colour to #767676.","<span data-v-4c2f4803="""" class=""yotpo-reviewer-verified-buyer-text unselectable"" style=""margin-inline-start: 5px;"">Verified Buyer</span>"
https://neomwellbeing.com/products/happiness-travel-scented-candle,WCAG2AA.Principle1.Guideline1_1.1_1_1.H30.2,Critical,AA,1.1.1,screen reader users,#shopify-section-template--25230891221375__icons_with_text_aBteLN > div > div > ul > li:nth-child(1) > a,"Img element is the only content of the link, but is missing alt text. The alt text should describe the purpose of the link.","<a href=""https://neomwellbeing.com/blogs/wellbeing"" aria-label="""">                               ...</a>"
https://neomwellbeing.com/products/happiness-travel-scented-candle,WCAG2AA.Principle1.Guideline1_1.1_1_1.H30.2,Critical,AA,1.1.1,screen reader users,#shopify-section-template--25230891221375__icons_with_text_aBteLN > div > div > ul > li:nth-child(2) > a,"Img element is the only content of the link, but is missing alt text. The alt text should describe the purpose of the link.","<a href=""https://neomwellbeing.com/pages/postage"" aria-label="""">                               ...</a>"
https://neomwellbeing.com/products/happiness-travel-scented-candle,WCAG2AA.Principle1.Guideline1_1.1_1_1.H30.2,Critical,AA,1.1.1,screen reader users,#shopify-section-template--25230891221375__icons_with_text_aBteLN > div > div > ul > li:nth-child(3) > a,"Img element is the only content of the link, but is missing alt text. The alt text should describe the purpose of the link.","<a href=""https://neomwellbeing.com/pages/neom-points"" aria-label="""">                               ...</a>"
https://neomwellbeing.com/products/happiness-travel-scented-candle,WCAG2AA.Principle1.Guideline1_1.1_1_1.H30.2,Critical,AA,1.1.1,screen reader users,#shopify-section-template--25230891221375__icons_with_text_aBteLN > div > div > ul > li:nth-child(4) > a,"Img element is the only content of the link, but is missing alt text. The alt text should describe the purpose of the link.","<a href=""https://neomwellbeing.com/pages/contact-us"" aria-label="""">                               ...</a>"
https://neomwellbeing.com/products/happiness-travel-scented-candle,WCAG2AA.Principle2.Guideline2_4.2_4_1.H64.1,Critical,AA,2.4.1,sighted keyboard users,#csm-consentFrame,Iframe element requires a non-empty title attribute that identifies the frame.,"<iframe id=""csm-consentFrame"" src=""https://app.consentmo.com/users/updateCrossDomainConsentSharing"" style=""display: none;""></iframe>"
https://neomwellbeing.com/products/happiness-travel-scented-candle,"WCAG2AA.Principle1.Guideline1_3.1_3_1.F92,ARIA4",Critical,AA,1.3.1,screen reader users,#shopify-section-template--25230891221375__product > div:nth-child(2) > div:nth-child(4) > div:nth-child(1) > div > div:nth-child(1) > div > ul > div > div > li:nth-child(1),"This element's role is ""presentation"" but contains child elements with semantic meaning.","<li role=""presentation"" class=""thumb-carousel-cell w-13 border border-beige p-1.5 h-13 flex items-center justify-center is-selected is-nav-selected"" style=""position: absolute; left: 0px; transform: tr"
https://neomwellbeing.com/products/happiness-travel-scented-candle,"WCAG2AA.Principle1.Guideline1_3.1_3_1.F92,ARIA4",Critical,AA,1.3.1,screen reader users,#shopify-section-template--25230891221375__product > div:nth-child(2) > div:nth-child(4) > div:nth-child(1) > div > div:nth-child(1) > div > ul > div > div > li:nth-child(2),"This element's role is ""presentation"" but contains child elements with semantic meaning.","<li role=""presentation"" class=""thumb-carousel-cell w-13 border border-beige p-1.5 h-13 flex items-center justify-center is-selected"" style=""position: absolute; left: 0px; transform: translateX(68px);"""
https://neomwellbeing.com/products/happiness-travel-scented-candle,"WCAG2AA.Principle1.Guideline1_3.1_3_1.F92,ARIA4",Critical,AA,1.3.1,screen reader users,#shopify-section-template--25230891221375__product > div:nth-child(2) > div:nth-child(4) > div:nth-child(1) > div > div:nth-child(1) > div > ul > div > div > li:nth-child(3),"This element's role is ""presentation"" but contains child elements with semantic meaning.","<li role=""presentation"" class=""thumb-carousel-cell w-13 border border-beige p-1.5 h-13 flex items-center justify-center is-selected"" style=""position: absolute; left: 0px; transform: translateX(136px);"
https://neomwellbeing.com/products/happiness-travel-scented-candle,"WCAG2AA.Principle1.Guideline1_3.1_3_1.F92,ARIA4",Critical,AA,1.3.1,screen reader users,#shopify-section-template--25230891221375__product > div:nth-child(2) > div:nth-child(4) > div:nth-child(1) > div > div:nth-child(1) > div > ul > div > div > li:nth-child(4),"This element's role is ""presentation"" but contains child elements with semantic meaning.","<li role=""presentation"" class=""thumb-carousel-cell w-13 border border-beige p-1.5 h-13 flex items-center justify-center is-selected"" style=""position: absolute; left: 0px; transform: translateX(204px);"
https://neomwellbeing.com/products/perfect-nights-sleep-travel-scented-candle,WCAG2AA.Principle4.Guideline4_1.4_1_1.F77,Critical,AA,4.1.1,all assistive tech users,#mini-cart,"Duplicate id attribute value ""mini-cart"" found on the web page.","<form action=""/cart"" method=""post"" class=""flex flex-col h-full"" id=""mini-cart"">                               ...</form>"
https://neomwellbeing.com/products/perfect-nights-sleep-travel-scented-candle,WCAG2AA.Principle3.Guideline3_2.3_2_2.H32.2,Critical,AA,3.2.2,all users,#shopify-section-header > div:nth-child(1) > div:nth-child(1) > div:nth-child(3) > predictive-search > div:nth-child(1) > form,"This form does not contain a submit button, which creates issues for those who cannot submit the form using the keyboard. Submit buttons are INPUT elements with type attribute ""submit"" or ""image"", or BUTTON elements with type ""submit"" or omitted/invalid.","<form action=""/search"" method=""get"" role=""search"" class=""flex w-full items-center pb-2 border-b-[0.5px] border-beige lg:border-primary transition duration-300 ease-in-out focus:border-gold gap-3"">    "
https://neomwellbeing.com/products/perfect-nights-sleep-travel-scented-candle,WCAG2AA.Principle3.Guideline3_2.3_2_2.H32.2,Critical,AA,3.2.2,all users,html > body > div:nth-child(5) > div:nth-child(3) > predictive-search-mobile > div:nth-child(1) > form,"This form does not contain a submit button, which creates issues for those who cannot submit the form using the keyboard. Submit buttons are INPUT elements with type attribute ""submit"" or ""image"", or BUTTON elements with type ""submit"" or omitted/invalid.","<form action=""/search"" method=""get"" role=""search"" class=""flex w-full items-center pb-3 border-b-[0.5px] border-beige lg:border-primary transition duration-300 ease-in-out focus:border-gold gap-3"">    "
https://neomwellbeing.com/products/perfect-nights-sleep-travel-scented-candle,WCAG2AA.Principle4.Guideline4_1.4_1_1.F77,Critical,AA,4.1.1,all assistive tech users,#quantity,"Duplicate id attribute value ""quantity"" found on the web page.","<input type=""number"" id=""quantity"" class=""border-none !w-[54px] !h-9 p-0 text-black text-center text-sm input-quantity"" name=""quantity"" min=""1"" max=""223"" x-model=""productQuantity"">"
https://neomwellbeing.com/products/perfect-nights-sleep-travel-scented-candle,WCAG2AA.Principle4.Guideline4_1.4_1_2.H91.InputNumber.Name,Critical,AA,4.1.2,screen reader users,#quantity,"This numberinput element does not have a name available to an accessibility API. Valid names are: label element, title , aria-label , aria-labelledby .","<input type=""number"" id=""quantity"" class=""border-none !w-[54px] !h-9 p-0 text-black text-center text-sm input-quantity"" name=""quantity"" min=""1"" max=""223"" x-model=""productQuantity"">"
https://neomwellbeing.com/products/perfect-nights-sleep-travel-scented-candle,WCAG2AA.Principle4.Guideline4_1.4_1_1.F77,Critical,AA,4.1.1,all assistive tech users,#quantity,"Duplicate id attribute value ""quantity"" found on the web page.","<input type=""hidden"" id=""quantity"" name=""quantity"" value=""1"" min=""1"">"
https://neomwellbeing.com/products/perfect-nights-sleep-travel-scented-candle,WCAG2AA.Principle1.Guideline1_4.1_4_3.G18.Fail,Critical,AA,1.4.3,low-vision users,#yotpo-reviews-container > div > div:nth-child(1) > div:nth-child(1) > div:nth-child(1) > div > div > span,"This element has insufficient contrast at this conformance level. Expected a contrast ratio of at least 4.5:1, but text in this element has a contrast ratio of 2.22:1. Recommendation:  change text colour to #767676.","<span data-v-4c2f4803="""" class=""yotpo-reviewer-verified-buyer-text unselectable"" style=""margin-inline-start: 5px;"">Verified Buyer</span>"
https://neomwellbeing.com/products/perfect-nights-sleep-travel-scented-candle,WCAG2AA.Principle1.Guideline1_4.1_4_3.G18.Fail,Critical,AA,1.4.3,low-vision users,#yotpo-reviews-container > div > div:nth-child(4) > div:nth-child(1) > div:nth-child(1) > div > div > span,"This element has insufficient contrast at this conformance level. Expected a contrast ratio of at least 4.5:1, but text in this element has a contrast ratio of 2.22:1. Recommendation:  change text colour to #767676.","<span data-v-4c2f4803="""" class=""yotpo-reviewer-verified-buyer-text unselectable"" style=""margin-inline-start: 5px;"">Verified Buyer</span>"
https://neomwellbeing.com/products/perfect-nights-sleep-travel-scented-candle,WCAG2AA.Principle1.Guideline1_4.1_4_3.G18.Fail,Critical,AA,1.4.3,low-vision users,#yotpo-reviews-container > div > div:nth-child(7) > div:nth-child(1) > div:nth-child(1) > div > div > span,"This element has insufficient contrast at this conformance level. Expected a contrast ratio of at least 4.5:1, but text in this element has a contrast ratio of 2.22:1. Recommendation:  change text colour to #767676.","<span data-v-4c2f4803="""" class=""yotpo-reviewer-verified-buyer-text unselectable"" style=""margin-inline-start: 5px;"">Verified Buyer</span>"
https://neomwellbeing.com/products/perfect-nights-sleep-travel-scented-candle,WCAG2AA.Principle1.Guideline1_1.1_1_1.H30.2,Critical,AA,1.1.1,screen reader users,#shopify-section-template--25230891221375__icons_with_text_aBteLN > div > div > ul > li:nth-child(1) > a,"Img element is the only content of the link, but is missing alt text. The alt text should describe the purpose of the link.","<a href=""https://neomwellbeing.com/blogs/wellbeing"" aria-label="""">                               ...</a>"
https://neomwellbeing.com/products/perfect-nights-sleep-travel-scented-candle,WCAG2AA.Principle1.Guideline1_1.1_1_1.H30.2,Critical,AA,1.1.1,screen reader users,#shopify-section-template--25230891221375__icons_with_text_aBteLN > div > div > ul > li:nth-child(2) > a,"Img element is the only content of the link, but is missing alt text. The alt text should describe the purpose of the link.","<a href=""https://neomwellbeing.com/pages/postage"" aria-label="""">                               ...</a>"
https://neomwellbeing.com/products/perfect-nights-sleep-travel-scented-candle,WCAG2AA.Principle1.Guideline1_1.1_1_1.H30.2,Critical,AA,1.1.1,screen reader users,#shopify-section-template--25230891221375__icons_with_text_aBteLN > div > div > ul > li:nth-child(3) > a,"Img element is the only content of the link, but is missing alt text. The alt text should describe the purpose of the link.","<a href=""https://neomwellbeing.com/pages/neom-points"" aria-label="""">                               ...</a>"
https://neomwellbeing.com/products/perfect-nights-sleep-travel-scented-candle,WCAG2AA.Principle1.Guideline1_1.1_1_1.H30.2,Critical,AA,1.1.1,screen reader users,#shopify-section-template--25230891221375__icons_with_text_aBteLN > div > div > ul > li:nth-child(4) > a,"Img element is the only content of the link, but is missing alt text. The alt text should describe the purpose of the link.","<a href=""https://neomwellbeing.com/pages/contact-us"" aria-label="""">                               ...</a>"
https://neomwellbeing.com/products/perfect-nights-sleep-travel-scented-candle,WCAG2AA.Principle2.Guideline2_4.2_4_1.H64.1,Critical,AA,2.4.1,sighted keyboard users,#csm-consentFrame,Iframe element requires a non-empty title attribute that identifies the frame.,"<iframe id=""csm-consentFrame"" src=""https://app.consentmo.com/users/updateCrossDomainConsentSharing"" style=""display: none;""></iframe>"
https://neomwellbeing.com/products/perfect-nights-sleep-travel-scented-candle,"WCAG2AA.Principle1.Guideline1_3.1_3_1.F92,ARIA4",Critical,AA,1.3.1,screen reader users,#shopify-section-template--25230891221375__product > div:nth-child(2) > div:nth-child(4) > div:nth-child(1) > div > div:nth-child(1) > div > ul > div > div > li:nth-child(1),"This element's role is ""presentation"" but contains child elements with semantic meaning.","<li role=""presentation"" class=""thumb-carousel-cell w-13 border border-beige p-1.5 h-13 flex items-center justify-center is-selected is-nav-selected"" style=""position: absolute; left: 0px; transform: tr"
https://neomwellbeing.com/products/perfect-nights-sleep-travel-scented-candle,"WCAG2AA.Principle1.Guideline1_3.1_3_1.F92,ARIA4",Critical,AA,1.3.1,screen reader users,#shopify-section-template--25230891221375__product > div:nth-child(2) > div:nth-child(4) > div:nth-child(1) > div > div:nth-child(1) > div > ul > div > div > li:nth-child(2),"This element's role is ""presentation"" but contains child elements with semantic meaning.","<li role=""presentation"" class=""thumb-carousel-cell w-13 border border-beige p-1.5 h-13 flex items-center justify-center is-selected"" style=""position: absolute; left: 0px; transform: translateX(68px);"""
https://neomwellbeing.com/products/perfect-nights-sleep-travel-scented-candle,"WCAG2AA.Principle1.Guideline1_3.1_3_1.F92,ARIA4",Critical,AA,1.3.1,screen reader users,#shopify-section-template--25230891221375__product > div:nth-child(2) > div:nth-child(4) > div:nth-child(1) > div > div:nth-child(1) > div > ul > div > div > li:nth-child(3),"This element's role is ""presentation"" but contains child elements with semantic meaning.","<li role=""presentation"" class=""thumb-carousel-cell w-13 border border-beige p-1.5 h-13 flex items-center justify-center is-selected"" style=""position: absolute; left: 0px; transform: translateX(136px);"
https://neomwellbeing.com/products/perfect-nights-sleep-travel-scented-candle,"WCAG2AA.Principle1.Guideline1_3.1_3_1.F92,ARIA4",Critical,AA,1.3.1,screen reader users,#shopify-section-template--25230891221375__product > div:nth-child(2) > div:nth-child(4) > div:nth-child(1) > div > div:nth-child(1) > div > ul > div > div > li:nth-child(4),"This element's role is ""presentation"" but contains child elements with semantic meaning.","<li role=""presentation"" class=""thumb-carousel-cell w-13 border border-beige p-1.5 h-13 flex items-center justify-center is-selected"" style=""position: absolute; left: 0px; transform: translateX(204px);"
