Source URL,Target URL,Link Text,Link Type,Follow Type,HTTP Status,Redirect Chain,Content Type,In Navigation,Link Depth,Link Quality Score
https://neomwellbeing.com/,https://neomwellbeing.com/,Skip to content,Internal Page,Follow,ERR,,html,No,0,100.00
https://neomwellbeing.com/,https://neomwellbeing.com/cart,CONTINUE TO CHECKOUT,Internal Page,Follow,ERR,,html,No,1,100.00
https://neomwellbeing.com/,https://neomwellbeing.com/collections/body-wash,NEW BODY WASHES. SHOP NOW.,Internal Page,Follow,ERR,,html,No,2,100.00
https://neomwellbeing.com/,https://neomwellbeing.com/collections/gift-with-purchase,FREE GIFTS WITH ORDERS £65+,Internal Page,Follow,ERR,,html,No,2,100.00
https://neomwellbeing.com/,https://neomwellbeing.com/collections/bestsellers,FREE  STANDARD UK DELIVERY ON ORDERS £60+,Internal Page,Follow,ERR,,html,No,2,100.00
https://neomwellbeing.com/,https://neomwellbeing.com/collections/essential-oil-blends,"Essential Oil Blends
                                                                Luxury essential oils
                                                            
                                                            SHOP OILS 


                                                        
                                                    
                                                            
                                                            Essential Oil Blends",Internal Page,Follow,ERR,,html,No,2,100.00
https://neomwellbeing.com/,https://neomwellbeing.com/collections/the-wellbeing-pod-mini,"Wellbeing Pod Mini+
                                                                To scent small spaces
                                                            
                                                            SHOP POD MINI+ 


                                                        
                                                    
                                                            
                                                            Wellbeing Pod Mini+",Internal Page,Follow,ERR,,html,No,2,100.00
https://neomwellbeing.com/,https://neomwellbeing.com/collections/the-wellbeing-pod,"Wellbeing Pod
                                                                To scent medium spaces
                                                            
                                                            SHOP POD 


                                                        
                                                    
                                                            
                                                            Wellbeing Pod",Internal Page,Follow,ERR,,html,No,2,100.00
https://neomwellbeing.com/,https://neomwellbeing.com/collections/wellbeing-pod-luxe,"Wellbeing Pod Luxe
                                                                To scent large spaces
                                                            
                                                            SHOP POD LUXE 


                                                        
                                                    
                                                            
                                                            Wellbeing Pod Luxe",Internal Page,Follow,ERR,,html,No,2,100.00
https://neomwellbeing.com/,https://neomwellbeing.com/collections/home-fragrance,Shop All Home Fragrance,Internal Page,Follow,ERR,,html,No,2,100.00
https://neomwellbeing.com/,https://neomwellbeing.com/collections/reed-diffusers,Reed Diffusers,Internal Page,Follow,ERR,,html,No,2,100.00
https://neomwellbeing.com/,https://neomwellbeing.com/collections/candles,Candles,Internal Page,Follow,ERR,,html,No,2,100.00
https://neomwellbeing.com/,https://neomwellbeing.com/collections/electric-diffusers,Wellbeing Pods,Internal Page,Follow,ERR,,html,No,2,100.00
https://neomwellbeing.com/,https://neomwellbeing.com/collections/mists,Room Spray,Internal Page,Follow,ERR,,html,No,2,100.00
https://neomwellbeing.com/,https://neomwellbeing.com/collections/sleep-mist,Sleep Mist,Internal Page,Follow,ERR,,html,No,2,100.00
https://neomwellbeing.com/,https://neomwellbeing.com/collections/bath-body,Shop All Bath & Body,Internal Page,Follow,ERR,,html,No,2,100.00
https://neomwellbeing.com/,https://neomwellbeing.com/collections/bath-oils-foams,Bath Foams & Milks,Internal Page,Follow,ERR,,html,No,2,100.00
https://neomwellbeing.com/,https://neomwellbeing.com/collections/body-oils-scrubs,"Body Oils, Milks, Scrubs & Polish",Internal Page,Follow,ERR,,html,No,2,100.00
https://neomwellbeing.com/,https://neomwellbeing.com/collections/travel,Travel Size,Internal Page,Follow,ERR,,html,No,2,100.00
https://neomwellbeing.com/,https://neomwellbeing.com/collections/body-washes-lotions,"Hand Balms, Washes & Lotions",Internal Page,Follow,ERR,,html,No,2,100.00
https://neomwellbeing.com/,https://neomwellbeing.com/collections/body-butter,Magnesium Body Butters,Internal Page,Follow,ERR,,html,No,2,100.00
https://neomwellbeing.com/,https://neomwellbeing.com/collections/essential-oil-roll-on-pulse-points,Essential Oil Roll-On Pens,Internal Page,Follow,ERR,,html,No,2,100.00
https://neomwellbeing.com/,https://neomwellbeing.com/collections/massage-candles,Massage Candles,Internal Page,Follow,ERR,,html,No,2,100.00
https://neomwellbeing.com/,https://neomwellbeing.com/collections/magnesium,Magnesium,Internal Page,Follow,ERR,,html,No,2,100.00
https://neomwellbeing.com/,https://neomwellbeing.com/collections/super-shower-power-shampoo-conditioner,Shop All Haircare,Internal Page,Follow,ERR,,html,No,2,100.00
https://neomwellbeing.com/,https://neomwellbeing.com/collections/hair-skincare,Shop All Skincare,Internal Page,Follow,ERR,,html,No,2,100.00
https://neomwellbeing.com/,https://neomwellbeing.com/collections/wonder-balm,Wonder Balms,Internal Page,Follow,ERR,,html,No,2,100.00
https://neomwellbeing.com/,https://neomwellbeing.com/collections/cleansing-balm,Cleansers,Internal Page,Follow,ERR,,html,No,2,100.00
https://neomwellbeing.com/,https://neomwellbeing.com/collections/energising-face-mist,Face Mist,Internal Page,Follow,ERR,,html,No,2,100.00
https://neomwellbeing.com/,https://neomwellbeing.com/collections/scent-to-sleep,"Better Sleep
                                                                Stop, breathe, sleep
                                                            
                                                            SHOP NOW 


                                                        
                                                    
                                                            
                                                            Better Sleep",Internal Page,Follow,ERR,,html,No,2,100.00
https://neomwellbeing.com/,https://neomwellbeing.com/collections/scent-to-de-stress,"Less Stress
                                                                Feel the tension lift
                                                            
                                                            SHOP NOW 


                                                        
                                                    
                                                            
                                                            Less Stress",Internal Page,Follow,ERR,,html,No,2,100.00
https://neomwellbeing.com/,https://neomwellbeing.com/collections/scent-to-make-you-happy,"Mood Boost
                                                                Kickstart happy vibes
                                                            
                                                            SHOP NOW 


                                                        
                                                    
                                                            
                                                            Mood Boost",Internal Page,Follow,ERR,,html,No,2,100.00
https://neomwellbeing.com/,https://neomwellbeing.com/collections/scent-to-boost-your-energy,"Energy Boost
                                                                Supercharge you
                                                            
                                                            SHOP NOW 


                                                        
                                                    
                                                            
                                                            Energy Boost",Internal Page,Follow,ERR,,html,No,2,100.00
https://neomwellbeing.com/,https://neomwellbeing.com/pages/wellbeing-gifts,Gifts By Occasion,Internal Page,Follow,ERR,,html,No,2,100.00
https://neomwellbeing.com/,https://neomwellbeing.com/collections/birthday-gifts,Birthday Gifts,Internal Page,Follow,ERR,,html,No,2,100.00
https://neomwellbeing.com/,https://neomwellbeing.com/collections/parent-to-be-gifts,Parent to Be Gifts,Internal Page,Follow,ERR,,html,No,2,100.00
https://neomwellbeing.com/,https://neomwellbeing.com/collections/thank-you-gifts,Thank You Gifts,Internal Page,Follow,ERR,,html,No,2,100.00
https://neomwellbeing.com/,https://neomwellbeing.com/collections/just-because,Just Because Gifts,Internal Page,Follow,ERR,,html,No,2,100.00
https://neomwellbeing.com/,https://neomwellbeing.com/collections/gifts-for-her,Gifts For Her,Internal Page,Follow,ERR,,html,No,2,100.00
https://neomwellbeing.com/,https://neomwellbeing.com/collections/gifts-little-luxuries,Gifts Under £25,Internal Page,Follow,ERR,,html,No,2,100.00
https://neomwellbeing.com/,https://neomwellbeing.com/collections/special-moments,Gifts Under £50,Internal Page,Follow,ERR,,html,No,2,100.00
https://neomwellbeing.com/,https://neomwellbeing.com/collections/ultimate-gifts,Gifts Under £100,Internal Page,Follow,ERR,,html,No,2,100.00
https://neomwellbeing.com/,https://neomwellbeing.com/collections/luxury-gifts,Luxury Gifts,Internal Page,Follow,ERR,,html,No,2,100.00
https://neomwellbeing.com/,https://neomwellbeing.com/collections/gift-boxes-and-gift-bags,Gift Services,Internal Page,Follow,ERR,,html,No,2,100.00
https://neomwellbeing.com/,https://neomwellbeing.com/pages/build-a-wellbeing-gift,Build A Gift & Save 20%,Internal Page,Follow,ERR,,html,No,2,100.00
https://neomwellbeing.com/,https://neomwellbeing.com/products/neom-gift-cards,Digital Gift Cards,Internal Page,Follow,ERR,,html,No,2,100.00
https://neomwellbeing.com/,https://neomwellbeing.com/pages/corporate-gifting,Corporate Gifting,Internal Page,Follow,ERR,,html,No,2,100.00
https://neomwellbeing.com/,https://neomwellbeing.com/collections/wellbeing-outlet,"Wellbeing Outlet
                                                                Save on natural favourites
                                                            
                                                            SHOP NOW 


                                                        
                                                    
                                                            
                                                            Wellbeing Outlet",Internal Page,Follow,ERR,,html,No,2,100.00
https://neomwellbeing.com/,https://neomwellbeing.com/collections/supercharged-collections-with-a-saving,"Bundle & Save
                                                                Find the perfect routine
                                                            
                                                            SHOP NOW 


                                                        
                                                    
                                                            
                                                            Bundle & Save",Internal Page,Follow,ERR,,html,No,2,100.00
https://neomwellbeing.com/,https://neomwellbeing.com/pages/neom-points,Loyalty,Internal Page,Follow,ERR,,html,No,2,100.00
https://neomwellbeing.com/,https://neomwellbeing.com/pages/our-locations,Our Locations,Internal Page,Follow,ERR,,html,No,2,100.00
https://neomwellbeing.com/,https://neomwellbeing.com/pages/careers,Careers,Internal Page,Follow,ERR,,html,No,2,100.00
https://neomwellbeing.com/,https://neomwellbeing.com/blogs/wellbeing,Wellbeing Tips,Internal Page,Follow,ERR,,html,No,2,100.00
https://neomwellbeing.com/,https://neomwellbeing.com/pages/charity-partnerships,Charity Partnership,Internal Page,Follow,ERR,,html,No,2,100.00
https://neomwellbeing.com/,https://neomwellbeing.com/pages/awards,Awards,Internal Page,Follow,ERR,,html,No,2,100.00
https://neomwellbeing.com/,https://neomwellbeing.com/pages/sustainability,"Our Commitment
                                                            LEARN MORE 


                                                        
                                                    
                                                            
                                                            Our Commitment",Internal Page,Follow,ERR,,html,No,2,100.00
https://neomwellbeing.com/,https://neomwellbeing.com/pages/wishlist,,Internal Page,Follow,ERR,,html,No,2,80.00
https://neomwellbeing.com/,https://neomwellbeing.com/account/login,Sign in,Internal Page,Follow,ERR,,html,No,2,100.00
https://neomwellbeing.com/,https://neomwellbeing.com/pages/shop-by-wellbeing-range,Wellbeing Concern,Internal Page,Follow,ERR,,html,No,2,100.00
https://neomwellbeing.com/,https://neomwellbeing.com/collections/gift-sets,Gifts,Internal Page,Follow,ERR,,html,No,2,100.00
https://neomwellbeing.com/,https://neomwellbeing.com/pages/about-us,About Us,Internal Page,Follow,ERR,,html,No,2,100.00
https://neomwellbeing.com/,https://neomwellbeing.com/products/feeling-grounded-body-wash-500ml,,Internal Page,Follow,ERR,,html,No,2,80.00
https://neomwellbeing.com/,https://neomwellbeing.com/products/squeeze-the-day-body-wash-500ml,,Internal Page,Follow,ERR,,html,No,2,80.00
https://neomwellbeing.com/,https://neomwellbeing.com/products/great-day-exfoliating-body-wash-500ml,,Internal Page,Follow,ERR,,html,No,2,80.00
https://neomwellbeing.com/,https://neomwellbeing.com/products/super-shower-power-body-wash-500ml,,Internal Page,Follow,ERR,,html,No,2,80.00
https://neomwellbeing.com/,https://neomwellbeing.com/products/real-luxury-creamy-body-wash-500ml,,Internal Page,Follow,ERR,,html,No,2,80.00
https://neomwellbeing.com/,https://neomwellbeing.com/products/super-shower-power-body-wash-50ml,,Internal Page,Follow,ERR,,html,No,2,80.00
https://neomwellbeing.com/,https://neomwellbeing.com/products/squeeze-the-day-body-wash-50ml,,Internal Page,Follow,ERR,,html,No,2,80.00
https://neomwellbeing.com/,https://neomwellbeing.com/products/the-am-to-pm-body-wash-duo,,Internal Page,Follow,ERR,,html,No,2,80.00
https://neomwellbeing.com/,https://neomwellbeing.com/products/real-luxury-bath-body-essentials,,Internal Page,Follow,ERR,,html,No,2,80.00
https://neomwellbeing.com/,https://neomwellbeing.com/products/great-day-bath-body-duo,,Internal Page,Follow,ERR,,html,No,2,80.00
https://neomwellbeing.com/,https://neomwellbeing.com/products/wellbeing-pod,,Internal Page,Follow,ERR,,html,No,2,80.00
https://neomwellbeing.com/,https://neomwellbeing.com/products/real-luxury-essential-oil-blend-10ml,,Internal Page,Follow,ERR,,html,No,2,80.00
https://neomwellbeing.com/,https://neomwellbeing.com/products/real-luxury-scented-candle,,Internal Page,Follow,ERR,,html,No,2,80.00
https://neomwellbeing.com/,https://neomwellbeing.com/products/perfect-nights-sleep-mist,,Internal Page,Follow,ERR,,html,No,2,80.00
https://neomwellbeing.com/,https://neomwellbeing.com/products/happiness-luxury-scented-candle,,Internal Page,Follow,ERR,,html,No,2,80.00
https://neomwellbeing.com/,https://neomwellbeing.com/products/perfect-nights-sleep-magnesium-body-butter,,Internal Page,Follow,ERR,,html,No,2,80.00
https://neomwellbeing.com/,https://neomwellbeing.com/products/wellbeing-pod-luxe,,Internal Page,Follow,ERR,,html,No,2,80.00
https://neomwellbeing.com/,https://neomwellbeing.com/products/happiness-essential-oil-blend-10ml,,Internal Page,Follow,ERR,,html,No,2,80.00
https://neomwellbeing.com/,https://neomwellbeing.com/collections/spring-scenting,"Spring Starts Here
                        Scents crafted to energise and uplift. Powered by 100% natural fragrances.
                      
                      
                              SHOP NOW",Internal Page,Follow,ERR,,html,No,2,100.00
https://neomwellbeing.com/,https://neomwellbeing.com/products/focus-the-mind-waterless-pod-mini-plus-starter-pack-in-rose-gold,,Internal Page,Follow,ERR,,html,No,2,80.00
https://neomwellbeing.com/,https://neomwellbeing.com/products/focus-the-mind-waterless-pod-mini-plus-starter-pack-in-black,,Internal Page,Follow,ERR,,html,No,2,80.00
https://neomwellbeing.com/,https://neomwellbeing.com/products/focus-the-mind-waterless-pod-mini-starter-pack-in-white,,Internal Page,Follow,ERR,,html,No,2,80.00
https://neomwellbeing.com/,https://neomwellbeing.com/products/wellbeing-pod-mini-plus-waterless-essential-oil-diffuser-in-pink,,Internal Page,Follow,ERR,,html,No,2,80.00
https://neomwellbeing.com/,https://neomwellbeing.com/products/wellbeing-pod-mini-plus-waterless-essential-oil-diffuser-in-rose-gold,,Internal Page,Follow,ERR,,html,No,2,80.00
https://neomwellbeing.com/,https://neomwellbeing.com/products/wellbeing-pod-mini-plus-waterless-essential-oil-diffuser-in-white,,Internal Page,Follow,ERR,,html,No,2,80.00
https://neomwellbeing.com/,https://neomwellbeing.com/products/wellbeing-pod-mini-plus-waterless-essential-oil-diffuser-in-black,,Internal Page,Follow,ERR,,html,No,2,80.00
https://neomwellbeing.com/,https://neomwellbeing.com/products/real-luxury-waterless-pod-mini-plus-starter-pack-in-rose-gold,,Internal Page,Follow,ERR,,html,No,2,80.00
https://neomwellbeing.com/,https://neomwellbeing.com/products/perfect-nights-sleep-waterless-wellbeing-pod-mini-plus-starter-pack-in-white,,Internal Page,Follow,ERR,,html,No,2,80.00
https://neomwellbeing.com/,https://neomwellbeing.com/products/happiness-waterless-pod-mini-plus-starter-pack-in-black,,Internal Page,Follow,ERR,,html,No,2,80.00
https://neomwellbeing.com/,https://neomwellbeing.com/products/happiness-reed-diffuser,,Internal Page,Follow,ERR,,html,No,2,80.00
https://neomwellbeing.com/,https://neomwellbeing.com/products/feel-refreshed-standard-scented-candle,,Internal Page,Follow,ERR,,html,No,2,80.00
https://neomwellbeing.com/,https://neomwellbeing.com/products/squeeze-the-day-reed-diffuser,,Internal Page,Follow,ERR,,html,No,2,80.00
https://neomwellbeing.com/,https://neomwellbeing.com/products/raspberry-ripple-wellbeing-pod-essential-oil-diffuser,,Internal Page,Follow,ERR,,html,No,2,80.00
https://neomwellbeing.com/,https://neomwellbeing.com/products/grapefruit-mandarin-eucalyptus-essential-oil-blend-10ml,,Internal Page,Follow,ERR,,html,No,2,80.00
https://neomwellbeing.com/,https://neomwellbeing.com/collections/essential-oils,"A MOOD BOOST, BOTTLED
                                                    
                                                
                                                    SHOP NOW",Internal Page,Follow,ERR,,html,No,2,100.00
https://neomwellbeing.com/,https://neomwellbeing.com/collections/dry-body-oil,"GET A DAILY SKIN BOOST
                                                    
                                                
                                                    SHOP NOW",Internal Page,Follow,ERR,,html,No,2,100.00
https://neomwellbeing.com/,https://neomwellbeing.com/products/great-day-magnesium-body-butter,,Internal Page,Follow,ERR,,html,No,2,80.00
https://neomwellbeing.com/,https://neomwellbeing.com/products/real-luxury-magnesium-bath-milk-300ml,,Internal Page,Follow,ERR,,html,No,2,80.00
https://neomwellbeing.com/,https://neomwellbeing.com/products/pro-vitamin-d3-dry-body-oil,,Internal Page,Follow,ERR,,html,No,2,80.00
https://neomwellbeing.com/,https://neomwellbeing.com/products/real-luxury-bath-foam,,Internal Page,Follow,ERR,,html,No,2,80.00
https://neomwellbeing.com/,https://neomwellbeing.com/products/real-luxury-hand-wash-and-lotion-duo,,Internal Page,Follow,ERR,,html,No,2,80.00
https://neomwellbeing.com/,https://neomwellbeing.com/products/real-luxury-body-scrub,,Internal Page,Follow,ERR,,html,No,2,80.00
https://neomwellbeing.com/,https://neomwellbeing.com/products/real-luxury-intensive-skin-treatment-candle,,Internal Page,Follow,ERR,,html,No,2,80.00
https://neomwellbeing.com/,https://neomwellbeing.com/products/complete-bliss-hand-wash-and-lotion-duo,,Internal Page,Follow,ERR,,html,No,2,80.00
https://neomwellbeing.com/,https://neomwellbeing.com/collections/subscriptions,"Subscribe & Save
                                          SUBSCRIBE",Internal Page,Follow,ERR,,html,No,2,100.00
https://neomwellbeing.com/,https://neomwellbeing.com/blogs/sleep/the-power-of-scent-and-sound-at-bedtime,"The Power of Scent and Sound at Bedtime
            We recently hosted a sleep conversation with soundcore and The Sleep Charity - and picked up some great insights along the way.
            
                
                    
                      
                        lucy gill
                      
                    
                
                
                    
                    March 11, 2026",Internal Page,Follow,ERR,,html,No,3,100.00
https://neomwellbeing.com/,https://neomwellbeing.com/blogs/wellbeing/the-neom-perfect-nights-sleep-plan-the-11-golden-rules,"The NEOM Perfect Night’s Sleep Plan: The 11 Golden Rules
            Better sleep is shaped by more than bedtime alone. Mood, movement, mindset and routine all matter, which is why we created 11 Golden Rules to support deeper, more restorative sleep...
            
                
                    
                      
                        lucy gill
                      
                    
                
                
                    
                    January 07, 2026",Internal Page,Follow,ERR,,html,No,3,100.00
https://neomwellbeing.com/,https://neomwellbeing.com/blogs/wellbeing/20-years-one-mission-to-supercharge-wellbeing,"20 Years. One Mission: To Supercharge Wellbeing
            What began at a kitchen table with a single natural blend is now a certified B Corp powering wellbeing through 100% natural fragrances across the globe. We asked founder Nicola to reflect on two decades of the brand - and to send us voice notes with her answers to three questions… 
            
                
                    
                      
                        lucy gill
                      
                    
                
                
                    
                    June 26, 2025",Internal Page,Follow,ERR,,html,No,3,100.00
https://neomwellbeing.com/,https://neomwellbeing.com/pages/proud-to-be-b-corp,Proud to be B Corp,Internal Page,Follow,ERR,,html,No,2,100.00
https://neomwellbeing.com/,https://neomwellbeing.com/pages/directors-shareholders,Our Directors,Internal Page,Follow,ERR,,html,No,2,100.00
https://neomwellbeing.com/,https://neomwellbeing.com/pages/seo-reviews,Reviews,Internal Page,Follow,ERR,,html,No,2,100.00
https://neomwellbeing.com/,https://neomwellbeing.com/pages/contact-us,Contact Us,Internal Page,Follow,ERR,,html,No,2,100.00
https://neomwellbeing.com/,https://neomwellbeing.com/pages/postage,Delivery & Returns,Internal Page,Follow,ERR,,html,No,2,100.00
https://neomwellbeing.com/,https://neomwellbeing.com/pages/refer-a-friend,Refer a Friend,Internal Page,Follow,ERR,,html,No,2,100.00
https://neomwellbeing.com/,https://neomwellbeing.com/pages/subscriptions,Subscriptions,Internal Page,Follow,ERR,,html,No,2,100.00
https://neomwellbeing.com/,https://neomwellbeing.com/pages/become-a-neom-partner,Become a NEOM Partner,Internal Page,Follow,ERR,,html,No,2,100.00
https://neomwellbeing.com/,https://neomwellbeing.com/pages/neom-ambassadors,NEOM Ambassadors,Internal Page,Follow,ERR,,html,No,2,100.00
https://neomwellbeing.com/,https://neomwellbeing.com/pages/black-friday,Black Friday,Internal Page,Follow,ERR,,html,No,2,100.00
https://neomwellbeing.com/,https://neomwellbeing.com/pages/blue-light-card-discounts,NHS & Key Worker Discounts,Internal Page,Follow,ERR,,html,No,2,100.00
https://neomwellbeing.com/,https://neomwellbeing.com/pages/terms-conditions,Terms & Conditions,Internal Page,Follow,ERR,,html,No,2,100.00
https://neomwellbeing.com/,https://neomwellbeing.com/pages/modern-slavery-statement,Modern Slavery Statement,Internal Page,Follow,ERR,,html,No,2,100.00
https://neomwellbeing.com/,https://neomwellbeing.com/pages/privacy-policy,Privacy Policy,Internal Page,Follow,ERR,,html,No,2,100.00
https://neomwellbeing.com/,https://neomwellbeing.com/pages/cookie-policy,Cookie Policy,Internal Page,Follow,ERR,,html,No,2,100.00
https://neomwellbeing.com/,https://neomwellbeing.com/pages/sitemap,Sitemap,Internal Page,Follow,ERR,,html,No,2,100.00
https://neomwellbeing.com/,https://neomwellbeing.com/blogs/sleep,The Better Sleep Hub,Internal Page,Follow,ERR,,html,No,2,100.00
https://neomwellbeing.com/,https://neomwellbeing.com/blogs/stress,The Less Stress Hub,Internal Page,Follow,ERR,,html,No,2,100.00
https://neomwellbeing.com/,https://neomwellbeing.com/blogs/mood,The Mood-Boosting Hub,Internal Page,Follow,ERR,,html,No,2,100.00
https://neomwellbeing.com/,https://neomwellbeing.com/blogs/energy,The More Energy Hub,Internal Page,Follow,ERR,,html,No,2,100.00
https://neomwellbeing.com/,https://neomwellbeing.com/blogs/news,Trending & News,Internal Page,Follow,ERR,,html,No,2,100.00
https://neomwellbeing.com/,https://neomwellbeing.com/blogs/product-advice,Product Advice & Gift Guides,Internal Page,Follow,ERR,,html,No,2,100.00
https://neomwellbeing.com/products/complete-bliss-standard-scented-candle,https://neomwellbeing.com/products/complete-bliss-standard-scented-candle,Skip to content,Internal Page,Follow,ERR,,html,No,2,100.00
https://neomwellbeing.com/products/complete-bliss-standard-scented-candle,https://neomwellbeing.com/cart,CONTINUE TO CHECKOUT,Internal Page,Follow,ERR,,html,No,1,100.00
https://neomwellbeing.com/products/complete-bliss-standard-scented-candle,https://neomwellbeing.com/collections/body-wash,NEW BODY WASHES. SHOP NOW.,Internal Page,Follow,ERR,,html,No,2,100.00
https://neomwellbeing.com/products/complete-bliss-standard-scented-candle,https://neomwellbeing.com/collections/gift-with-purchase,FREE GIFTS WITH ORDERS £65+,Internal Page,Follow,ERR,,html,No,2,100.00
https://neomwellbeing.com/products/complete-bliss-standard-scented-candle,https://neomwellbeing.com/collections/bestsellers,FREE  STANDARD UK DELIVERY ON ORDERS £60+,Internal Page,Follow,ERR,,html,No,2,100.00
https://neomwellbeing.com/products/complete-bliss-standard-scented-candle,https://neomwellbeing.com/collections/essential-oil-blends,"Essential Oil Blends
                                                                Luxury essential oils
                                                            
                                                            SHOP OILS 


                                                        
                                                    
                                                            
                                                            Essential Oil Blends",Internal Page,Follow,ERR,,html,No,2,100.00
https://neomwellbeing.com/products/complete-bliss-standard-scented-candle,https://neomwellbeing.com/collections/the-wellbeing-pod-mini,"Wellbeing Pod Mini+
                                                                To scent small spaces
                                                            
                                                            SHOP POD MINI+ 


                                                        
                                                    
                                                            
                                                            Wellbeing Pod Mini+",Internal Page,Follow,ERR,,html,No,2,100.00
https://neomwellbeing.com/products/complete-bliss-standard-scented-candle,https://neomwellbeing.com/collections/the-wellbeing-pod,"Wellbeing Pod
                                                                To scent medium spaces
                                                            
                                                            SHOP POD 


                                                        
                                                    
                                                            
                                                            Wellbeing Pod",Internal Page,Follow,ERR,,html,No,2,100.00
https://neomwellbeing.com/products/complete-bliss-standard-scented-candle,https://neomwellbeing.com/collections/wellbeing-pod-luxe,"Wellbeing Pod Luxe
                                                                To scent large spaces
                                                            
                                                            SHOP POD LUXE 


                                                        
                                                    
                                                            
                                                            Wellbeing Pod Luxe",Internal Page,Follow,ERR,,html,No,2,100.00
https://neomwellbeing.com/products/complete-bliss-standard-scented-candle,https://neomwellbeing.com/collections/home-fragrance,Shop All Home Fragrance,Internal Page,Follow,ERR,,html,No,2,100.00
https://neomwellbeing.com/products/complete-bliss-standard-scented-candle,https://neomwellbeing.com/collections/reed-diffusers,Reed Diffusers,Internal Page,Follow,ERR,,html,No,2,100.00
https://neomwellbeing.com/products/complete-bliss-standard-scented-candle,https://neomwellbeing.com/collections/candles,Candles,Internal Page,Follow,ERR,,html,No,2,100.00
https://neomwellbeing.com/products/complete-bliss-standard-scented-candle,https://neomwellbeing.com/collections/electric-diffusers,Wellbeing Pods,Internal Page,Follow,ERR,,html,No,2,100.00
https://neomwellbeing.com/products/complete-bliss-standard-scented-candle,https://neomwellbeing.com/collections/mists,Room Spray,Internal Page,Follow,ERR,,html,No,2,100.00
https://neomwellbeing.com/products/complete-bliss-standard-scented-candle,https://neomwellbeing.com/collections/sleep-mist,Sleep Mist,Internal Page,Follow,ERR,,html,No,2,100.00
https://neomwellbeing.com/products/complete-bliss-standard-scented-candle,https://neomwellbeing.com/collections/bath-body,Shop All Bath & Body,Internal Page,Follow,ERR,,html,No,2,100.00
https://neomwellbeing.com/products/complete-bliss-standard-scented-candle,https://neomwellbeing.com/collections/bath-oils-foams,Bath Foams & Milks,Internal Page,Follow,ERR,,html,No,2,100.00
https://neomwellbeing.com/products/complete-bliss-standard-scented-candle,https://neomwellbeing.com/collections/body-oils-scrubs,"Body Oils, Milks, Scrubs & Polish",Internal Page,Follow,ERR,,html,No,2,100.00
https://neomwellbeing.com/products/complete-bliss-standard-scented-candle,https://neomwellbeing.com/collections/travel,Travel Size,Internal Page,Follow,ERR,,html,No,2,100.00
https://neomwellbeing.com/products/complete-bliss-standard-scented-candle,https://neomwellbeing.com/collections/body-washes-lotions,"Hand Balms, Washes & Lotions",Internal Page,Follow,ERR,,html,No,2,100.00
https://neomwellbeing.com/products/complete-bliss-standard-scented-candle,https://neomwellbeing.com/collections/body-butter,Magnesium Body Butters,Internal Page,Follow,ERR,,html,No,2,100.00
https://neomwellbeing.com/products/complete-bliss-standard-scented-candle,https://neomwellbeing.com/collections/essential-oil-roll-on-pulse-points,Essential Oil Roll-On Pens,Internal Page,Follow,ERR,,html,No,2,100.00
https://neomwellbeing.com/products/complete-bliss-standard-scented-candle,https://neomwellbeing.com/collections/massage-candles,Massage Candles,Internal Page,Follow,ERR,,html,No,2,100.00
https://neomwellbeing.com/products/complete-bliss-standard-scented-candle,https://neomwellbeing.com/collections/magnesium,Magnesium,Internal Page,Follow,ERR,,html,No,2,100.00
https://neomwellbeing.com/products/complete-bliss-standard-scented-candle,https://neomwellbeing.com/collections/super-shower-power-shampoo-conditioner,Shop All Haircare,Internal Page,Follow,ERR,,html,No,2,100.00
https://neomwellbeing.com/products/complete-bliss-standard-scented-candle,https://neomwellbeing.com/collections/hair-skincare,Shop All Skincare,Internal Page,Follow,ERR,,html,No,2,100.00
https://neomwellbeing.com/products/complete-bliss-standard-scented-candle,https://neomwellbeing.com/collections/wonder-balm,Wonder Balms,Internal Page,Follow,ERR,,html,No,2,100.00
https://neomwellbeing.com/products/complete-bliss-standard-scented-candle,https://neomwellbeing.com/collections/cleansing-balm,Cleansers,Internal Page,Follow,ERR,,html,No,2,100.00
https://neomwellbeing.com/products/complete-bliss-standard-scented-candle,https://neomwellbeing.com/collections/energising-face-mist,Face Mist,Internal Page,Follow,ERR,,html,No,2,100.00
https://neomwellbeing.com/products/complete-bliss-standard-scented-candle,https://neomwellbeing.com/collections/scent-to-sleep,"Better Sleep
                                                                Stop, breathe, sleep
                                                            
                                                            SHOP NOW 


                                                        
                                                    
                                                            
                                                            Better Sleep",Internal Page,Follow,ERR,,html,No,2,100.00
https://neomwellbeing.com/products/complete-bliss-standard-scented-candle,https://neomwellbeing.com/collections/scent-to-de-stress,"Less Stress
                                                                Feel the tension lift
                                                            
                                                            SHOP NOW 


                                                        
                                                    
                                                            
                                                            Less Stress",Internal Page,Follow,ERR,,html,No,2,100.00
https://neomwellbeing.com/products/complete-bliss-standard-scented-candle,https://neomwellbeing.com/collections/scent-to-make-you-happy,"Mood Boost
                                                                Kickstart happy vibes
                                                            
                                                            SHOP NOW 


                                                        
                                                    
                                                            
                                                            Mood Boost",Internal Page,Follow,ERR,,html,No,2,100.00
https://neomwellbeing.com/products/complete-bliss-standard-scented-candle,https://neomwellbeing.com/collections/scent-to-boost-your-energy,"Energy Boost
                                                                Supercharge you
                                                            
                                                            SHOP NOW 


                                                        
                                                    
                                                            
                                                            Energy Boost",Internal Page,Follow,ERR,,html,No,2,100.00
https://neomwellbeing.com/products/complete-bliss-standard-scented-candle,https://neomwellbeing.com/pages/wellbeing-gifts,Gifts By Occasion,Internal Page,Follow,ERR,,html,No,2,100.00
https://neomwellbeing.com/products/complete-bliss-standard-scented-candle,https://neomwellbeing.com/collections/birthday-gifts,Birthday Gifts,Internal Page,Follow,ERR,,html,No,2,100.00
https://neomwellbeing.com/products/complete-bliss-standard-scented-candle,https://neomwellbeing.com/collections/parent-to-be-gifts,Parent to Be Gifts,Internal Page,Follow,ERR,,html,No,2,100.00
https://neomwellbeing.com/products/complete-bliss-standard-scented-candle,https://neomwellbeing.com/collections/thank-you-gifts,Thank You Gifts,Internal Page,Follow,ERR,,html,No,2,100.00
https://neomwellbeing.com/products/complete-bliss-standard-scented-candle,https://neomwellbeing.com/collections/just-because,Just Because Gifts,Internal Page,Follow,ERR,,html,No,2,100.00
https://neomwellbeing.com/products/complete-bliss-standard-scented-candle,https://neomwellbeing.com/collections/gifts-for-her,Gifts For Her,Internal Page,Follow,ERR,,html,No,2,100.00
https://neomwellbeing.com/products/complete-bliss-standard-scented-candle,https://neomwellbeing.com/collections/gifts-little-luxuries,Gifts Under £25,Internal Page,Follow,ERR,,html,No,2,100.00
https://neomwellbeing.com/products/complete-bliss-standard-scented-candle,https://neomwellbeing.com/collections/special-moments,Gifts Under £50,Internal Page,Follow,ERR,,html,No,2,100.00
https://neomwellbeing.com/products/complete-bliss-standard-scented-candle,https://neomwellbeing.com/collections/ultimate-gifts,Gifts Under £100,Internal Page,Follow,ERR,,html,No,2,100.00
https://neomwellbeing.com/products/complete-bliss-standard-scented-candle,https://neomwellbeing.com/collections/luxury-gifts,Luxury Gifts,Internal Page,Follow,ERR,,html,No,2,100.00
https://neomwellbeing.com/products/complete-bliss-standard-scented-candle,https://neomwellbeing.com/collections/gift-boxes-and-gift-bags,Gift Services,Internal Page,Follow,ERR,,html,No,2,100.00
https://neomwellbeing.com/products/complete-bliss-standard-scented-candle,https://neomwellbeing.com/pages/build-a-wellbeing-gift,Build A Gift & Save 20%,Internal Page,Follow,ERR,,html,No,2,100.00
https://neomwellbeing.com/products/complete-bliss-standard-scented-candle,https://neomwellbeing.com/products/neom-gift-cards,Digital Gift Cards,Internal Page,Follow,ERR,,html,No,2,100.00
https://neomwellbeing.com/products/complete-bliss-standard-scented-candle,https://neomwellbeing.com/pages/corporate-gifting,Corporate Gifting,Internal Page,Follow,ERR,,html,No,2,100.00
https://neomwellbeing.com/products/complete-bliss-standard-scented-candle,https://neomwellbeing.com/collections/wellbeing-outlet,"Wellbeing Outlet
                                                                Save on natural favourites
                                                            
                                                            SHOP NOW 


                                                        
                                                    
                                                            
                                                            Wellbeing Outlet",Internal Page,Follow,ERR,,html,No,2,100.00
https://neomwellbeing.com/products/complete-bliss-standard-scented-candle,https://neomwellbeing.com/collections/supercharged-collections-with-a-saving,"Bundle & Save
                                                                Find the perfect routine
                                                            
                                                            SHOP NOW 


                                                        
                                                    
                                                            
                                                            Bundle & Save",Internal Page,Follow,ERR,,html,No,2,100.00
https://neomwellbeing.com/products/complete-bliss-standard-scented-candle,https://neomwellbeing.com/pages/neom-points,Loyalty,Internal Page,Follow,ERR,,html,No,2,100.00
https://neomwellbeing.com/products/complete-bliss-standard-scented-candle,https://neomwellbeing.com/pages/our-locations,Our Locations,Internal Page,Follow,ERR,,html,No,2,100.00
https://neomwellbeing.com/products/complete-bliss-standard-scented-candle,https://neomwellbeing.com/pages/careers,Careers,Internal Page,Follow,ERR,,html,No,2,100.00
https://neomwellbeing.com/products/complete-bliss-standard-scented-candle,https://neomwellbeing.com/blogs/wellbeing,Wellbeing Tips,Internal Page,Follow,ERR,,html,No,2,100.00
https://neomwellbeing.com/products/complete-bliss-standard-scented-candle,https://neomwellbeing.com/pages/charity-partnerships,Charity Partnership,Internal Page,Follow,ERR,,html,No,2,100.00
https://neomwellbeing.com/products/complete-bliss-standard-scented-candle,https://neomwellbeing.com/pages/awards,Awards,Internal Page,Follow,ERR,,html,No,2,100.00
https://neomwellbeing.com/products/complete-bliss-standard-scented-candle,https://neomwellbeing.com/pages/sustainability,"Our Commitment
                                                            LEARN MORE 


                                                        
                                                    
                                                            
                                                            Our Commitment",Internal Page,Follow,ERR,,html,No,2,100.00
https://neomwellbeing.com/products/complete-bliss-standard-scented-candle,https://neomwellbeing.com/pages/wishlist,,Internal Page,Follow,ERR,,html,No,2,80.00
https://neomwellbeing.com/products/complete-bliss-standard-scented-candle,https://neomwellbeing.com/,,Internal Page,Follow,ERR,,html,No,0,80.00
https://neomwellbeing.com/products/complete-bliss-standard-scented-candle,https://neomwellbeing.com/account/login,Sign in,Internal Page,Follow,ERR,,html,No,2,100.00
https://neomwellbeing.com/products/complete-bliss-standard-scented-candle,https://neomwellbeing.com/pages/shop-by-wellbeing-range,Wellbeing Concern,Internal Page,Follow,ERR,,html,No,2,100.00
https://neomwellbeing.com/products/complete-bliss-standard-scented-candle,https://neomwellbeing.com/collections/gift-sets,Gifts,Internal Page,Follow,ERR,,html,No,2,100.00
https://neomwellbeing.com/products/complete-bliss-standard-scented-candle,https://neomwellbeing.com/pages/about-us,About Us,Internal Page,Follow,ERR,,html,No,2,100.00
https://neomwellbeing.com/products/complete-bliss-standard-scented-candle,https://neomwellbeing.com/products/black-stainless-steel-wick-trimmer,The perfect partner for your NEOM candle... our exclusive Wick Trimmer keeps your candle burning cleanly and evenly. Shop now.,Internal Page,Follow,ERR,,html,No,2,100.00
https://neomwellbeing.com/products/complete-bliss-standard-scented-candle,https://neomwellbeing.com/products/complete-bliss-luxury-scented-candle,Complete Bliss Scented Candle (3 Wick),Internal Page,Follow,ERR,,html,No,2,100.00
https://neomwellbeing.com/products/complete-bliss-standard-scented-candle,https://neomwellbeing.com/products/complete-bliss-travel-scented-candle,Complete Bliss Scented Candle (Travel),Internal Page,Follow,ERR,,html,No,2,100.00
https://neomwellbeing.com/products/complete-bliss-standard-scented-candle,https://neomwellbeing.com/products/real-luxury-magnesium-body-butter-30ml,,Internal Page,Follow,ERR,,html,No,2,80.00
https://neomwellbeing.com/products/complete-bliss-standard-scented-candle,https://neomwellbeing.com/products/complete-bliss-pod-starter-pack,,Internal Page,Follow,ERR,,html,No,2,80.00
https://neomwellbeing.com/products/complete-bliss-standard-scented-candle,https://neomwellbeing.com/products/real-luxury-standard-scented-candle,,Internal Page,Follow,ERR,,html,No,2,80.00
https://neomwellbeing.com/products/complete-bliss-standard-scented-candle,https://neomwellbeing.com/products/feel-refreshed-standard-scented-candle,,Internal Page,Follow,ERR,,html,No,2,80.00
https://neomwellbeing.com/products/complete-bliss-standard-scented-candle,https://neomwellbeing.com/products/perfect-nights-sleep-standard-scented-candle,,Internal Page,Follow,ERR,,html,No,2,80.00
https://neomwellbeing.com/products/complete-bliss-standard-scented-candle,https://neomwellbeing.com/products/happiness-standard-scented-candle,,Internal Page,Follow,ERR,,html,No,2,80.00
https://neomwellbeing.com/products/complete-bliss-standard-scented-candle,https://neomwellbeing.com/products/feel-refreshed-luxury-scented-candle,,Internal Page,Follow,ERR,,html,No,2,80.00
https://neomwellbeing.com/products/complete-bliss-standard-scented-candle,https://neomwellbeing.com/products/complete-bliss-essential-oil-blend,,Internal Page,Follow,ERR,,html,No,2,80.00
https://neomwellbeing.com/products/complete-bliss-standard-scented-candle,https://neomwellbeing.com/pages/postage,,Internal Page,Follow,ERR,,html,No,2,80.00
https://neomwellbeing.com/products/complete-bliss-standard-scented-candle,https://neomwellbeing.com/pages/contact-us,,Internal Page,Follow,ERR,,html,No,2,80.00
https://neomwellbeing.com/products/complete-bliss-standard-scented-candle,https://neomwellbeing.com/pages/proud-to-be-b-corp,Proud to be B Corp,Internal Page,Follow,ERR,,html,No,2,100.00
https://neomwellbeing.com/products/complete-bliss-standard-scented-candle,https://neomwellbeing.com/pages/directors-shareholders,Our Directors,Internal Page,Follow,ERR,,html,No,2,100.00
https://neomwellbeing.com/products/complete-bliss-standard-scented-candle,https://neomwellbeing.com/pages/seo-reviews,Reviews,Internal Page,Follow,ERR,,html,No,2,100.00
https://neomwellbeing.com/products/complete-bliss-standard-scented-candle,https://neomwellbeing.com/pages/refer-a-friend,Refer a Friend,Internal Page,Follow,ERR,,html,No,2,100.00
https://neomwellbeing.com/products/complete-bliss-standard-scented-candle,https://neomwellbeing.com/pages/subscriptions,Subscriptions,Internal Page,Follow,ERR,,html,No,2,100.00
https://neomwellbeing.com/products/complete-bliss-standard-scented-candle,https://neomwellbeing.com/pages/become-a-neom-partner,Become a NEOM Partner,Internal Page,Follow,ERR,,html,No,2,100.00
https://neomwellbeing.com/products/complete-bliss-standard-scented-candle,https://neomwellbeing.com/pages/neom-ambassadors,NEOM Ambassadors,Internal Page,Follow,ERR,,html,No,2,100.00
https://neomwellbeing.com/products/complete-bliss-standard-scented-candle,https://neomwellbeing.com/pages/black-friday,Black Friday,Internal Page,Follow,ERR,,html,No,2,100.00
https://neomwellbeing.com/products/complete-bliss-standard-scented-candle,https://neomwellbeing.com/pages/blue-light-card-discounts,NHS & Key Worker Discounts,Internal Page,Follow,ERR,,html,No,2,100.00
https://neomwellbeing.com/products/complete-bliss-standard-scented-candle,https://neomwellbeing.com/pages/terms-conditions,Terms & Conditions,Internal Page,Follow,ERR,,html,No,2,100.00
https://neomwellbeing.com/products/complete-bliss-standard-scented-candle,https://neomwellbeing.com/pages/modern-slavery-statement,Modern Slavery Statement,Internal Page,Follow,ERR,,html,No,2,100.00
https://neomwellbeing.com/products/complete-bliss-standard-scented-candle,https://neomwellbeing.com/pages/privacy-policy,Privacy Policy,Internal Page,Follow,ERR,,html,No,2,100.00
https://neomwellbeing.com/products/complete-bliss-standard-scented-candle,https://neomwellbeing.com/pages/cookie-policy,Cookie Policy,Internal Page,Follow,ERR,,html,No,2,100.00
https://neomwellbeing.com/products/complete-bliss-standard-scented-candle,https://neomwellbeing.com/pages/sitemap,Sitemap,Internal Page,Follow,ERR,,html,No,2,100.00
https://neomwellbeing.com/products/complete-bliss-standard-scented-candle,https://neomwellbeing.com/blogs/sleep,The Better Sleep Hub,Internal Page,Follow,ERR,,html,No,2,100.00
https://neomwellbeing.com/products/complete-bliss-standard-scented-candle,https://neomwellbeing.com/blogs/stress,The Less Stress Hub,Internal Page,Follow,ERR,,html,No,2,100.00
https://neomwellbeing.com/products/complete-bliss-standard-scented-candle,https://neomwellbeing.com/blogs/mood,The Mood-Boosting Hub,Internal Page,Follow,ERR,,html,No,2,100.00
https://neomwellbeing.com/products/complete-bliss-standard-scented-candle,https://neomwellbeing.com/blogs/energy,The More Energy Hub,Internal Page,Follow,ERR,,html,No,2,100.00
https://neomwellbeing.com/products/complete-bliss-standard-scented-candle,https://neomwellbeing.com/blogs/news,Trending & News,Internal Page,Follow,ERR,,html,No,2,100.00
https://neomwellbeing.com/products/complete-bliss-standard-scented-candle,https://neomwellbeing.com/blogs/product-advice,Product Advice & Gift Guides,Internal Page,Follow,ERR,,html,No,2,100.00
https://neomwellbeing.com/products/perfect-night-sleep-luxury-scented-candle,https://neomwellbeing.com/products/perfect-night-sleep-luxury-scented-candle,Skip to content,Internal Page,Follow,ERR,,html,No,2,100.00
https://neomwellbeing.com/products/perfect-night-sleep-luxury-scented-candle,https://neomwellbeing.com/cart,CONTINUE TO CHECKOUT,Internal Page,Follow,ERR,,html,No,1,100.00
https://neomwellbeing.com/products/perfect-night-sleep-luxury-scented-candle,https://neomwellbeing.com/collections/body-wash,NEW BODY WASHES. SHOP NOW.,Internal Page,Follow,ERR,,html,No,2,100.00
https://neomwellbeing.com/products/perfect-night-sleep-luxury-scented-candle,https://neomwellbeing.com/collections/gift-with-purchase,FREE GIFTS WITH ORDERS £65+,Internal Page,Follow,ERR,,html,No,2,100.00
https://neomwellbeing.com/products/perfect-night-sleep-luxury-scented-candle,https://neomwellbeing.com/collections/bestsellers,FREE  STANDARD UK DELIVERY ON ORDERS £60+,Internal Page,Follow,ERR,,html,No,2,100.00
https://neomwellbeing.com/products/perfect-night-sleep-luxury-scented-candle,https://neomwellbeing.com/collections/essential-oil-blends,"Essential Oil Blends
                                                                Luxury essential oils
                                                            
                                                            SHOP OILS 


                                                        
                                                    
                                                            
                                                            Essential Oil Blends",Internal Page,Follow,ERR,,html,No,2,100.00
https://neomwellbeing.com/products/perfect-night-sleep-luxury-scented-candle,https://neomwellbeing.com/collections/the-wellbeing-pod-mini,"Wellbeing Pod Mini+
                                                                To scent small spaces
                                                            
                                                            SHOP POD MINI+ 


                                                        
                                                    
                                                            
                                                            Wellbeing Pod Mini+",Internal Page,Follow,ERR,,html,No,2,100.00
https://neomwellbeing.com/products/perfect-night-sleep-luxury-scented-candle,https://neomwellbeing.com/collections/the-wellbeing-pod,"Wellbeing Pod
                                                                To scent medium spaces
                                                            
                                                            SHOP POD 


                                                        
                                                    
                                                            
                                                            Wellbeing Pod",Internal Page,Follow,ERR,,html,No,2,100.00
https://neomwellbeing.com/products/perfect-night-sleep-luxury-scented-candle,https://neomwellbeing.com/collections/wellbeing-pod-luxe,"Wellbeing Pod Luxe
                                                                To scent large spaces
                                                            
                                                            SHOP POD LUXE 


                                                        
                                                    
                                                            
                                                            Wellbeing Pod Luxe",Internal Page,Follow,ERR,,html,No,2,100.00
https://neomwellbeing.com/products/perfect-night-sleep-luxury-scented-candle,https://neomwellbeing.com/collections/home-fragrance,Shop All Home Fragrance,Internal Page,Follow,ERR,,html,No,2,100.00
https://neomwellbeing.com/products/perfect-night-sleep-luxury-scented-candle,https://neomwellbeing.com/collections/reed-diffusers,Reed Diffusers,Internal Page,Follow,ERR,,html,No,2,100.00
https://neomwellbeing.com/products/perfect-night-sleep-luxury-scented-candle,https://neomwellbeing.com/collections/candles,Candles,Internal Page,Follow,ERR,,html,No,2,100.00
https://neomwellbeing.com/products/perfect-night-sleep-luxury-scented-candle,https://neomwellbeing.com/collections/electric-diffusers,Wellbeing Pods,Internal Page,Follow,ERR,,html,No,2,100.00
https://neomwellbeing.com/products/perfect-night-sleep-luxury-scented-candle,https://neomwellbeing.com/collections/mists,Room Spray,Internal Page,Follow,ERR,,html,No,2,100.00
https://neomwellbeing.com/products/perfect-night-sleep-luxury-scented-candle,https://neomwellbeing.com/collections/sleep-mist,Sleep Mist,Internal Page,Follow,ERR,,html,No,2,100.00
https://neomwellbeing.com/products/perfect-night-sleep-luxury-scented-candle,https://neomwellbeing.com/collections/bath-body,Shop All Bath & Body,Internal Page,Follow,ERR,,html,No,2,100.00
https://neomwellbeing.com/products/perfect-night-sleep-luxury-scented-candle,https://neomwellbeing.com/collections/bath-oils-foams,Bath Foams & Milks,Internal Page,Follow,ERR,,html,No,2,100.00
https://neomwellbeing.com/products/perfect-night-sleep-luxury-scented-candle,https://neomwellbeing.com/collections/body-oils-scrubs,"Body Oils, Milks, Scrubs & Polish",Internal Page,Follow,ERR,,html,No,2,100.00
https://neomwellbeing.com/products/perfect-night-sleep-luxury-scented-candle,https://neomwellbeing.com/collections/travel,Travel Size,Internal Page,Follow,ERR,,html,No,2,100.00
https://neomwellbeing.com/products/perfect-night-sleep-luxury-scented-candle,https://neomwellbeing.com/collections/body-washes-lotions,"Hand Balms, Washes & Lotions",Internal Page,Follow,ERR,,html,No,2,100.00
https://neomwellbeing.com/products/perfect-night-sleep-luxury-scented-candle,https://neomwellbeing.com/collections/body-butter,Magnesium Body Butters,Internal Page,Follow,ERR,,html,No,2,100.00
https://neomwellbeing.com/products/perfect-night-sleep-luxury-scented-candle,https://neomwellbeing.com/collections/essential-oil-roll-on-pulse-points,Essential Oil Roll-On Pens,Internal Page,Follow,ERR,,html,No,2,100.00
https://neomwellbeing.com/products/perfect-night-sleep-luxury-scented-candle,https://neomwellbeing.com/collections/massage-candles,Massage Candles,Internal Page,Follow,ERR,,html,No,2,100.00
https://neomwellbeing.com/products/perfect-night-sleep-luxury-scented-candle,https://neomwellbeing.com/collections/magnesium,Magnesium,Internal Page,Follow,ERR,,html,No,2,100.00
https://neomwellbeing.com/products/perfect-night-sleep-luxury-scented-candle,https://neomwellbeing.com/collections/super-shower-power-shampoo-conditioner,Shop All Haircare,Internal Page,Follow,ERR,,html,No,2,100.00
https://neomwellbeing.com/products/perfect-night-sleep-luxury-scented-candle,https://neomwellbeing.com/collections/hair-skincare,Shop All Skincare,Internal Page,Follow,ERR,,html,No,2,100.00
https://neomwellbeing.com/products/perfect-night-sleep-luxury-scented-candle,https://neomwellbeing.com/collections/wonder-balm,Wonder Balms,Internal Page,Follow,ERR,,html,No,2,100.00
https://neomwellbeing.com/products/perfect-night-sleep-luxury-scented-candle,https://neomwellbeing.com/collections/cleansing-balm,Cleansers,Internal Page,Follow,ERR,,html,No,2,100.00
https://neomwellbeing.com/products/perfect-night-sleep-luxury-scented-candle,https://neomwellbeing.com/collections/energising-face-mist,Face Mist,Internal Page,Follow,ERR,,html,No,2,100.00
https://neomwellbeing.com/products/perfect-night-sleep-luxury-scented-candle,https://neomwellbeing.com/collections/scent-to-sleep,"Better Sleep
                                                                Stop, breathe, sleep
                                                            
                                                            SHOP NOW 


                                                        
                                                    
                                                            
                                                            Better Sleep",Internal Page,Follow,ERR,,html,No,2,100.00
https://neomwellbeing.com/products/perfect-night-sleep-luxury-scented-candle,https://neomwellbeing.com/collections/scent-to-de-stress,"Less Stress
                                                                Feel the tension lift
                                                            
                                                            SHOP NOW 


                                                        
                                                    
                                                            
                                                            Less Stress",Internal Page,Follow,ERR,,html,No,2,100.00
https://neomwellbeing.com/products/perfect-night-sleep-luxury-scented-candle,https://neomwellbeing.com/collections/scent-to-make-you-happy,"Mood Boost
                                                                Kickstart happy vibes
                                                            
                                                            SHOP NOW 


                                                        
                                                    
                                                            
                                                            Mood Boost",Internal Page,Follow,ERR,,html,No,2,100.00
https://neomwellbeing.com/products/perfect-night-sleep-luxury-scented-candle,https://neomwellbeing.com/collections/scent-to-boost-your-energy,"Energy Boost
                                                                Supercharge you
                                                            
                                                            SHOP NOW 


                                                        
                                                    
                                                            
                                                            Energy Boost",Internal Page,Follow,ERR,,html,No,2,100.00
https://neomwellbeing.com/products/perfect-night-sleep-luxury-scented-candle,https://neomwellbeing.com/pages/wellbeing-gifts,Gifts By Occasion,Internal Page,Follow,ERR,,html,No,2,100.00
https://neomwellbeing.com/products/perfect-night-sleep-luxury-scented-candle,https://neomwellbeing.com/collections/birthday-gifts,Birthday Gifts,Internal Page,Follow,ERR,,html,No,2,100.00
https://neomwellbeing.com/products/perfect-night-sleep-luxury-scented-candle,https://neomwellbeing.com/collections/parent-to-be-gifts,Parent to Be Gifts,Internal Page,Follow,ERR,,html,No,2,100.00
https://neomwellbeing.com/products/perfect-night-sleep-luxury-scented-candle,https://neomwellbeing.com/collections/thank-you-gifts,Thank You Gifts,Internal Page,Follow,ERR,,html,No,2,100.00
https://neomwellbeing.com/products/perfect-night-sleep-luxury-scented-candle,https://neomwellbeing.com/collections/just-because,Just Because Gifts,Internal Page,Follow,ERR,,html,No,2,100.00
https://neomwellbeing.com/products/perfect-night-sleep-luxury-scented-candle,https://neomwellbeing.com/collections/gifts-for-her,Gifts For Her,Internal Page,Follow,ERR,,html,No,2,100.00
https://neomwellbeing.com/products/perfect-night-sleep-luxury-scented-candle,https://neomwellbeing.com/collections/gifts-little-luxuries,Gifts Under £25,Internal Page,Follow,ERR,,html,No,2,100.00
https://neomwellbeing.com/products/perfect-night-sleep-luxury-scented-candle,https://neomwellbeing.com/collections/special-moments,Gifts Under £50,Internal Page,Follow,ERR,,html,No,2,100.00
https://neomwellbeing.com/products/perfect-night-sleep-luxury-scented-candle,https://neomwellbeing.com/collections/ultimate-gifts,Gifts Under £100,Internal Page,Follow,ERR,,html,No,2,100.00
https://neomwellbeing.com/products/perfect-night-sleep-luxury-scented-candle,https://neomwellbeing.com/collections/luxury-gifts,Luxury Gifts,Internal Page,Follow,ERR,,html,No,2,100.00
https://neomwellbeing.com/products/perfect-night-sleep-luxury-scented-candle,https://neomwellbeing.com/collections/gift-boxes-and-gift-bags,Gift Services,Internal Page,Follow,ERR,,html,No,2,100.00
https://neomwellbeing.com/products/perfect-night-sleep-luxury-scented-candle,https://neomwellbeing.com/pages/build-a-wellbeing-gift,Build A Gift & Save 20%,Internal Page,Follow,ERR,,html,No,2,100.00
https://neomwellbeing.com/products/perfect-night-sleep-luxury-scented-candle,https://neomwellbeing.com/products/neom-gift-cards,Digital Gift Cards,Internal Page,Follow,ERR,,html,No,2,100.00
https://neomwellbeing.com/products/perfect-night-sleep-luxury-scented-candle,https://neomwellbeing.com/pages/corporate-gifting,Corporate Gifting,Internal Page,Follow,ERR,,html,No,2,100.00
https://neomwellbeing.com/products/perfect-night-sleep-luxury-scented-candle,https://neomwellbeing.com/collections/wellbeing-outlet,"Wellbeing Outlet
                                                                Save on natural favourites
                                                            
                                                            SHOP NOW 


                                                        
                                                    
                                                            
                                                            Wellbeing Outlet",Internal Page,Follow,ERR,,html,No,2,100.00
https://neomwellbeing.com/products/perfect-night-sleep-luxury-scented-candle,https://neomwellbeing.com/collections/supercharged-collections-with-a-saving,"Bundle & Save
                                                                Find the perfect routine
                                                            
                                                            SHOP NOW 


                                                        
                                                    
                                                            
                                                            Bundle & Save",Internal Page,Follow,ERR,,html,No,2,100.00
https://neomwellbeing.com/products/perfect-night-sleep-luxury-scented-candle,https://neomwellbeing.com/pages/neom-points,Loyalty,Internal Page,Follow,ERR,,html,No,2,100.00
https://neomwellbeing.com/products/perfect-night-sleep-luxury-scented-candle,https://neomwellbeing.com/pages/our-locations,Our Locations,Internal Page,Follow,ERR,,html,No,2,100.00
https://neomwellbeing.com/products/perfect-night-sleep-luxury-scented-candle,https://neomwellbeing.com/pages/careers,Careers,Internal Page,Follow,ERR,,html,No,2,100.00
https://neomwellbeing.com/products/perfect-night-sleep-luxury-scented-candle,https://neomwellbeing.com/blogs/wellbeing,Wellbeing Tips,Internal Page,Follow,ERR,,html,No,2,100.00
https://neomwellbeing.com/products/perfect-night-sleep-luxury-scented-candle,https://neomwellbeing.com/pages/charity-partnerships,Charity Partnership,Internal Page,Follow,ERR,,html,No,2,100.00
https://neomwellbeing.com/products/perfect-night-sleep-luxury-scented-candle,https://neomwellbeing.com/pages/awards,Awards,Internal Page,Follow,ERR,,html,No,2,100.00
https://neomwellbeing.com/products/perfect-night-sleep-luxury-scented-candle,https://neomwellbeing.com/pages/sustainability,"Our Commitment
                                                            LEARN MORE 


                                                        
                                                    
                                                            
                                                            Our Commitment",Internal Page,Follow,ERR,,html,No,2,100.00
https://neomwellbeing.com/products/perfect-night-sleep-luxury-scented-candle,https://neomwellbeing.com/pages/wishlist,,Internal Page,Follow,ERR,,html,No,2,80.00
https://neomwellbeing.com/products/perfect-night-sleep-luxury-scented-candle,https://neomwellbeing.com/,,Internal Page,Follow,ERR,,html,No,0,80.00
https://neomwellbeing.com/products/perfect-night-sleep-luxury-scented-candle,https://neomwellbeing.com/account/login,Sign in,Internal Page,Follow,ERR,,html,No,2,100.00
https://neomwellbeing.com/products/perfect-night-sleep-luxury-scented-candle,https://neomwellbeing.com/pages/shop-by-wellbeing-range,Wellbeing Concern,Internal Page,Follow,ERR,,html,No,2,100.00
https://neomwellbeing.com/products/perfect-night-sleep-luxury-scented-candle,https://neomwellbeing.com/collections/gift-sets,Gifts,Internal Page,Follow,ERR,,html,No,2,100.00
https://neomwellbeing.com/products/perfect-night-sleep-luxury-scented-candle,https://neomwellbeing.com/pages/about-us,About Us,Internal Page,Follow,ERR,,html,No,2,100.00
https://neomwellbeing.com/products/perfect-night-sleep-luxury-scented-candle,https://neomwellbeing.com/products/perfect-nights-sleep-pillow-mist,Perfect Night's Sleep Mist,Internal Page,Follow,ERR,,html,No,2,100.00
https://neomwellbeing.com/products/perfect-night-sleep-luxury-scented-candle,https://neomwellbeing.com/products/black-stainless-steel-wick-trimmer,The perfect partner for your NEOM candle... our exclusive Wick Trimmer keeps your candle burning cleanly and evenly. Shop now.,Internal Page,Follow,ERR,,html,No,2,100.00
https://neomwellbeing.com/products/perfect-night-sleep-luxury-scented-candle,https://neomwellbeing.com/products/perfect-nights-sleep-standard-scented-candle,Perfect Night's Sleep Scented Candle (1 Wick),Internal Page,Follow,ERR,,html,No,2,100.00
https://neomwellbeing.com/products/perfect-night-sleep-luxury-scented-candle,https://neomwellbeing.com/products/perfect-nights-sleep-travel-scented-candle,Perfect Night's Sleep Scented Candle (Travel),Internal Page,Follow,ERR,,html,No,2,100.00
https://neomwellbeing.com/products/perfect-night-sleep-luxury-scented-candle,https://neomwellbeing.com/products/happiness-luxury-scented-candle,,Internal Page,Follow,ERR,,html,No,2,80.00
https://neomwellbeing.com/products/perfect-night-sleep-luxury-scented-candle,https://neomwellbeing.com/products/perfect-nights-sleep-reed-diffuser,,Internal Page,Follow,ERR,,html,No,2,80.00
https://neomwellbeing.com/products/perfect-night-sleep-luxury-scented-candle,https://neomwellbeing.com/products/wellbeing-candle-trio,,Internal Page,Follow,ERR,,html,No,2,80.00
https://neomwellbeing.com/products/perfect-night-sleep-luxury-scented-candle,https://neomwellbeing.com/products/perfect-nights-sleep-mist,,Internal Page,Follow,ERR,,html,No,2,80.00
https://neomwellbeing.com/products/perfect-night-sleep-luxury-scented-candle,https://neomwellbeing.com/products/real-luxury-scented-candle,,Internal Page,Follow,ERR,,html,No,2,80.00
https://neomwellbeing.com/products/perfect-night-sleep-luxury-scented-candle,https://neomwellbeing.com/products/bedtime-hero-scented-candle-3-wick,,Internal Page,Follow,ERR,,html,No,2,80.00
https://neomwellbeing.com/products/perfect-night-sleep-luxury-scented-candle,https://neomwellbeing.com/products/perfect-night-sleep-essential-oil-blend-10ml,,Internal Page,Follow,ERR,,html,No,2,80.00
https://neomwellbeing.com/products/perfect-night-sleep-luxury-scented-candle,https://neomwellbeing.com/products/complete-bliss-luxury-scented-candle,,Internal Page,Follow,ERR,,html,No,2,80.00
https://neomwellbeing.com/products/perfect-night-sleep-luxury-scented-candle,https://neomwellbeing.com/pages/postage,,Internal Page,Follow,ERR,,html,No,2,80.00
https://neomwellbeing.com/products/perfect-night-sleep-luxury-scented-candle,https://neomwellbeing.com/pages/contact-us,,Internal Page,Follow,ERR,,html,No,2,80.00
https://neomwellbeing.com/products/perfect-night-sleep-luxury-scented-candle,https://neomwellbeing.com/pages/proud-to-be-b-corp,Proud to be B Corp,Internal Page,Follow,ERR,,html,No,2,100.00
https://neomwellbeing.com/products/perfect-night-sleep-luxury-scented-candle,https://neomwellbeing.com/pages/directors-shareholders,Our Directors,Internal Page,Follow,ERR,,html,No,2,100.00
https://neomwellbeing.com/products/perfect-night-sleep-luxury-scented-candle,https://neomwellbeing.com/pages/seo-reviews,Reviews,Internal Page,Follow,ERR,,html,No,2,100.00
https://neomwellbeing.com/products/perfect-night-sleep-luxury-scented-candle,https://neomwellbeing.com/pages/refer-a-friend,Refer a Friend,Internal Page,Follow,ERR,,html,No,2,100.00
https://neomwellbeing.com/products/perfect-night-sleep-luxury-scented-candle,https://neomwellbeing.com/pages/subscriptions,Subscriptions,Internal Page,Follow,ERR,,html,No,2,100.00
https://neomwellbeing.com/products/perfect-night-sleep-luxury-scented-candle,https://neomwellbeing.com/pages/become-a-neom-partner,Become a NEOM Partner,Internal Page,Follow,ERR,,html,No,2,100.00
https://neomwellbeing.com/products/perfect-night-sleep-luxury-scented-candle,https://neomwellbeing.com/pages/neom-ambassadors,NEOM Ambassadors,Internal Page,Follow,ERR,,html,No,2,100.00
https://neomwellbeing.com/products/perfect-night-sleep-luxury-scented-candle,https://neomwellbeing.com/pages/black-friday,Black Friday,Internal Page,Follow,ERR,,html,No,2,100.00
https://neomwellbeing.com/products/perfect-night-sleep-luxury-scented-candle,https://neomwellbeing.com/pages/blue-light-card-discounts,NHS & Key Worker Discounts,Internal Page,Follow,ERR,,html,No,2,100.00
https://neomwellbeing.com/products/perfect-night-sleep-luxury-scented-candle,https://neomwellbeing.com/pages/terms-conditions,Terms & Conditions,Internal Page,Follow,ERR,,html,No,2,100.00
https://neomwellbeing.com/products/perfect-night-sleep-luxury-scented-candle,https://neomwellbeing.com/pages/modern-slavery-statement,Modern Slavery Statement,Internal Page,Follow,ERR,,html,No,2,100.00
https://neomwellbeing.com/products/perfect-night-sleep-luxury-scented-candle,https://neomwellbeing.com/pages/privacy-policy,Privacy Policy,Internal Page,Follow,ERR,,html,No,2,100.00
https://neomwellbeing.com/products/perfect-night-sleep-luxury-scented-candle,https://neomwellbeing.com/pages/cookie-policy,Cookie Policy,Internal Page,Follow,ERR,,html,No,2,100.00
https://neomwellbeing.com/products/perfect-night-sleep-luxury-scented-candle,https://neomwellbeing.com/pages/sitemap,Sitemap,Internal Page,Follow,ERR,,html,No,2,100.00
https://neomwellbeing.com/products/perfect-night-sleep-luxury-scented-candle,https://neomwellbeing.com/blogs/sleep,The Better Sleep Hub,Internal Page,Follow,ERR,,html,No,2,100.00
https://neomwellbeing.com/products/perfect-night-sleep-luxury-scented-candle,https://neomwellbeing.com/blogs/stress,The Less Stress Hub,Internal Page,Follow,ERR,,html,No,2,100.00
https://neomwellbeing.com/products/perfect-night-sleep-luxury-scented-candle,https://neomwellbeing.com/blogs/mood,The Mood-Boosting Hub,Internal Page,Follow,ERR,,html,No,2,100.00
https://neomwellbeing.com/products/perfect-night-sleep-luxury-scented-candle,https://neomwellbeing.com/blogs/energy,The More Energy Hub,Internal Page,Follow,ERR,,html,No,2,100.00
https://neomwellbeing.com/products/perfect-night-sleep-luxury-scented-candle,https://neomwellbeing.com/blogs/news,Trending & News,Internal Page,Follow,ERR,,html,No,2,100.00
https://neomwellbeing.com/products/perfect-night-sleep-luxury-scented-candle,https://neomwellbeing.com/blogs/product-advice,Product Advice & Gift Guides,Internal Page,Follow,ERR,,html,No,2,100.00
https://neomwellbeing.com/products/perfect-nights-sleep-standard-scented-candle,https://neomwellbeing.com/products/perfect-nights-sleep-standard-scented-candle,Skip to content,Internal Page,Follow,ERR,,html,No,2,100.00
https://neomwellbeing.com/products/perfect-nights-sleep-standard-scented-candle,https://neomwellbeing.com/cart,CONTINUE TO CHECKOUT,Internal Page,Follow,ERR,,html,No,1,100.00
https://neomwellbeing.com/products/perfect-nights-sleep-standard-scented-candle,https://neomwellbeing.com/collections/body-wash,NEW BODY WASHES. SHOP NOW.,Internal Page,Follow,ERR,,html,No,2,100.00
https://neomwellbeing.com/products/perfect-nights-sleep-standard-scented-candle,https://neomwellbeing.com/collections/gift-with-purchase,FREE GIFTS WITH ORDERS £65+,Internal Page,Follow,ERR,,html,No,2,100.00
https://neomwellbeing.com/products/perfect-nights-sleep-standard-scented-candle,https://neomwellbeing.com/collections/bestsellers,FREE  STANDARD UK DELIVERY ON ORDERS £60+,Internal Page,Follow,ERR,,html,No,2,100.00
https://neomwellbeing.com/products/perfect-nights-sleep-standard-scented-candle,https://neomwellbeing.com/collections/essential-oil-blends,"Essential Oil Blends
                                                                Luxury essential oils
                                                            
                                                            SHOP OILS 


                                                        
                                                    
                                                            
                                                            Essential Oil Blends",Internal Page,Follow,ERR,,html,No,2,100.00
https://neomwellbeing.com/products/perfect-nights-sleep-standard-scented-candle,https://neomwellbeing.com/collections/the-wellbeing-pod-mini,"Wellbeing Pod Mini+
                                                                To scent small spaces
                                                            
                                                            SHOP POD MINI+ 


                                                        
                                                    
                                                            
                                                            Wellbeing Pod Mini+",Internal Page,Follow,ERR,,html,No,2,100.00
https://neomwellbeing.com/products/perfect-nights-sleep-standard-scented-candle,https://neomwellbeing.com/collections/the-wellbeing-pod,"Wellbeing Pod
                                                                To scent medium spaces
                                                            
                                                            SHOP POD 


                                                        
                                                    
                                                            
                                                            Wellbeing Pod",Internal Page,Follow,ERR,,html,No,2,100.00
https://neomwellbeing.com/products/perfect-nights-sleep-standard-scented-candle,https://neomwellbeing.com/collections/wellbeing-pod-luxe,"Wellbeing Pod Luxe
                                                                To scent large spaces
                                                            
                                                            SHOP POD LUXE 


                                                        
                                                    
                                                            
                                                            Wellbeing Pod Luxe",Internal Page,Follow,ERR,,html,No,2,100.00
https://neomwellbeing.com/products/perfect-nights-sleep-standard-scented-candle,https://neomwellbeing.com/collections/home-fragrance,Shop All Home Fragrance,Internal Page,Follow,ERR,,html,No,2,100.00
https://neomwellbeing.com/products/perfect-nights-sleep-standard-scented-candle,https://neomwellbeing.com/collections/reed-diffusers,Reed Diffusers,Internal Page,Follow,ERR,,html,No,2,100.00
https://neomwellbeing.com/products/perfect-nights-sleep-standard-scented-candle,https://neomwellbeing.com/collections/candles,Candles,Internal Page,Follow,ERR,,html,No,2,100.00
https://neomwellbeing.com/products/perfect-nights-sleep-standard-scented-candle,https://neomwellbeing.com/collections/electric-diffusers,Wellbeing Pods,Internal Page,Follow,ERR,,html,No,2,100.00
https://neomwellbeing.com/products/perfect-nights-sleep-standard-scented-candle,https://neomwellbeing.com/collections/mists,Room Spray,Internal Page,Follow,ERR,,html,No,2,100.00
https://neomwellbeing.com/products/perfect-nights-sleep-standard-scented-candle,https://neomwellbeing.com/collections/sleep-mist,Sleep Mist,Internal Page,Follow,ERR,,html,No,2,100.00
https://neomwellbeing.com/products/perfect-nights-sleep-standard-scented-candle,https://neomwellbeing.com/collections/bath-body,Shop All Bath & Body,Internal Page,Follow,ERR,,html,No,2,100.00
https://neomwellbeing.com/products/perfect-nights-sleep-standard-scented-candle,https://neomwellbeing.com/collections/bath-oils-foams,Bath Foams & Milks,Internal Page,Follow,ERR,,html,No,2,100.00
https://neomwellbeing.com/products/perfect-nights-sleep-standard-scented-candle,https://neomwellbeing.com/collections/body-oils-scrubs,"Body Oils, Milks, Scrubs & Polish",Internal Page,Follow,ERR,,html,No,2,100.00
https://neomwellbeing.com/products/perfect-nights-sleep-standard-scented-candle,https://neomwellbeing.com/collections/travel,Travel Size,Internal Page,Follow,ERR,,html,No,2,100.00
https://neomwellbeing.com/products/perfect-nights-sleep-standard-scented-candle,https://neomwellbeing.com/collections/body-washes-lotions,"Hand Balms, Washes & Lotions",Internal Page,Follow,ERR,,html,No,2,100.00
https://neomwellbeing.com/products/perfect-nights-sleep-standard-scented-candle,https://neomwellbeing.com/collections/body-butter,Magnesium Body Butters,Internal Page,Follow,ERR,,html,No,2,100.00
https://neomwellbeing.com/products/perfect-nights-sleep-standard-scented-candle,https://neomwellbeing.com/collections/essential-oil-roll-on-pulse-points,Essential Oil Roll-On Pens,Internal Page,Follow,ERR,,html,No,2,100.00
https://neomwellbeing.com/products/perfect-nights-sleep-standard-scented-candle,https://neomwellbeing.com/collections/massage-candles,Massage Candles,Internal Page,Follow,ERR,,html,No,2,100.00
https://neomwellbeing.com/products/perfect-nights-sleep-standard-scented-candle,https://neomwellbeing.com/collections/magnesium,Magnesium,Internal Page,Follow,ERR,,html,No,2,100.00
https://neomwellbeing.com/products/perfect-nights-sleep-standard-scented-candle,https://neomwellbeing.com/collections/super-shower-power-shampoo-conditioner,Shop All Haircare,Internal Page,Follow,ERR,,html,No,2,100.00
https://neomwellbeing.com/products/perfect-nights-sleep-standard-scented-candle,https://neomwellbeing.com/collections/hair-skincare,Shop All Skincare,Internal Page,Follow,ERR,,html,No,2,100.00
https://neomwellbeing.com/products/perfect-nights-sleep-standard-scented-candle,https://neomwellbeing.com/collections/wonder-balm,Wonder Balms,Internal Page,Follow,ERR,,html,No,2,100.00
https://neomwellbeing.com/products/perfect-nights-sleep-standard-scented-candle,https://neomwellbeing.com/collections/cleansing-balm,Cleansers,Internal Page,Follow,ERR,,html,No,2,100.00
https://neomwellbeing.com/products/perfect-nights-sleep-standard-scented-candle,https://neomwellbeing.com/collections/energising-face-mist,Face Mist,Internal Page,Follow,ERR,,html,No,2,100.00
https://neomwellbeing.com/products/perfect-nights-sleep-standard-scented-candle,https://neomwellbeing.com/collections/scent-to-sleep,"Better Sleep
                                                                Stop, breathe, sleep
                                                            
                                                            SHOP NOW 


                                                        
                                                    
                                                            
                                                            Better Sleep",Internal Page,Follow,ERR,,html,No,2,100.00
https://neomwellbeing.com/products/perfect-nights-sleep-standard-scented-candle,https://neomwellbeing.com/collections/scent-to-de-stress,"Less Stress
                                                                Feel the tension lift
                                                            
                                                            SHOP NOW 


                                                        
                                                    
                                                            
                                                            Less Stress",Internal Page,Follow,ERR,,html,No,2,100.00
https://neomwellbeing.com/products/perfect-nights-sleep-standard-scented-candle,https://neomwellbeing.com/collections/scent-to-make-you-happy,"Mood Boost
                                                                Kickstart happy vibes
                                                            
                                                            SHOP NOW 


                                                        
                                                    
                                                            
                                                            Mood Boost",Internal Page,Follow,ERR,,html,No,2,100.00
https://neomwellbeing.com/products/perfect-nights-sleep-standard-scented-candle,https://neomwellbeing.com/collections/scent-to-boost-your-energy,"Energy Boost
                                                                Supercharge you
                                                            
                                                            SHOP NOW 


                                                        
                                                    
                                                            
                                                            Energy Boost",Internal Page,Follow,ERR,,html,No,2,100.00
https://neomwellbeing.com/products/perfect-nights-sleep-standard-scented-candle,https://neomwellbeing.com/pages/wellbeing-gifts,Gifts By Occasion,Internal Page,Follow,ERR,,html,No,2,100.00
https://neomwellbeing.com/products/perfect-nights-sleep-standard-scented-candle,https://neomwellbeing.com/collections/birthday-gifts,Birthday Gifts,Internal Page,Follow,ERR,,html,No,2,100.00
https://neomwellbeing.com/products/perfect-nights-sleep-standard-scented-candle,https://neomwellbeing.com/collections/parent-to-be-gifts,Parent to Be Gifts,Internal Page,Follow,ERR,,html,No,2,100.00
https://neomwellbeing.com/products/perfect-nights-sleep-standard-scented-candle,https://neomwellbeing.com/collections/thank-you-gifts,Thank You Gifts,Internal Page,Follow,ERR,,html,No,2,100.00
https://neomwellbeing.com/products/perfect-nights-sleep-standard-scented-candle,https://neomwellbeing.com/collections/just-because,Just Because Gifts,Internal Page,Follow,ERR,,html,No,2,100.00
https://neomwellbeing.com/products/perfect-nights-sleep-standard-scented-candle,https://neomwellbeing.com/collections/gifts-for-her,Gifts For Her,Internal Page,Follow,ERR,,html,No,2,100.00
https://neomwellbeing.com/products/perfect-nights-sleep-standard-scented-candle,https://neomwellbeing.com/collections/gifts-little-luxuries,Gifts Under £25,Internal Page,Follow,ERR,,html,No,2,100.00
https://neomwellbeing.com/products/perfect-nights-sleep-standard-scented-candle,https://neomwellbeing.com/collections/special-moments,Gifts Under £50,Internal Page,Follow,ERR,,html,No,2,100.00
https://neomwellbeing.com/products/perfect-nights-sleep-standard-scented-candle,https://neomwellbeing.com/collections/ultimate-gifts,Gifts Under £100,Internal Page,Follow,ERR,,html,No,2,100.00
https://neomwellbeing.com/products/perfect-nights-sleep-standard-scented-candle,https://neomwellbeing.com/collections/luxury-gifts,Luxury Gifts,Internal Page,Follow,ERR,,html,No,2,100.00
https://neomwellbeing.com/products/perfect-nights-sleep-standard-scented-candle,https://neomwellbeing.com/collections/gift-boxes-and-gift-bags,Gift Services,Internal Page,Follow,ERR,,html,No,2,100.00
https://neomwellbeing.com/products/perfect-nights-sleep-standard-scented-candle,https://neomwellbeing.com/pages/build-a-wellbeing-gift,Build A Gift & Save 20%,Internal Page,Follow,ERR,,html,No,2,100.00
https://neomwellbeing.com/products/perfect-nights-sleep-standard-scented-candle,https://neomwellbeing.com/products/neom-gift-cards,Digital Gift Cards,Internal Page,Follow,ERR,,html,No,2,100.00
https://neomwellbeing.com/products/perfect-nights-sleep-standard-scented-candle,https://neomwellbeing.com/pages/corporate-gifting,Corporate Gifting,Internal Page,Follow,ERR,,html,No,2,100.00
https://neomwellbeing.com/products/perfect-nights-sleep-standard-scented-candle,https://neomwellbeing.com/collections/wellbeing-outlet,"Wellbeing Outlet
                                                                Save on natural favourites
                                                            
                                                            SHOP NOW 


                                                        
                                                    
                                                            
                                                            Wellbeing Outlet",Internal Page,Follow,ERR,,html,No,2,100.00
https://neomwellbeing.com/products/perfect-nights-sleep-standard-scented-candle,https://neomwellbeing.com/collections/supercharged-collections-with-a-saving,"Bundle & Save
                                                                Find the perfect routine
                                                            
                                                            SHOP NOW 


                                                        
                                                    
                                                            
                                                            Bundle & Save",Internal Page,Follow,ERR,,html,No,2,100.00
https://neomwellbeing.com/products/perfect-nights-sleep-standard-scented-candle,https://neomwellbeing.com/pages/neom-points,Loyalty,Internal Page,Follow,ERR,,html,No,2,100.00
https://neomwellbeing.com/products/perfect-nights-sleep-standard-scented-candle,https://neomwellbeing.com/pages/our-locations,Our Locations,Internal Page,Follow,ERR,,html,No,2,100.00
https://neomwellbeing.com/products/perfect-nights-sleep-standard-scented-candle,https://neomwellbeing.com/pages/careers,Careers,Internal Page,Follow,ERR,,html,No,2,100.00
https://neomwellbeing.com/products/perfect-nights-sleep-standard-scented-candle,https://neomwellbeing.com/blogs/wellbeing,Wellbeing Tips,Internal Page,Follow,ERR,,html,No,2,100.00
https://neomwellbeing.com/products/perfect-nights-sleep-standard-scented-candle,https://neomwellbeing.com/pages/charity-partnerships,Charity Partnership,Internal Page,Follow,ERR,,html,No,2,100.00
https://neomwellbeing.com/products/perfect-nights-sleep-standard-scented-candle,https://neomwellbeing.com/pages/awards,Awards,Internal Page,Follow,ERR,,html,No,2,100.00
https://neomwellbeing.com/products/perfect-nights-sleep-standard-scented-candle,https://neomwellbeing.com/pages/sustainability,"Our Commitment
                                                            LEARN MORE 


                                                        
                                                    
                                                            
                                                            Our Commitment",Internal Page,Follow,ERR,,html,No,2,100.00
https://neomwellbeing.com/products/perfect-nights-sleep-standard-scented-candle,https://neomwellbeing.com/pages/wishlist,,Internal Page,Follow,ERR,,html,No,2,80.00
https://neomwellbeing.com/products/perfect-nights-sleep-standard-scented-candle,https://neomwellbeing.com/,,Internal Page,Follow,ERR,,html,No,0,80.00
https://neomwellbeing.com/products/perfect-nights-sleep-standard-scented-candle,https://neomwellbeing.com/account/login,Sign in,Internal Page,Follow,ERR,,html,No,2,100.00
https://neomwellbeing.com/products/perfect-nights-sleep-standard-scented-candle,https://neomwellbeing.com/pages/shop-by-wellbeing-range,Wellbeing Concern,Internal Page,Follow,ERR,,html,No,2,100.00
https://neomwellbeing.com/products/perfect-nights-sleep-standard-scented-candle,https://neomwellbeing.com/collections/gift-sets,Gifts,Internal Page,Follow,ERR,,html,No,2,100.00
https://neomwellbeing.com/products/perfect-nights-sleep-standard-scented-candle,https://neomwellbeing.com/pages/about-us,About Us,Internal Page,Follow,ERR,,html,No,2,100.00
https://neomwellbeing.com/products/perfect-nights-sleep-standard-scented-candle,https://neomwellbeing.com/products/perfect-nights-sleep-mist,Perfect Night's Sleep Mist,Internal Page,Follow,ERR,,html,No,2,100.00
https://neomwellbeing.com/products/perfect-nights-sleep-standard-scented-candle,https://neomwellbeing.com/products/black-stainless-steel-wick-trimmer,The perfect partner for your NEOM candle... our exclusive Wick Trimmer keeps your candle burning cleanly and evenly. Shop now.,Internal Page,Follow,ERR,,html,No,2,100.00
https://neomwellbeing.com/products/perfect-nights-sleep-standard-scented-candle,https://neomwellbeing.com/products/perfect-nights-sleep-travel-scented-candle,Perfect Night's Sleep Scented Candle (Travel),Internal Page,Follow,ERR,,html,No,2,100.00
https://neomwellbeing.com/products/perfect-nights-sleep-standard-scented-candle,https://neomwellbeing.com/products/perfect-night-sleep-luxury-scented-candle,Perfect Night's Sleep Scented Candle (3 Wick),Internal Page,Follow,ERR,,html,No,2,100.00
https://neomwellbeing.com/products/perfect-nights-sleep-standard-scented-candle,https://neomwellbeing.com/products/wellbeing-candle-trio,,Internal Page,Follow,ERR,,html,No,2,80.00
https://neomwellbeing.com/products/perfect-nights-sleep-standard-scented-candle,https://neomwellbeing.com/products/perfect-nights-sleep-wonder-balm,,Internal Page,Follow,ERR,,html,No,2,80.00
https://neomwellbeing.com/products/perfect-nights-sleep-standard-scented-candle,https://neomwellbeing.com/products/sleep-pen,,Internal Page,Follow,ERR,,html,No,2,80.00
https://neomwellbeing.com/products/perfect-nights-sleep-standard-scented-candle,https://neomwellbeing.com/products/perfect-nights-sleep-magnesium-body-butter,,Internal Page,Follow,ERR,,html,No,2,80.00
https://neomwellbeing.com/products/perfect-nights-sleep-standard-scented-candle,https://neomwellbeing.com/products/complete-bliss-standard-scented-candle,,Internal Page,Follow,ERR,,html,No,2,80.00
https://neomwellbeing.com/products/perfect-nights-sleep-standard-scented-candle,https://neomwellbeing.com/products/perfect-nights-sleep-mist-100ml,,Internal Page,Follow,ERR,,html,No,2,80.00
https://neomwellbeing.com/products/perfect-nights-sleep-standard-scented-candle,https://neomwellbeing.com/products/perfect-night-sleep-essential-oil-blend-10ml,,Internal Page,Follow,ERR,,html,No,2,80.00
https://neomwellbeing.com/products/perfect-nights-sleep-standard-scented-candle,https://neomwellbeing.com/products/feel-refreshed-standard-scented-candle,,Internal Page,Follow,ERR,,html,No,2,80.00
https://neomwellbeing.com/products/perfect-nights-sleep-standard-scented-candle,https://neomwellbeing.com/pages/postage,,Internal Page,Follow,ERR,,html,No,2,80.00
https://neomwellbeing.com/products/perfect-nights-sleep-standard-scented-candle,https://neomwellbeing.com/pages/contact-us,,Internal Page,Follow,ERR,,html,No,2,80.00
https://neomwellbeing.com/products/perfect-nights-sleep-standard-scented-candle,https://neomwellbeing.com/pages/proud-to-be-b-corp,Proud to be B Corp,Internal Page,Follow,ERR,,html,No,2,100.00
https://neomwellbeing.com/products/perfect-nights-sleep-standard-scented-candle,https://neomwellbeing.com/pages/directors-shareholders,Our Directors,Internal Page,Follow,ERR,,html,No,2,100.00
https://neomwellbeing.com/products/perfect-nights-sleep-standard-scented-candle,https://neomwellbeing.com/pages/seo-reviews,Reviews,Internal Page,Follow,ERR,,html,No,2,100.00
https://neomwellbeing.com/products/perfect-nights-sleep-standard-scented-candle,https://neomwellbeing.com/pages/refer-a-friend,Refer a Friend,Internal Page,Follow,ERR,,html,No,2,100.00
https://neomwellbeing.com/products/perfect-nights-sleep-standard-scented-candle,https://neomwellbeing.com/pages/subscriptions,Subscriptions,Internal Page,Follow,ERR,,html,No,2,100.00
https://neomwellbeing.com/products/perfect-nights-sleep-standard-scented-candle,https://neomwellbeing.com/pages/become-a-neom-partner,Become a NEOM Partner,Internal Page,Follow,ERR,,html,No,2,100.00
https://neomwellbeing.com/products/perfect-nights-sleep-standard-scented-candle,https://neomwellbeing.com/pages/neom-ambassadors,NEOM Ambassadors,Internal Page,Follow,ERR,,html,No,2,100.00
https://neomwellbeing.com/products/perfect-nights-sleep-standard-scented-candle,https://neomwellbeing.com/pages/black-friday,Black Friday,Internal Page,Follow,ERR,,html,No,2,100.00
https://neomwellbeing.com/products/perfect-nights-sleep-standard-scented-candle,https://neomwellbeing.com/pages/blue-light-card-discounts,NHS & Key Worker Discounts,Internal Page,Follow,ERR,,html,No,2,100.00
https://neomwellbeing.com/products/perfect-nights-sleep-standard-scented-candle,https://neomwellbeing.com/pages/terms-conditions,Terms & Conditions,Internal Page,Follow,ERR,,html,No,2,100.00
https://neomwellbeing.com/products/perfect-nights-sleep-standard-scented-candle,https://neomwellbeing.com/pages/modern-slavery-statement,Modern Slavery Statement,Internal Page,Follow,ERR,,html,No,2,100.00
https://neomwellbeing.com/products/perfect-nights-sleep-standard-scented-candle,https://neomwellbeing.com/pages/privacy-policy,Privacy Policy,Internal Page,Follow,ERR,,html,No,2,100.00
https://neomwellbeing.com/products/perfect-nights-sleep-standard-scented-candle,https://neomwellbeing.com/pages/cookie-policy,Cookie Policy,Internal Page,Follow,ERR,,html,No,2,100.00
https://neomwellbeing.com/products/perfect-nights-sleep-standard-scented-candle,https://neomwellbeing.com/pages/sitemap,Sitemap,Internal Page,Follow,ERR,,html,No,2,100.00
https://neomwellbeing.com/products/perfect-nights-sleep-standard-scented-candle,https://neomwellbeing.com/blogs/sleep,The Better Sleep Hub,Internal Page,Follow,ERR,,html,No,2,100.00
https://neomwellbeing.com/products/perfect-nights-sleep-standard-scented-candle,https://neomwellbeing.com/blogs/stress,The Less Stress Hub,Internal Page,Follow,ERR,,html,No,2,100.00
https://neomwellbeing.com/products/perfect-nights-sleep-standard-scented-candle,https://neomwellbeing.com/blogs/mood,The Mood-Boosting Hub,Internal Page,Follow,ERR,,html,No,2,100.00
https://neomwellbeing.com/products/perfect-nights-sleep-standard-scented-candle,https://neomwellbeing.com/blogs/energy,The More Energy Hub,Internal Page,Follow,ERR,,html,No,2,100.00
https://neomwellbeing.com/products/perfect-nights-sleep-standard-scented-candle,https://neomwellbeing.com/blogs/news,Trending & News,Internal Page,Follow,ERR,,html,No,2,100.00
https://neomwellbeing.com/products/perfect-nights-sleep-standard-scented-candle,https://neomwellbeing.com/blogs/product-advice,Product Advice & Gift Guides,Internal Page,Follow,ERR,,html,No,2,100.00
https://neomwellbeing.com/products/feel-refreshed-luxury-scented-candle,https://neomwellbeing.com/products/feel-refreshed-luxury-scented-candle,Skip to content,Internal Page,Follow,ERR,,html,No,2,100.00
https://neomwellbeing.com/products/feel-refreshed-luxury-scented-candle,https://neomwellbeing.com/cart,CONTINUE TO CHECKOUT,Internal Page,Follow,ERR,,html,No,1,100.00
https://neomwellbeing.com/products/feel-refreshed-luxury-scented-candle,https://neomwellbeing.com/collections/body-wash,NEW BODY WASHES. SHOP NOW.,Internal Page,Follow,ERR,,html,No,2,100.00
https://neomwellbeing.com/products/feel-refreshed-luxury-scented-candle,https://neomwellbeing.com/collections/gift-with-purchase,FREE GIFTS WITH ORDERS £65+,Internal Page,Follow,ERR,,html,No,2,100.00
https://neomwellbeing.com/products/feel-refreshed-luxury-scented-candle,https://neomwellbeing.com/collections/bestsellers,FREE  STANDARD UK DELIVERY ON ORDERS £60+,Internal Page,Follow,ERR,,html,No,2,100.00
https://neomwellbeing.com/products/feel-refreshed-luxury-scented-candle,https://neomwellbeing.com/collections/essential-oil-blends,"Essential Oil Blends
                                                                Luxury essential oils
                                                            
                                                            SHOP OILS 


                                                        
                                                    
                                                            
                                                            Essential Oil Blends",Internal Page,Follow,ERR,,html,No,2,100.00
https://neomwellbeing.com/products/feel-refreshed-luxury-scented-candle,https://neomwellbeing.com/collections/the-wellbeing-pod-mini,"Wellbeing Pod Mini+
                                                                To scent small spaces
                                                            
                                                            SHOP POD MINI+ 


                                                        
                                                    
                                                            
                                                            Wellbeing Pod Mini+",Internal Page,Follow,ERR,,html,No,2,100.00
https://neomwellbeing.com/products/feel-refreshed-luxury-scented-candle,https://neomwellbeing.com/collections/the-wellbeing-pod,"Wellbeing Pod
                                                                To scent medium spaces
                                                            
                                                            SHOP POD 


                                                        
                                                    
                                                            
                                                            Wellbeing Pod",Internal Page,Follow,ERR,,html,No,2,100.00
https://neomwellbeing.com/products/feel-refreshed-luxury-scented-candle,https://neomwellbeing.com/collections/wellbeing-pod-luxe,"Wellbeing Pod Luxe
                                                                To scent large spaces
                                                            
                                                            SHOP POD LUXE 


                                                        
                                                    
                                                            
                                                            Wellbeing Pod Luxe",Internal Page,Follow,ERR,,html,No,2,100.00
https://neomwellbeing.com/products/feel-refreshed-luxury-scented-candle,https://neomwellbeing.com/collections/home-fragrance,Shop All Home Fragrance,Internal Page,Follow,ERR,,html,No,2,100.00
https://neomwellbeing.com/products/feel-refreshed-luxury-scented-candle,https://neomwellbeing.com/collections/reed-diffusers,Reed Diffusers,Internal Page,Follow,ERR,,html,No,2,100.00
https://neomwellbeing.com/products/feel-refreshed-luxury-scented-candle,https://neomwellbeing.com/collections/candles,Candles,Internal Page,Follow,ERR,,html,No,2,100.00
https://neomwellbeing.com/products/feel-refreshed-luxury-scented-candle,https://neomwellbeing.com/collections/electric-diffusers,Wellbeing Pods,Internal Page,Follow,ERR,,html,No,2,100.00
https://neomwellbeing.com/products/feel-refreshed-luxury-scented-candle,https://neomwellbeing.com/collections/mists,Room Spray,Internal Page,Follow,ERR,,html,No,2,100.00
https://neomwellbeing.com/products/feel-refreshed-luxury-scented-candle,https://neomwellbeing.com/collections/sleep-mist,Sleep Mist,Internal Page,Follow,ERR,,html,No,2,100.00
https://neomwellbeing.com/products/feel-refreshed-luxury-scented-candle,https://neomwellbeing.com/collections/bath-body,Shop All Bath & Body,Internal Page,Follow,ERR,,html,No,2,100.00
https://neomwellbeing.com/products/feel-refreshed-luxury-scented-candle,https://neomwellbeing.com/collections/bath-oils-foams,Bath Foams & Milks,Internal Page,Follow,ERR,,html,No,2,100.00
https://neomwellbeing.com/products/feel-refreshed-luxury-scented-candle,https://neomwellbeing.com/collections/body-oils-scrubs,"Body Oils, Milks, Scrubs & Polish",Internal Page,Follow,ERR,,html,No,2,100.00
https://neomwellbeing.com/products/feel-refreshed-luxury-scented-candle,https://neomwellbeing.com/collections/travel,Travel Size,Internal Page,Follow,ERR,,html,No,2,100.00
https://neomwellbeing.com/products/feel-refreshed-luxury-scented-candle,https://neomwellbeing.com/collections/body-washes-lotions,"Hand Balms, Washes & Lotions",Internal Page,Follow,ERR,,html,No,2,100.00
https://neomwellbeing.com/products/feel-refreshed-luxury-scented-candle,https://neomwellbeing.com/collections/body-butter,Magnesium Body Butters,Internal Page,Follow,ERR,,html,No,2,100.00
https://neomwellbeing.com/products/feel-refreshed-luxury-scented-candle,https://neomwellbeing.com/collections/essential-oil-roll-on-pulse-points,Essential Oil Roll-On Pens,Internal Page,Follow,ERR,,html,No,2,100.00
https://neomwellbeing.com/products/feel-refreshed-luxury-scented-candle,https://neomwellbeing.com/collections/massage-candles,Massage Candles,Internal Page,Follow,ERR,,html,No,2,100.00
https://neomwellbeing.com/products/feel-refreshed-luxury-scented-candle,https://neomwellbeing.com/collections/magnesium,Magnesium,Internal Page,Follow,ERR,,html,No,2,100.00
https://neomwellbeing.com/products/feel-refreshed-luxury-scented-candle,https://neomwellbeing.com/collections/super-shower-power-shampoo-conditioner,Shop All Haircare,Internal Page,Follow,ERR,,html,No,2,100.00
https://neomwellbeing.com/products/feel-refreshed-luxury-scented-candle,https://neomwellbeing.com/collections/hair-skincare,Shop All Skincare,Internal Page,Follow,ERR,,html,No,2,100.00
https://neomwellbeing.com/products/feel-refreshed-luxury-scented-candle,https://neomwellbeing.com/collections/wonder-balm,Wonder Balms,Internal Page,Follow,ERR,,html,No,2,100.00
https://neomwellbeing.com/products/feel-refreshed-luxury-scented-candle,https://neomwellbeing.com/collections/cleansing-balm,Cleansers,Internal Page,Follow,ERR,,html,No,2,100.00
https://neomwellbeing.com/products/feel-refreshed-luxury-scented-candle,https://neomwellbeing.com/collections/energising-face-mist,Face Mist,Internal Page,Follow,ERR,,html,No,2,100.00
https://neomwellbeing.com/products/feel-refreshed-luxury-scented-candle,https://neomwellbeing.com/collections/scent-to-sleep,"Better Sleep
                                                                Stop, breathe, sleep
                                                            
                                                            SHOP NOW 


                                                        
                                                    
                                                            
                                                            Better Sleep",Internal Page,Follow,ERR,,html,No,2,100.00
https://neomwellbeing.com/products/feel-refreshed-luxury-scented-candle,https://neomwellbeing.com/collections/scent-to-de-stress,"Less Stress
                                                                Feel the tension lift
                                                            
                                                            SHOP NOW 


                                                        
                                                    
                                                            
                                                            Less Stress",Internal Page,Follow,ERR,,html,No,2,100.00
https://neomwellbeing.com/products/feel-refreshed-luxury-scented-candle,https://neomwellbeing.com/collections/scent-to-make-you-happy,"Mood Boost
                                                                Kickstart happy vibes
                                                            
                                                            SHOP NOW 


                                                        
                                                    
                                                            
                                                            Mood Boost",Internal Page,Follow,ERR,,html,No,2,100.00
https://neomwellbeing.com/products/feel-refreshed-luxury-scented-candle,https://neomwellbeing.com/collections/scent-to-boost-your-energy,"Energy Boost
                                                                Supercharge you
                                                            
                                                            SHOP NOW 


                                                        
                                                    
                                                            
                                                            Energy Boost",Internal Page,Follow,ERR,,html,No,2,100.00
https://neomwellbeing.com/products/feel-refreshed-luxury-scented-candle,https://neomwellbeing.com/pages/wellbeing-gifts,Gifts By Occasion,Internal Page,Follow,ERR,,html,No,2,100.00
https://neomwellbeing.com/products/feel-refreshed-luxury-scented-candle,https://neomwellbeing.com/collections/birthday-gifts,Birthday Gifts,Internal Page,Follow,ERR,,html,No,2,100.00
https://neomwellbeing.com/products/feel-refreshed-luxury-scented-candle,https://neomwellbeing.com/collections/parent-to-be-gifts,Parent to Be Gifts,Internal Page,Follow,ERR,,html,No,2,100.00
https://neomwellbeing.com/products/feel-refreshed-luxury-scented-candle,https://neomwellbeing.com/collections/thank-you-gifts,Thank You Gifts,Internal Page,Follow,ERR,,html,No,2,100.00
https://neomwellbeing.com/products/feel-refreshed-luxury-scented-candle,https://neomwellbeing.com/collections/just-because,Just Because Gifts,Internal Page,Follow,ERR,,html,No,2,100.00
https://neomwellbeing.com/products/feel-refreshed-luxury-scented-candle,https://neomwellbeing.com/collections/gifts-for-her,Gifts For Her,Internal Page,Follow,ERR,,html,No,2,100.00
https://neomwellbeing.com/products/feel-refreshed-luxury-scented-candle,https://neomwellbeing.com/collections/gifts-little-luxuries,Gifts Under £25,Internal Page,Follow,ERR,,html,No,2,100.00
https://neomwellbeing.com/products/feel-refreshed-luxury-scented-candle,https://neomwellbeing.com/collections/special-moments,Gifts Under £50,Internal Page,Follow,ERR,,html,No,2,100.00
https://neomwellbeing.com/products/feel-refreshed-luxury-scented-candle,https://neomwellbeing.com/collections/ultimate-gifts,Gifts Under £100,Internal Page,Follow,ERR,,html,No,2,100.00
https://neomwellbeing.com/products/feel-refreshed-luxury-scented-candle,https://neomwellbeing.com/collections/luxury-gifts,Luxury Gifts,Internal Page,Follow,ERR,,html,No,2,100.00
https://neomwellbeing.com/products/feel-refreshed-luxury-scented-candle,https://neomwellbeing.com/collections/gift-boxes-and-gift-bags,Gift Services,Internal Page,Follow,ERR,,html,No,2,100.00
https://neomwellbeing.com/products/feel-refreshed-luxury-scented-candle,https://neomwellbeing.com/pages/build-a-wellbeing-gift,Build A Gift & Save 20%,Internal Page,Follow,ERR,,html,No,2,100.00
https://neomwellbeing.com/products/feel-refreshed-luxury-scented-candle,https://neomwellbeing.com/products/neom-gift-cards,Digital Gift Cards,Internal Page,Follow,ERR,,html,No,2,100.00
https://neomwellbeing.com/products/feel-refreshed-luxury-scented-candle,https://neomwellbeing.com/pages/corporate-gifting,Corporate Gifting,Internal Page,Follow,ERR,,html,No,2,100.00
https://neomwellbeing.com/products/feel-refreshed-luxury-scented-candle,https://neomwellbeing.com/collections/wellbeing-outlet,"Wellbeing Outlet
                                                                Save on natural favourites
                                                            
                                                            SHOP NOW 


                                                        
                                                    
                                                            
                                                            Wellbeing Outlet",Internal Page,Follow,ERR,,html,No,2,100.00
https://neomwellbeing.com/products/feel-refreshed-luxury-scented-candle,https://neomwellbeing.com/collections/supercharged-collections-with-a-saving,"Bundle & Save
                                                                Find the perfect routine
                                                            
                                                            SHOP NOW 


                                                        
                                                    
                                                            
                                                            Bundle & Save",Internal Page,Follow,ERR,,html,No,2,100.00
https://neomwellbeing.com/products/feel-refreshed-luxury-scented-candle,https://neomwellbeing.com/pages/neom-points,Loyalty,Internal Page,Follow,ERR,,html,No,2,100.00
https://neomwellbeing.com/products/feel-refreshed-luxury-scented-candle,https://neomwellbeing.com/pages/our-locations,Our Locations,Internal Page,Follow,ERR,,html,No,2,100.00
https://neomwellbeing.com/products/feel-refreshed-luxury-scented-candle,https://neomwellbeing.com/pages/careers,Careers,Internal Page,Follow,ERR,,html,No,2,100.00
https://neomwellbeing.com/products/feel-refreshed-luxury-scented-candle,https://neomwellbeing.com/blogs/wellbeing,Wellbeing Tips,Internal Page,Follow,ERR,,html,No,2,100.00
https://neomwellbeing.com/products/feel-refreshed-luxury-scented-candle,https://neomwellbeing.com/pages/charity-partnerships,Charity Partnership,Internal Page,Follow,ERR,,html,No,2,100.00
https://neomwellbeing.com/products/feel-refreshed-luxury-scented-candle,https://neomwellbeing.com/pages/awards,Awards,Internal Page,Follow,ERR,,html,No,2,100.00
https://neomwellbeing.com/products/feel-refreshed-luxury-scented-candle,https://neomwellbeing.com/pages/sustainability,"Our Commitment
                                                            LEARN MORE 


                                                        
                                                    
                                                            
                                                            Our Commitment",Internal Page,Follow,ERR,,html,No,2,100.00
https://neomwellbeing.com/products/feel-refreshed-luxury-scented-candle,https://neomwellbeing.com/pages/wishlist,,Internal Page,Follow,ERR,,html,No,2,80.00
https://neomwellbeing.com/products/feel-refreshed-luxury-scented-candle,https://neomwellbeing.com/,,Internal Page,Follow,ERR,,html,No,0,80.00
https://neomwellbeing.com/products/feel-refreshed-luxury-scented-candle,https://neomwellbeing.com/account/login,Sign in,Internal Page,Follow,ERR,,html,No,2,100.00
https://neomwellbeing.com/products/feel-refreshed-luxury-scented-candle,https://neomwellbeing.com/pages/shop-by-wellbeing-range,Wellbeing Concern,Internal Page,Follow,ERR,,html,No,2,100.00
https://neomwellbeing.com/products/feel-refreshed-luxury-scented-candle,https://neomwellbeing.com/collections/gift-sets,Gifts,Internal Page,Follow,ERR,,html,No,2,100.00
https://neomwellbeing.com/products/feel-refreshed-luxury-scented-candle,https://neomwellbeing.com/pages/about-us,About Us,Internal Page,Follow,ERR,,html,No,2,100.00
https://neomwellbeing.com/products/feel-refreshed-luxury-scented-candle,https://neomwellbeing.com/products/black-stainless-steel-wick-trimmer,The perfect partner for your NEOM candle... our exclusive Wick Trimmer keeps your candle burning cleanly and evenly. Shop now.,Internal Page,Follow,ERR,,html,No,2,100.00
https://neomwellbeing.com/products/feel-refreshed-luxury-scented-candle,https://neomwellbeing.com/products/feel-refreshed-standard-scented-candle,Feel Refreshed Scented Candle (1 Wick),Internal Page,Follow,ERR,,html,No,2,100.00
https://neomwellbeing.com/products/feel-refreshed-luxury-scented-candle,https://neomwellbeing.com/products/happiness-luxury-scented-candle,,Internal Page,Follow,ERR,,html,No,2,80.00
https://neomwellbeing.com/products/feel-refreshed-luxury-scented-candle,https://neomwellbeing.com/products/happiness-standard-scented-candle,,Internal Page,Follow,ERR,,html,No,2,80.00
https://neomwellbeing.com/products/feel-refreshed-luxury-scented-candle,https://neomwellbeing.com/products/real-luxury-scented-candle,,Internal Page,Follow,ERR,,html,No,2,80.00
https://neomwellbeing.com/products/feel-refreshed-luxury-scented-candle,https://neomwellbeing.com/products/bedtime-hero-scented-candle-3-wick,,Internal Page,Follow,ERR,,html,No,2,80.00
https://neomwellbeing.com/products/feel-refreshed-luxury-scented-candle,https://neomwellbeing.com/products/complete-bliss-standard-scented-candle,,Internal Page,Follow,ERR,,html,No,2,80.00
https://neomwellbeing.com/products/feel-refreshed-luxury-scented-candle,https://neomwellbeing.com/products/complete-bliss-luxury-scented-candle,,Internal Page,Follow,ERR,,html,No,2,80.00
https://neomwellbeing.com/products/feel-refreshed-luxury-scented-candle,https://neomwellbeing.com/products/feel-refreshed-energy-essential-oil-blend-10ml,,Internal Page,Follow,ERR,,html,No,2,80.00
https://neomwellbeing.com/products/feel-refreshed-luxury-scented-candle,https://neomwellbeing.com/products/happiness-travel-scented-candle,,Internal Page,Follow,ERR,,html,No,2,80.00
https://neomwellbeing.com/products/feel-refreshed-luxury-scented-candle,https://neomwellbeing.com/products/feel-refreshed-reed-diffuser,,Internal Page,Follow,ERR,,html,No,2,80.00
https://neomwellbeing.com/products/feel-refreshed-luxury-scented-candle,https://neomwellbeing.com/pages/postage,,Internal Page,Follow,ERR,,html,No,2,80.00
https://neomwellbeing.com/products/feel-refreshed-luxury-scented-candle,https://neomwellbeing.com/pages/contact-us,,Internal Page,Follow,ERR,,html,No,2,80.00
https://neomwellbeing.com/products/feel-refreshed-luxury-scented-candle,https://neomwellbeing.com/pages/proud-to-be-b-corp,Proud to be B Corp,Internal Page,Follow,ERR,,html,No,2,100.00
https://neomwellbeing.com/products/feel-refreshed-luxury-scented-candle,https://neomwellbeing.com/pages/directors-shareholders,Our Directors,Internal Page,Follow,ERR,,html,No,2,100.00
https://neomwellbeing.com/products/feel-refreshed-luxury-scented-candle,https://neomwellbeing.com/pages/seo-reviews,Reviews,Internal Page,Follow,ERR,,html,No,2,100.00
https://neomwellbeing.com/products/feel-refreshed-luxury-scented-candle,https://neomwellbeing.com/pages/refer-a-friend,Refer a Friend,Internal Page,Follow,ERR,,html,No,2,100.00
https://neomwellbeing.com/products/feel-refreshed-luxury-scented-candle,https://neomwellbeing.com/pages/subscriptions,Subscriptions,Internal Page,Follow,ERR,,html,No,2,100.00
https://neomwellbeing.com/products/feel-refreshed-luxury-scented-candle,https://neomwellbeing.com/pages/become-a-neom-partner,Become a NEOM Partner,Internal Page,Follow,ERR,,html,No,2,100.00
https://neomwellbeing.com/products/feel-refreshed-luxury-scented-candle,https://neomwellbeing.com/pages/neom-ambassadors,NEOM Ambassadors,Internal Page,Follow,ERR,,html,No,2,100.00
https://neomwellbeing.com/products/feel-refreshed-luxury-scented-candle,https://neomwellbeing.com/pages/black-friday,Black Friday,Internal Page,Follow,ERR,,html,No,2,100.00
https://neomwellbeing.com/products/feel-refreshed-luxury-scented-candle,https://neomwellbeing.com/pages/blue-light-card-discounts,NHS & Key Worker Discounts,Internal Page,Follow,ERR,,html,No,2,100.00
https://neomwellbeing.com/products/feel-refreshed-luxury-scented-candle,https://neomwellbeing.com/pages/terms-conditions,Terms & Conditions,Internal Page,Follow,ERR,,html,No,2,100.00
https://neomwellbeing.com/products/feel-refreshed-luxury-scented-candle,https://neomwellbeing.com/pages/modern-slavery-statement,Modern Slavery Statement,Internal Page,Follow,ERR,,html,No,2,100.00
https://neomwellbeing.com/products/feel-refreshed-luxury-scented-candle,https://neomwellbeing.com/pages/privacy-policy,Privacy Policy,Internal Page,Follow,ERR,,html,No,2,100.00
https://neomwellbeing.com/products/feel-refreshed-luxury-scented-candle,https://neomwellbeing.com/pages/cookie-policy,Cookie Policy,Internal Page,Follow,ERR,,html,No,2,100.00
https://neomwellbeing.com/products/feel-refreshed-luxury-scented-candle,https://neomwellbeing.com/pages/sitemap,Sitemap,Internal Page,Follow,ERR,,html,No,2,100.00
https://neomwellbeing.com/products/feel-refreshed-luxury-scented-candle,https://neomwellbeing.com/blogs/sleep,The Better Sleep Hub,Internal Page,Follow,ERR,,html,No,2,100.00
https://neomwellbeing.com/products/feel-refreshed-luxury-scented-candle,https://neomwellbeing.com/blogs/stress,The Less Stress Hub,Internal Page,Follow,ERR,,html,No,2,100.00
https://neomwellbeing.com/products/feel-refreshed-luxury-scented-candle,https://neomwellbeing.com/blogs/mood,The Mood-Boosting Hub,Internal Page,Follow,ERR,,html,No,2,100.00
https://neomwellbeing.com/products/feel-refreshed-luxury-scented-candle,https://neomwellbeing.com/blogs/energy,The More Energy Hub,Internal Page,Follow,ERR,,html,No,2,100.00
https://neomwellbeing.com/products/feel-refreshed-luxury-scented-candle,https://neomwellbeing.com/blogs/news,Trending & News,Internal Page,Follow,ERR,,html,No,2,100.00
https://neomwellbeing.com/products/feel-refreshed-luxury-scented-candle,https://neomwellbeing.com/blogs/product-advice,Product Advice & Gift Guides,Internal Page,Follow,ERR,,html,No,2,100.00
https://neomwellbeing.com/products/real-luxury-standard-scented-candle,https://neomwellbeing.com/products/real-luxury-standard-scented-candle,Skip to content,Internal Page,Follow,ERR,,html,No,2,100.00
https://neomwellbeing.com/products/real-luxury-standard-scented-candle,https://neomwellbeing.com/cart,CONTINUE TO CHECKOUT,Internal Page,Follow,ERR,,html,No,1,100.00
https://neomwellbeing.com/products/real-luxury-standard-scented-candle,https://neomwellbeing.com/collections/body-wash,NEW BODY WASHES. SHOP NOW.,Internal Page,Follow,ERR,,html,No,2,100.00
https://neomwellbeing.com/products/real-luxury-standard-scented-candle,https://neomwellbeing.com/collections/gift-with-purchase,FREE GIFTS WITH ORDERS £65+,Internal Page,Follow,ERR,,html,No,2,100.00
https://neomwellbeing.com/products/real-luxury-standard-scented-candle,https://neomwellbeing.com/collections/bestsellers,FREE  STANDARD UK DELIVERY ON ORDERS £60+,Internal Page,Follow,ERR,,html,No,2,100.00
https://neomwellbeing.com/products/real-luxury-standard-scented-candle,https://neomwellbeing.com/collections/essential-oil-blends,"Essential Oil Blends
                                                                Luxury essential oils
                                                            
                                                            SHOP OILS 


                                                        
                                                    
                                                            
                                                            Essential Oil Blends",Internal Page,Follow,ERR,,html,No,2,100.00
https://neomwellbeing.com/products/real-luxury-standard-scented-candle,https://neomwellbeing.com/collections/the-wellbeing-pod-mini,"Wellbeing Pod Mini+
                                                                To scent small spaces
                                                            
                                                            SHOP POD MINI+ 


                                                        
                                                    
                                                            
                                                            Wellbeing Pod Mini+",Internal Page,Follow,ERR,,html,No,2,100.00
https://neomwellbeing.com/products/real-luxury-standard-scented-candle,https://neomwellbeing.com/collections/the-wellbeing-pod,"Wellbeing Pod
                                                                To scent medium spaces
                                                            
                                                            SHOP POD 


                                                        
                                                    
                                                            
                                                            Wellbeing Pod",Internal Page,Follow,ERR,,html,No,2,100.00
https://neomwellbeing.com/products/real-luxury-standard-scented-candle,https://neomwellbeing.com/collections/wellbeing-pod-luxe,"Wellbeing Pod Luxe
                                                                To scent large spaces
                                                            
                                                            SHOP POD LUXE 


                                                        
                                                    
                                                            
                                                            Wellbeing Pod Luxe",Internal Page,Follow,ERR,,html,No,2,100.00
https://neomwellbeing.com/products/real-luxury-standard-scented-candle,https://neomwellbeing.com/collections/home-fragrance,Shop All Home Fragrance,Internal Page,Follow,ERR,,html,No,2,100.00
https://neomwellbeing.com/products/real-luxury-standard-scented-candle,https://neomwellbeing.com/collections/reed-diffusers,Reed Diffusers,Internal Page,Follow,ERR,,html,No,2,100.00
https://neomwellbeing.com/products/real-luxury-standard-scented-candle,https://neomwellbeing.com/collections/candles,Candles,Internal Page,Follow,ERR,,html,No,2,100.00
https://neomwellbeing.com/products/real-luxury-standard-scented-candle,https://neomwellbeing.com/collections/electric-diffusers,Wellbeing Pods,Internal Page,Follow,ERR,,html,No,2,100.00
https://neomwellbeing.com/products/real-luxury-standard-scented-candle,https://neomwellbeing.com/collections/mists,Room Spray,Internal Page,Follow,ERR,,html,No,2,100.00
https://neomwellbeing.com/products/real-luxury-standard-scented-candle,https://neomwellbeing.com/collections/sleep-mist,Sleep Mist,Internal Page,Follow,ERR,,html,No,2,100.00
https://neomwellbeing.com/products/real-luxury-standard-scented-candle,https://neomwellbeing.com/collections/bath-body,Shop All Bath & Body,Internal Page,Follow,ERR,,html,No,2,100.00
https://neomwellbeing.com/products/real-luxury-standard-scented-candle,https://neomwellbeing.com/collections/bath-oils-foams,Bath Foams & Milks,Internal Page,Follow,ERR,,html,No,2,100.00
https://neomwellbeing.com/products/real-luxury-standard-scented-candle,https://neomwellbeing.com/collections/body-oils-scrubs,"Body Oils, Milks, Scrubs & Polish",Internal Page,Follow,ERR,,html,No,2,100.00
https://neomwellbeing.com/products/real-luxury-standard-scented-candle,https://neomwellbeing.com/collections/travel,Travel Size,Internal Page,Follow,ERR,,html,No,2,100.00
https://neomwellbeing.com/products/real-luxury-standard-scented-candle,https://neomwellbeing.com/collections/body-washes-lotions,"Hand Balms, Washes & Lotions",Internal Page,Follow,ERR,,html,No,2,100.00
https://neomwellbeing.com/products/real-luxury-standard-scented-candle,https://neomwellbeing.com/collections/body-butter,Magnesium Body Butters,Internal Page,Follow,ERR,,html,No,2,100.00
https://neomwellbeing.com/products/real-luxury-standard-scented-candle,https://neomwellbeing.com/collections/essential-oil-roll-on-pulse-points,Essential Oil Roll-On Pens,Internal Page,Follow,ERR,,html,No,2,100.00
https://neomwellbeing.com/products/real-luxury-standard-scented-candle,https://neomwellbeing.com/collections/massage-candles,Massage Candles,Internal Page,Follow,ERR,,html,No,2,100.00
https://neomwellbeing.com/products/real-luxury-standard-scented-candle,https://neomwellbeing.com/collections/magnesium,Magnesium,Internal Page,Follow,ERR,,html,No,2,100.00
https://neomwellbeing.com/products/real-luxury-standard-scented-candle,https://neomwellbeing.com/collections/super-shower-power-shampoo-conditioner,Shop All Haircare,Internal Page,Follow,ERR,,html,No,2,100.00
https://neomwellbeing.com/products/real-luxury-standard-scented-candle,https://neomwellbeing.com/collections/hair-skincare,Shop All Skincare,Internal Page,Follow,ERR,,html,No,2,100.00
https://neomwellbeing.com/products/real-luxury-standard-scented-candle,https://neomwellbeing.com/collections/wonder-balm,Wonder Balms,Internal Page,Follow,ERR,,html,No,2,100.00
https://neomwellbeing.com/products/real-luxury-standard-scented-candle,https://neomwellbeing.com/collections/cleansing-balm,Cleansers,Internal Page,Follow,ERR,,html,No,2,100.00
https://neomwellbeing.com/products/real-luxury-standard-scented-candle,https://neomwellbeing.com/collections/energising-face-mist,Face Mist,Internal Page,Follow,ERR,,html,No,2,100.00
https://neomwellbeing.com/products/real-luxury-standard-scented-candle,https://neomwellbeing.com/collections/scent-to-sleep,"Better Sleep
                                                                Stop, breathe, sleep
                                                            
                                                            SHOP NOW 


                                                        
                                                    
                                                            
                                                            Better Sleep",Internal Page,Follow,ERR,,html,No,2,100.00
https://neomwellbeing.com/products/real-luxury-standard-scented-candle,https://neomwellbeing.com/collections/scent-to-de-stress,"Less Stress
                                                                Feel the tension lift
                                                            
                                                            SHOP NOW 


                                                        
                                                    
                                                            
                                                            Less Stress",Internal Page,Follow,ERR,,html,No,2,100.00
https://neomwellbeing.com/products/real-luxury-standard-scented-candle,https://neomwellbeing.com/collections/scent-to-make-you-happy,"Mood Boost
                                                                Kickstart happy vibes
                                                            
                                                            SHOP NOW 


                                                        
                                                    
                                                            
                                                            Mood Boost",Internal Page,Follow,ERR,,html,No,2,100.00
https://neomwellbeing.com/products/real-luxury-standard-scented-candle,https://neomwellbeing.com/collections/scent-to-boost-your-energy,"Energy Boost
                                                                Supercharge you
                                                            
                                                            SHOP NOW 


                                                        
                                                    
                                                            
                                                            Energy Boost",Internal Page,Follow,ERR,,html,No,2,100.00
https://neomwellbeing.com/products/real-luxury-standard-scented-candle,https://neomwellbeing.com/pages/wellbeing-gifts,Gifts By Occasion,Internal Page,Follow,ERR,,html,No,2,100.00
https://neomwellbeing.com/products/real-luxury-standard-scented-candle,https://neomwellbeing.com/collections/birthday-gifts,Birthday Gifts,Internal Page,Follow,ERR,,html,No,2,100.00
https://neomwellbeing.com/products/real-luxury-standard-scented-candle,https://neomwellbeing.com/collections/parent-to-be-gifts,Parent to Be Gifts,Internal Page,Follow,ERR,,html,No,2,100.00
https://neomwellbeing.com/products/real-luxury-standard-scented-candle,https://neomwellbeing.com/collections/thank-you-gifts,Thank You Gifts,Internal Page,Follow,ERR,,html,No,2,100.00
https://neomwellbeing.com/products/real-luxury-standard-scented-candle,https://neomwellbeing.com/collections/just-because,Just Because Gifts,Internal Page,Follow,ERR,,html,No,2,100.00
https://neomwellbeing.com/products/real-luxury-standard-scented-candle,https://neomwellbeing.com/collections/gifts-for-her,Gifts For Her,Internal Page,Follow,ERR,,html,No,2,100.00
https://neomwellbeing.com/products/real-luxury-standard-scented-candle,https://neomwellbeing.com/collections/gifts-little-luxuries,Gifts Under £25,Internal Page,Follow,ERR,,html,No,2,100.00
https://neomwellbeing.com/products/real-luxury-standard-scented-candle,https://neomwellbeing.com/collections/special-moments,Gifts Under £50,Internal Page,Follow,ERR,,html,No,2,100.00
https://neomwellbeing.com/products/real-luxury-standard-scented-candle,https://neomwellbeing.com/collections/ultimate-gifts,Gifts Under £100,Internal Page,Follow,ERR,,html,No,2,100.00
https://neomwellbeing.com/products/real-luxury-standard-scented-candle,https://neomwellbeing.com/collections/luxury-gifts,Luxury Gifts,Internal Page,Follow,ERR,,html,No,2,100.00
https://neomwellbeing.com/products/real-luxury-standard-scented-candle,https://neomwellbeing.com/collections/gift-boxes-and-gift-bags,Gift Services,Internal Page,Follow,ERR,,html,No,2,100.00
https://neomwellbeing.com/products/real-luxury-standard-scented-candle,https://neomwellbeing.com/pages/build-a-wellbeing-gift,Build A Gift & Save 20%,Internal Page,Follow,ERR,,html,No,2,100.00
https://neomwellbeing.com/products/real-luxury-standard-scented-candle,https://neomwellbeing.com/products/neom-gift-cards,Digital Gift Cards,Internal Page,Follow,ERR,,html,No,2,100.00
https://neomwellbeing.com/products/real-luxury-standard-scented-candle,https://neomwellbeing.com/pages/corporate-gifting,Corporate Gifting,Internal Page,Follow,ERR,,html,No,2,100.00
https://neomwellbeing.com/products/real-luxury-standard-scented-candle,https://neomwellbeing.com/collections/wellbeing-outlet,"Wellbeing Outlet
                                                                Save on natural favourites
                                                            
                                                            SHOP NOW 


                                                        
                                                    
                                                            
                                                            Wellbeing Outlet",Internal Page,Follow,ERR,,html,No,2,100.00
https://neomwellbeing.com/products/real-luxury-standard-scented-candle,https://neomwellbeing.com/collections/supercharged-collections-with-a-saving,"Bundle & Save
                                                                Find the perfect routine
                                                            
                                                            SHOP NOW 


                                                        
                                                    
                                                            
                                                            Bundle & Save",Internal Page,Follow,ERR,,html,No,2,100.00
https://neomwellbeing.com/products/real-luxury-standard-scented-candle,https://neomwellbeing.com/pages/neom-points,Loyalty,Internal Page,Follow,ERR,,html,No,2,100.00
https://neomwellbeing.com/products/real-luxury-standard-scented-candle,https://neomwellbeing.com/pages/our-locations,Our Locations,Internal Page,Follow,ERR,,html,No,2,100.00
https://neomwellbeing.com/products/real-luxury-standard-scented-candle,https://neomwellbeing.com/pages/careers,Careers,Internal Page,Follow,ERR,,html,No,2,100.00
https://neomwellbeing.com/products/real-luxury-standard-scented-candle,https://neomwellbeing.com/blogs/wellbeing,Wellbeing Tips,Internal Page,Follow,ERR,,html,No,2,100.00
https://neomwellbeing.com/products/real-luxury-standard-scented-candle,https://neomwellbeing.com/pages/charity-partnerships,Charity Partnership,Internal Page,Follow,ERR,,html,No,2,100.00
https://neomwellbeing.com/products/real-luxury-standard-scented-candle,https://neomwellbeing.com/pages/awards,Awards,Internal Page,Follow,ERR,,html,No,2,100.00
https://neomwellbeing.com/products/real-luxury-standard-scented-candle,https://neomwellbeing.com/pages/sustainability,"Our Commitment
                                                            LEARN MORE 


                                                        
                                                    
                                                            
                                                            Our Commitment",Internal Page,Follow,ERR,,html,No,2,100.00
https://neomwellbeing.com/products/real-luxury-standard-scented-candle,https://neomwellbeing.com/pages/wishlist,,Internal Page,Follow,ERR,,html,No,2,80.00
https://neomwellbeing.com/products/real-luxury-standard-scented-candle,https://neomwellbeing.com/,,Internal Page,Follow,ERR,,html,No,0,80.00
https://neomwellbeing.com/products/real-luxury-standard-scented-candle,https://neomwellbeing.com/account/login,Sign in,Internal Page,Follow,ERR,,html,No,2,100.00
https://neomwellbeing.com/products/real-luxury-standard-scented-candle,https://neomwellbeing.com/pages/shop-by-wellbeing-range,Wellbeing Concern,Internal Page,Follow,ERR,,html,No,2,100.00
https://neomwellbeing.com/products/real-luxury-standard-scented-candle,https://neomwellbeing.com/collections/gift-sets,Gifts,Internal Page,Follow,ERR,,html,No,2,100.00
https://neomwellbeing.com/products/real-luxury-standard-scented-candle,https://neomwellbeing.com/pages/about-us,About Us,Internal Page,Follow,ERR,,html,No,2,100.00
https://neomwellbeing.com/products/real-luxury-standard-scented-candle,https://neomwellbeing.com/products/black-stainless-steel-wick-trimmer,The perfect partner for your NEOM candle... our exclusive Wick Trimmer keeps your candle burning cleanly and evenly. Shop now.,Internal Page,Follow,ERR,,html,No,2,100.00
https://neomwellbeing.com/products/real-luxury-standard-scented-candle,https://neomwellbeing.com/products/real-luxury-scented-candle,Real Luxury Scented Candle (3 Wick),Internal Page,Follow,ERR,,html,No,2,100.00
https://neomwellbeing.com/products/real-luxury-standard-scented-candle,https://neomwellbeing.com/products/real-luxury-travel-scented-candle,Real Luxury Scented Candle (Travel),Internal Page,Follow,ERR,,html,No,2,100.00
https://neomwellbeing.com/products/real-luxury-standard-scented-candle,https://neomwellbeing.com/products/real-luxury-reed-diffuser,,Internal Page,Follow,ERR,,html,No,2,80.00
https://neomwellbeing.com/products/real-luxury-standard-scented-candle,https://neomwellbeing.com/products/focus-the-mind-essential-oil-blend-10ml,,Internal Page,Follow,ERR,,html,No,2,80.00
https://neomwellbeing.com/products/real-luxury-standard-scented-candle,https://neomwellbeing.com/products/wellbeing-pod-mini-plus-waterless-essential-oil-diffuser-in-rose-gold,,Internal Page,Follow,ERR,,html,No,2,80.00
https://neomwellbeing.com/products/real-luxury-standard-scented-candle,https://neomwellbeing.com/products/real-luxury-room-spray,,Internal Page,Follow,ERR,,html,No,2,80.00
https://neomwellbeing.com/products/real-luxury-standard-scented-candle,https://neomwellbeing.com/products/wellbeing-candle-trio,,Internal Page,Follow,ERR,,html,No,2,80.00
https://neomwellbeing.com/products/real-luxury-standard-scented-candle,https://neomwellbeing.com/products/wellbeing-pod-mini-plus-waterless-essential-oil-diffuser-in-white,,Internal Page,Follow,ERR,,html,No,2,80.00
https://neomwellbeing.com/products/real-luxury-standard-scented-candle,https://neomwellbeing.com/products/real-luxury-bath-foam,,Internal Page,Follow,ERR,,html,No,2,80.00
https://neomwellbeing.com/products/real-luxury-standard-scented-candle,https://neomwellbeing.com/products/real-luxury-essential-oil-blend-10ml,,Internal Page,Follow,ERR,,html,No,2,80.00
https://neomwellbeing.com/products/real-luxury-standard-scented-candle,https://neomwellbeing.com/pages/postage,,Internal Page,Follow,ERR,,html,No,2,80.00
https://neomwellbeing.com/products/real-luxury-standard-scented-candle,https://neomwellbeing.com/pages/contact-us,,Internal Page,Follow,ERR,,html,No,2,80.00
https://neomwellbeing.com/products/real-luxury-standard-scented-candle,https://neomwellbeing.com/pages/proud-to-be-b-corp,Proud to be B Corp,Internal Page,Follow,ERR,,html,No,2,100.00
https://neomwellbeing.com/products/real-luxury-standard-scented-candle,https://neomwellbeing.com/pages/directors-shareholders,Our Directors,Internal Page,Follow,ERR,,html,No,2,100.00
https://neomwellbeing.com/products/real-luxury-standard-scented-candle,https://neomwellbeing.com/pages/seo-reviews,Reviews,Internal Page,Follow,ERR,,html,No,2,100.00
https://neomwellbeing.com/products/real-luxury-standard-scented-candle,https://neomwellbeing.com/pages/refer-a-friend,Refer a Friend,Internal Page,Follow,ERR,,html,No,2,100.00
https://neomwellbeing.com/products/real-luxury-standard-scented-candle,https://neomwellbeing.com/pages/subscriptions,Subscriptions,Internal Page,Follow,ERR,,html,No,2,100.00
https://neomwellbeing.com/products/real-luxury-standard-scented-candle,https://neomwellbeing.com/pages/become-a-neom-partner,Become a NEOM Partner,Internal Page,Follow,ERR,,html,No,2,100.00
https://neomwellbeing.com/products/real-luxury-standard-scented-candle,https://neomwellbeing.com/pages/neom-ambassadors,NEOM Ambassadors,Internal Page,Follow,ERR,,html,No,2,100.00
https://neomwellbeing.com/products/real-luxury-standard-scented-candle,https://neomwellbeing.com/pages/black-friday,Black Friday,Internal Page,Follow,ERR,,html,No,2,100.00
https://neomwellbeing.com/products/real-luxury-standard-scented-candle,https://neomwellbeing.com/pages/blue-light-card-discounts,NHS & Key Worker Discounts,Internal Page,Follow,ERR,,html,No,2,100.00
https://neomwellbeing.com/products/real-luxury-standard-scented-candle,https://neomwellbeing.com/pages/terms-conditions,Terms & Conditions,Internal Page,Follow,ERR,,html,No,2,100.00
https://neomwellbeing.com/products/real-luxury-standard-scented-candle,https://neomwellbeing.com/pages/modern-slavery-statement,Modern Slavery Statement,Internal Page,Follow,ERR,,html,No,2,100.00
https://neomwellbeing.com/products/real-luxury-standard-scented-candle,https://neomwellbeing.com/pages/privacy-policy,Privacy Policy,Internal Page,Follow,ERR,,html,No,2,100.00
https://neomwellbeing.com/products/real-luxury-standard-scented-candle,https://neomwellbeing.com/pages/cookie-policy,Cookie Policy,Internal Page,Follow,ERR,,html,No,2,100.00
https://neomwellbeing.com/products/real-luxury-standard-scented-candle,https://neomwellbeing.com/pages/sitemap,Sitemap,Internal Page,Follow,ERR,,html,No,2,100.00
https://neomwellbeing.com/products/real-luxury-standard-scented-candle,https://neomwellbeing.com/blogs/sleep,The Better Sleep Hub,Internal Page,Follow,ERR,,html,No,2,100.00
https://neomwellbeing.com/products/real-luxury-standard-scented-candle,https://neomwellbeing.com/blogs/stress,The Less Stress Hub,Internal Page,Follow,ERR,,html,No,2,100.00
https://neomwellbeing.com/products/real-luxury-standard-scented-candle,https://neomwellbeing.com/blogs/mood,The Mood-Boosting Hub,Internal Page,Follow,ERR,,html,No,2,100.00
https://neomwellbeing.com/products/real-luxury-standard-scented-candle,https://neomwellbeing.com/blogs/energy,The More Energy Hub,Internal Page,Follow,ERR,,html,No,2,100.00
https://neomwellbeing.com/products/real-luxury-standard-scented-candle,https://neomwellbeing.com/blogs/news,Trending & News,Internal Page,Follow,ERR,,html,No,2,100.00
https://neomwellbeing.com/products/real-luxury-standard-scented-candle,https://neomwellbeing.com/blogs/product-advice,Product Advice & Gift Guides,Internal Page,Follow,ERR,,html,No,2,100.00
https://neomwellbeing.com/products/feel-refreshed-standard-scented-candle,https://neomwellbeing.com/products/feel-refreshed-standard-scented-candle,Skip to content,Internal Page,Follow,ERR,,html,No,2,100.00
https://neomwellbeing.com/products/feel-refreshed-standard-scented-candle,https://neomwellbeing.com/cart,CONTINUE TO CHECKOUT,Internal Page,Follow,ERR,,html,No,1,100.00
https://neomwellbeing.com/products/feel-refreshed-standard-scented-candle,https://neomwellbeing.com/collections/body-wash,NEW BODY WASHES. SHOP NOW.,Internal Page,Follow,ERR,,html,No,2,100.00
https://neomwellbeing.com/products/feel-refreshed-standard-scented-candle,https://neomwellbeing.com/collections/gift-with-purchase,FREE GIFTS WITH ORDERS £65+,Internal Page,Follow,ERR,,html,No,2,100.00
https://neomwellbeing.com/products/feel-refreshed-standard-scented-candle,https://neomwellbeing.com/collections/bestsellers,FREE  STANDARD UK DELIVERY ON ORDERS £60+,Internal Page,Follow,ERR,,html,No,2,100.00
https://neomwellbeing.com/products/feel-refreshed-standard-scented-candle,https://neomwellbeing.com/collections/essential-oil-blends,"Essential Oil Blends
                                                                Luxury essential oils
                                                            
                                                            SHOP OILS 


                                                        
                                                    
                                                            
                                                            Essential Oil Blends",Internal Page,Follow,ERR,,html,No,2,100.00
https://neomwellbeing.com/products/feel-refreshed-standard-scented-candle,https://neomwellbeing.com/collections/the-wellbeing-pod-mini,"Wellbeing Pod Mini+
                                                                To scent small spaces
                                                            
                                                            SHOP POD MINI+ 


                                                        
                                                    
                                                            
                                                            Wellbeing Pod Mini+",Internal Page,Follow,ERR,,html,No,2,100.00
https://neomwellbeing.com/products/feel-refreshed-standard-scented-candle,https://neomwellbeing.com/collections/the-wellbeing-pod,"Wellbeing Pod
                                                                To scent medium spaces
                                                            
                                                            SHOP POD 


                                                        
                                                    
                                                            
                                                            Wellbeing Pod",Internal Page,Follow,ERR,,html,No,2,100.00
https://neomwellbeing.com/products/feel-refreshed-standard-scented-candle,https://neomwellbeing.com/collections/wellbeing-pod-luxe,"Wellbeing Pod Luxe
                                                                To scent large spaces
                                                            
                                                            SHOP POD LUXE 


                                                        
                                                    
                                                            
                                                            Wellbeing Pod Luxe",Internal Page,Follow,ERR,,html,No,2,100.00
https://neomwellbeing.com/products/feel-refreshed-standard-scented-candle,https://neomwellbeing.com/collections/home-fragrance,Shop All Home Fragrance,Internal Page,Follow,ERR,,html,No,2,100.00
https://neomwellbeing.com/products/feel-refreshed-standard-scented-candle,https://neomwellbeing.com/collections/reed-diffusers,Reed Diffusers,Internal Page,Follow,ERR,,html,No,2,100.00
https://neomwellbeing.com/products/feel-refreshed-standard-scented-candle,https://neomwellbeing.com/collections/candles,Candles,Internal Page,Follow,ERR,,html,No,2,100.00
https://neomwellbeing.com/products/feel-refreshed-standard-scented-candle,https://neomwellbeing.com/collections/electric-diffusers,Wellbeing Pods,Internal Page,Follow,ERR,,html,No,2,100.00
https://neomwellbeing.com/products/feel-refreshed-standard-scented-candle,https://neomwellbeing.com/collections/mists,Room Spray,Internal Page,Follow,ERR,,html,No,2,100.00
https://neomwellbeing.com/products/feel-refreshed-standard-scented-candle,https://neomwellbeing.com/collections/sleep-mist,Sleep Mist,Internal Page,Follow,ERR,,html,No,2,100.00
https://neomwellbeing.com/products/feel-refreshed-standard-scented-candle,https://neomwellbeing.com/collections/bath-body,Shop All Bath & Body,Internal Page,Follow,ERR,,html,No,2,100.00
https://neomwellbeing.com/products/feel-refreshed-standard-scented-candle,https://neomwellbeing.com/collections/bath-oils-foams,Bath Foams & Milks,Internal Page,Follow,ERR,,html,No,2,100.00
https://neomwellbeing.com/products/feel-refreshed-standard-scented-candle,https://neomwellbeing.com/collections/body-oils-scrubs,"Body Oils, Milks, Scrubs & Polish",Internal Page,Follow,ERR,,html,No,2,100.00
https://neomwellbeing.com/products/feel-refreshed-standard-scented-candle,https://neomwellbeing.com/collections/travel,Travel Size,Internal Page,Follow,ERR,,html,No,2,100.00
https://neomwellbeing.com/products/feel-refreshed-standard-scented-candle,https://neomwellbeing.com/collections/body-washes-lotions,"Hand Balms, Washes & Lotions",Internal Page,Follow,ERR,,html,No,2,100.00
https://neomwellbeing.com/products/feel-refreshed-standard-scented-candle,https://neomwellbeing.com/collections/body-butter,Magnesium Body Butters,Internal Page,Follow,ERR,,html,No,2,100.00
https://neomwellbeing.com/products/feel-refreshed-standard-scented-candle,https://neomwellbeing.com/collections/essential-oil-roll-on-pulse-points,Essential Oil Roll-On Pens,Internal Page,Follow,ERR,,html,No,2,100.00
https://neomwellbeing.com/products/feel-refreshed-standard-scented-candle,https://neomwellbeing.com/collections/massage-candles,Massage Candles,Internal Page,Follow,ERR,,html,No,2,100.00
https://neomwellbeing.com/products/feel-refreshed-standard-scented-candle,https://neomwellbeing.com/collections/magnesium,Magnesium,Internal Page,Follow,ERR,,html,No,2,100.00
https://neomwellbeing.com/products/feel-refreshed-standard-scented-candle,https://neomwellbeing.com/collections/super-shower-power-shampoo-conditioner,Shop All Haircare,Internal Page,Follow,ERR,,html,No,2,100.00
https://neomwellbeing.com/products/feel-refreshed-standard-scented-candle,https://neomwellbeing.com/collections/hair-skincare,Shop All Skincare,Internal Page,Follow,ERR,,html,No,2,100.00
https://neomwellbeing.com/products/feel-refreshed-standard-scented-candle,https://neomwellbeing.com/collections/wonder-balm,Wonder Balms,Internal Page,Follow,ERR,,html,No,2,100.00
https://neomwellbeing.com/products/feel-refreshed-standard-scented-candle,https://neomwellbeing.com/collections/cleansing-balm,Cleansers,Internal Page,Follow,ERR,,html,No,2,100.00
https://neomwellbeing.com/products/feel-refreshed-standard-scented-candle,https://neomwellbeing.com/collections/energising-face-mist,Face Mist,Internal Page,Follow,ERR,,html,No,2,100.00
https://neomwellbeing.com/products/feel-refreshed-standard-scented-candle,https://neomwellbeing.com/collections/scent-to-sleep,"Better Sleep
                                                                Stop, breathe, sleep
                                                            
                                                            SHOP NOW 


                                                        
                                                    
                                                            
                                                            Better Sleep",Internal Page,Follow,ERR,,html,No,2,100.00
https://neomwellbeing.com/products/feel-refreshed-standard-scented-candle,https://neomwellbeing.com/collections/scent-to-de-stress,"Less Stress
                                                                Feel the tension lift
                                                            
                                                            SHOP NOW 


                                                        
                                                    
                                                            
                                                            Less Stress",Internal Page,Follow,ERR,,html,No,2,100.00
https://neomwellbeing.com/products/feel-refreshed-standard-scented-candle,https://neomwellbeing.com/collections/scent-to-make-you-happy,"Mood Boost
                                                                Kickstart happy vibes
                                                            
                                                            SHOP NOW 


                                                        
                                                    
                                                            
                                                            Mood Boost",Internal Page,Follow,ERR,,html,No,2,100.00
https://neomwellbeing.com/products/feel-refreshed-standard-scented-candle,https://neomwellbeing.com/collections/scent-to-boost-your-energy,"Energy Boost
                                                                Supercharge you
                                                            
                                                            SHOP NOW 


                                                        
                                                    
                                                            
                                                            Energy Boost",Internal Page,Follow,ERR,,html,No,2,100.00
https://neomwellbeing.com/products/feel-refreshed-standard-scented-candle,https://neomwellbeing.com/pages/wellbeing-gifts,Gifts By Occasion,Internal Page,Follow,ERR,,html,No,2,100.00
https://neomwellbeing.com/products/feel-refreshed-standard-scented-candle,https://neomwellbeing.com/collections/birthday-gifts,Birthday Gifts,Internal Page,Follow,ERR,,html,No,2,100.00
https://neomwellbeing.com/products/feel-refreshed-standard-scented-candle,https://neomwellbeing.com/collections/parent-to-be-gifts,Parent to Be Gifts,Internal Page,Follow,ERR,,html,No,2,100.00
https://neomwellbeing.com/products/feel-refreshed-standard-scented-candle,https://neomwellbeing.com/collections/thank-you-gifts,Thank You Gifts,Internal Page,Follow,ERR,,html,No,2,100.00
https://neomwellbeing.com/products/feel-refreshed-standard-scented-candle,https://neomwellbeing.com/collections/just-because,Just Because Gifts,Internal Page,Follow,ERR,,html,No,2,100.00
https://neomwellbeing.com/products/feel-refreshed-standard-scented-candle,https://neomwellbeing.com/collections/gifts-for-her,Gifts For Her,Internal Page,Follow,ERR,,html,No,2,100.00
https://neomwellbeing.com/products/feel-refreshed-standard-scented-candle,https://neomwellbeing.com/collections/gifts-little-luxuries,Gifts Under £25,Internal Page,Follow,ERR,,html,No,2,100.00
https://neomwellbeing.com/products/feel-refreshed-standard-scented-candle,https://neomwellbeing.com/collections/special-moments,Gifts Under £50,Internal Page,Follow,ERR,,html,No,2,100.00
https://neomwellbeing.com/products/feel-refreshed-standard-scented-candle,https://neomwellbeing.com/collections/ultimate-gifts,Gifts Under £100,Internal Page,Follow,ERR,,html,No,2,100.00
https://neomwellbeing.com/products/feel-refreshed-standard-scented-candle,https://neomwellbeing.com/collections/luxury-gifts,Luxury Gifts,Internal Page,Follow,ERR,,html,No,2,100.00
https://neomwellbeing.com/products/feel-refreshed-standard-scented-candle,https://neomwellbeing.com/collections/gift-boxes-and-gift-bags,Gift Services,Internal Page,Follow,ERR,,html,No,2,100.00
https://neomwellbeing.com/products/feel-refreshed-standard-scented-candle,https://neomwellbeing.com/pages/build-a-wellbeing-gift,Build A Gift & Save 20%,Internal Page,Follow,ERR,,html,No,2,100.00
https://neomwellbeing.com/products/feel-refreshed-standard-scented-candle,https://neomwellbeing.com/products/neom-gift-cards,Digital Gift Cards,Internal Page,Follow,ERR,,html,No,2,100.00
https://neomwellbeing.com/products/feel-refreshed-standard-scented-candle,https://neomwellbeing.com/pages/corporate-gifting,Corporate Gifting,Internal Page,Follow,ERR,,html,No,2,100.00
https://neomwellbeing.com/products/feel-refreshed-standard-scented-candle,https://neomwellbeing.com/collections/wellbeing-outlet,"Wellbeing Outlet
                                                                Save on natural favourites
                                                            
                                                            SHOP NOW 


                                                        
                                                    
                                                            
                                                            Wellbeing Outlet",Internal Page,Follow,ERR,,html,No,2,100.00
https://neomwellbeing.com/products/feel-refreshed-standard-scented-candle,https://neomwellbeing.com/collections/supercharged-collections-with-a-saving,"Bundle & Save
                                                                Find the perfect routine
                                                            
                                                            SHOP NOW 


                                                        
                                                    
                                                            
                                                            Bundle & Save",Internal Page,Follow,ERR,,html,No,2,100.00
https://neomwellbeing.com/products/feel-refreshed-standard-scented-candle,https://neomwellbeing.com/pages/neom-points,Loyalty,Internal Page,Follow,ERR,,html,No,2,100.00
https://neomwellbeing.com/products/feel-refreshed-standard-scented-candle,https://neomwellbeing.com/pages/our-locations,Our Locations,Internal Page,Follow,ERR,,html,No,2,100.00
https://neomwellbeing.com/products/feel-refreshed-standard-scented-candle,https://neomwellbeing.com/pages/careers,Careers,Internal Page,Follow,ERR,,html,No,2,100.00
https://neomwellbeing.com/products/feel-refreshed-standard-scented-candle,https://neomwellbeing.com/blogs/wellbeing,Wellbeing Tips,Internal Page,Follow,ERR,,html,No,2,100.00
https://neomwellbeing.com/products/feel-refreshed-standard-scented-candle,https://neomwellbeing.com/pages/charity-partnerships,Charity Partnership,Internal Page,Follow,ERR,,html,No,2,100.00
https://neomwellbeing.com/products/feel-refreshed-standard-scented-candle,https://neomwellbeing.com/pages/awards,Awards,Internal Page,Follow,ERR,,html,No,2,100.00
https://neomwellbeing.com/products/feel-refreshed-standard-scented-candle,https://neomwellbeing.com/pages/sustainability,"Our Commitment
                                                            LEARN MORE 


                                                        
                                                    
                                                            
                                                            Our Commitment",Internal Page,Follow,ERR,,html,No,2,100.00
https://neomwellbeing.com/products/feel-refreshed-standard-scented-candle,https://neomwellbeing.com/pages/wishlist,,Internal Page,Follow,ERR,,html,No,2,80.00
https://neomwellbeing.com/products/feel-refreshed-standard-scented-candle,https://neomwellbeing.com/,,Internal Page,Follow,ERR,,html,No,0,80.00
https://neomwellbeing.com/products/feel-refreshed-standard-scented-candle,https://neomwellbeing.com/account/login,Sign in,Internal Page,Follow,ERR,,html,No,2,100.00
https://neomwellbeing.com/products/feel-refreshed-standard-scented-candle,https://neomwellbeing.com/pages/shop-by-wellbeing-range,Wellbeing Concern,Internal Page,Follow,ERR,,html,No,2,100.00
https://neomwellbeing.com/products/feel-refreshed-standard-scented-candle,https://neomwellbeing.com/collections/gift-sets,Gifts,Internal Page,Follow,ERR,,html,No,2,100.00
https://neomwellbeing.com/products/feel-refreshed-standard-scented-candle,https://neomwellbeing.com/pages/about-us,About Us,Internal Page,Follow,ERR,,html,No,2,100.00
https://neomwellbeing.com/products/feel-refreshed-standard-scented-candle,https://neomwellbeing.com/products/black-stainless-steel-wick-trimmer,The perfect partner for your NEOM candle... our exclusive Wick Trimmer keeps your candle burning cleanly and evenly. Shop now.,Internal Page,Follow,ERR,,html,No,2,100.00
https://neomwellbeing.com/products/feel-refreshed-standard-scented-candle,https://neomwellbeing.com/products/feel-refreshed-luxury-scented-candle,Feel Refreshed Scented Candle (3 Wick),Internal Page,Follow,ERR,,html,No,2,100.00
https://neomwellbeing.com/products/feel-refreshed-standard-scented-candle,https://neomwellbeing.com/products/feel-refreshed-energy-essential-oil-blend-10ml,,Internal Page,Follow,ERR,,html,No,2,80.00
https://neomwellbeing.com/products/feel-refreshed-standard-scented-candle,https://neomwellbeing.com/products/complete-bliss-standard-scented-candle,,Internal Page,Follow,ERR,,html,No,2,80.00
https://neomwellbeing.com/products/feel-refreshed-standard-scented-candle,https://neomwellbeing.com/products/perfect-nights-sleep-standard-scented-candle,,Internal Page,Follow,ERR,,html,No,2,80.00
https://neomwellbeing.com/products/feel-refreshed-standard-scented-candle,https://neomwellbeing.com/products/complete-bliss-luxury-scented-candle,,Internal Page,Follow,ERR,,html,No,2,80.00
https://neomwellbeing.com/products/feel-refreshed-standard-scented-candle,https://neomwellbeing.com/products/happiness-luxury-scented-candle,,Internal Page,Follow,ERR,,html,No,2,80.00
https://neomwellbeing.com/products/feel-refreshed-standard-scented-candle,https://neomwellbeing.com/products/happiness-standard-scented-candle,,Internal Page,Follow,ERR,,html,No,2,80.00
https://neomwellbeing.com/products/feel-refreshed-standard-scented-candle,https://neomwellbeing.com/products/real-luxury-standard-scented-candle,,Internal Page,Follow,ERR,,html,No,2,80.00
https://neomwellbeing.com/products/feel-refreshed-standard-scented-candle,https://neomwellbeing.com/products/complete-bliss-travel-scented-candle,,Internal Page,Follow,ERR,,html,No,2,80.00
https://neomwellbeing.com/products/feel-refreshed-standard-scented-candle,https://neomwellbeing.com/products/perfect-nights-sleep-intensive-skin-treatment-candle,,Internal Page,Follow,ERR,,html,No,2,80.00
https://neomwellbeing.com/products/feel-refreshed-standard-scented-candle,https://neomwellbeing.com/pages/postage,,Internal Page,Follow,ERR,,html,No,2,80.00
https://neomwellbeing.com/products/feel-refreshed-standard-scented-candle,https://neomwellbeing.com/pages/contact-us,,Internal Page,Follow,ERR,,html,No,2,80.00
https://neomwellbeing.com/products/feel-refreshed-standard-scented-candle,https://neomwellbeing.com/pages/proud-to-be-b-corp,Proud to be B Corp,Internal Page,Follow,ERR,,html,No,2,100.00
https://neomwellbeing.com/products/feel-refreshed-standard-scented-candle,https://neomwellbeing.com/pages/directors-shareholders,Our Directors,Internal Page,Follow,ERR,,html,No,2,100.00
https://neomwellbeing.com/products/feel-refreshed-standard-scented-candle,https://neomwellbeing.com/pages/seo-reviews,Reviews,Internal Page,Follow,ERR,,html,No,2,100.00
https://neomwellbeing.com/products/feel-refreshed-standard-scented-candle,https://neomwellbeing.com/pages/refer-a-friend,Refer a Friend,Internal Page,Follow,ERR,,html,No,2,100.00
https://neomwellbeing.com/products/feel-refreshed-standard-scented-candle,https://neomwellbeing.com/pages/subscriptions,Subscriptions,Internal Page,Follow,ERR,,html,No,2,100.00
https://neomwellbeing.com/products/feel-refreshed-standard-scented-candle,https://neomwellbeing.com/pages/become-a-neom-partner,Become a NEOM Partner,Internal Page,Follow,ERR,,html,No,2,100.00
https://neomwellbeing.com/products/feel-refreshed-standard-scented-candle,https://neomwellbeing.com/pages/neom-ambassadors,NEOM Ambassadors,Internal Page,Follow,ERR,,html,No,2,100.00
https://neomwellbeing.com/products/feel-refreshed-standard-scented-candle,https://neomwellbeing.com/pages/black-friday,Black Friday,Internal Page,Follow,ERR,,html,No,2,100.00
https://neomwellbeing.com/products/feel-refreshed-standard-scented-candle,https://neomwellbeing.com/pages/blue-light-card-discounts,NHS & Key Worker Discounts,Internal Page,Follow,ERR,,html,No,2,100.00
https://neomwellbeing.com/products/feel-refreshed-standard-scented-candle,https://neomwellbeing.com/pages/terms-conditions,Terms & Conditions,Internal Page,Follow,ERR,,html,No,2,100.00
https://neomwellbeing.com/products/feel-refreshed-standard-scented-candle,https://neomwellbeing.com/pages/modern-slavery-statement,Modern Slavery Statement,Internal Page,Follow,ERR,,html,No,2,100.00
https://neomwellbeing.com/products/feel-refreshed-standard-scented-candle,https://neomwellbeing.com/pages/privacy-policy,Privacy Policy,Internal Page,Follow,ERR,,html,No,2,100.00
https://neomwellbeing.com/products/feel-refreshed-standard-scented-candle,https://neomwellbeing.com/pages/cookie-policy,Cookie Policy,Internal Page,Follow,ERR,,html,No,2,100.00
https://neomwellbeing.com/products/feel-refreshed-standard-scented-candle,https://neomwellbeing.com/pages/sitemap,Sitemap,Internal Page,Follow,ERR,,html,No,2,100.00
https://neomwellbeing.com/products/feel-refreshed-standard-scented-candle,https://neomwellbeing.com/blogs/sleep,The Better Sleep Hub,Internal Page,Follow,ERR,,html,No,2,100.00
https://neomwellbeing.com/products/feel-refreshed-standard-scented-candle,https://neomwellbeing.com/blogs/stress,The Less Stress Hub,Internal Page,Follow,ERR,,html,No,2,100.00
https://neomwellbeing.com/products/feel-refreshed-standard-scented-candle,https://neomwellbeing.com/blogs/mood,The Mood-Boosting Hub,Internal Page,Follow,ERR,,html,No,2,100.00
https://neomwellbeing.com/products/feel-refreshed-standard-scented-candle,https://neomwellbeing.com/blogs/energy,The More Energy Hub,Internal Page,Follow,ERR,,html,No,2,100.00
https://neomwellbeing.com/products/feel-refreshed-standard-scented-candle,https://neomwellbeing.com/blogs/news,Trending & News,Internal Page,Follow,ERR,,html,No,2,100.00
https://neomwellbeing.com/products/feel-refreshed-standard-scented-candle,https://neomwellbeing.com/blogs/product-advice,Product Advice & Gift Guides,Internal Page,Follow,ERR,,html,No,2,100.00
https://neomwellbeing.com/products/happiness-standard-scented-candle,https://neomwellbeing.com/products/happiness-standard-scented-candle,Skip to content,Internal Page,Follow,ERR,,html,No,2,100.00
https://neomwellbeing.com/products/happiness-standard-scented-candle,https://neomwellbeing.com/cart,CONTINUE TO CHECKOUT,Internal Page,Follow,ERR,,html,No,1,100.00
https://neomwellbeing.com/products/happiness-standard-scented-candle,https://neomwellbeing.com/collections/body-wash,NEW BODY WASHES. SHOP NOW.,Internal Page,Follow,ERR,,html,No,2,100.00
https://neomwellbeing.com/products/happiness-standard-scented-candle,https://neomwellbeing.com/collections/gift-with-purchase,FREE GIFTS WITH ORDERS £65+,Internal Page,Follow,ERR,,html,No,2,100.00
https://neomwellbeing.com/products/happiness-standard-scented-candle,https://neomwellbeing.com/collections/bestsellers,FREE  STANDARD UK DELIVERY ON ORDERS £60+,Internal Page,Follow,ERR,,html,No,2,100.00
https://neomwellbeing.com/products/happiness-standard-scented-candle,https://neomwellbeing.com/collections/essential-oil-blends,"Essential Oil Blends
                                                                Luxury essential oils
                                                            
                                                            SHOP OILS 


                                                        
                                                    
                                                            
                                                            Essential Oil Blends",Internal Page,Follow,ERR,,html,No,2,100.00
https://neomwellbeing.com/products/happiness-standard-scented-candle,https://neomwellbeing.com/collections/the-wellbeing-pod-mini,"Wellbeing Pod Mini+
                                                                To scent small spaces
                                                            
                                                            SHOP POD MINI+ 


                                                        
                                                    
                                                            
                                                            Wellbeing Pod Mini+",Internal Page,Follow,ERR,,html,No,2,100.00
https://neomwellbeing.com/products/happiness-standard-scented-candle,https://neomwellbeing.com/collections/the-wellbeing-pod,"Wellbeing Pod
                                                                To scent medium spaces
                                                            
                                                            SHOP POD 


                                                        
                                                    
                                                            
                                                            Wellbeing Pod",Internal Page,Follow,ERR,,html,No,2,100.00
https://neomwellbeing.com/products/happiness-standard-scented-candle,https://neomwellbeing.com/collections/wellbeing-pod-luxe,"Wellbeing Pod Luxe
                                                                To scent large spaces
                                                            
                                                            SHOP POD LUXE 


                                                        
                                                    
                                                            
                                                            Wellbeing Pod Luxe",Internal Page,Follow,ERR,,html,No,2,100.00
https://neomwellbeing.com/products/happiness-standard-scented-candle,https://neomwellbeing.com/collections/home-fragrance,Shop All Home Fragrance,Internal Page,Follow,ERR,,html,No,2,100.00
https://neomwellbeing.com/products/happiness-standard-scented-candle,https://neomwellbeing.com/collections/reed-diffusers,Reed Diffusers,Internal Page,Follow,ERR,,html,No,2,100.00
https://neomwellbeing.com/products/happiness-standard-scented-candle,https://neomwellbeing.com/collections/candles,Candles,Internal Page,Follow,ERR,,html,No,2,100.00
https://neomwellbeing.com/products/happiness-standard-scented-candle,https://neomwellbeing.com/collections/electric-diffusers,Wellbeing Pods,Internal Page,Follow,ERR,,html,No,2,100.00
https://neomwellbeing.com/products/happiness-standard-scented-candle,https://neomwellbeing.com/collections/mists,Room Spray,Internal Page,Follow,ERR,,html,No,2,100.00
https://neomwellbeing.com/products/happiness-standard-scented-candle,https://neomwellbeing.com/collections/sleep-mist,Sleep Mist,Internal Page,Follow,ERR,,html,No,2,100.00
https://neomwellbeing.com/products/happiness-standard-scented-candle,https://neomwellbeing.com/collections/bath-body,Shop All Bath & Body,Internal Page,Follow,ERR,,html,No,2,100.00
https://neomwellbeing.com/products/happiness-standard-scented-candle,https://neomwellbeing.com/collections/bath-oils-foams,Bath Foams & Milks,Internal Page,Follow,ERR,,html,No,2,100.00
https://neomwellbeing.com/products/happiness-standard-scented-candle,https://neomwellbeing.com/collections/body-oils-scrubs,"Body Oils, Milks, Scrubs & Polish",Internal Page,Follow,ERR,,html,No,2,100.00
https://neomwellbeing.com/products/happiness-standard-scented-candle,https://neomwellbeing.com/collections/travel,Travel Size,Internal Page,Follow,ERR,,html,No,2,100.00
https://neomwellbeing.com/products/happiness-standard-scented-candle,https://neomwellbeing.com/collections/body-washes-lotions,"Hand Balms, Washes & Lotions",Internal Page,Follow,ERR,,html,No,2,100.00
https://neomwellbeing.com/products/happiness-standard-scented-candle,https://neomwellbeing.com/collections/body-butter,Magnesium Body Butters,Internal Page,Follow,ERR,,html,No,2,100.00
https://neomwellbeing.com/products/happiness-standard-scented-candle,https://neomwellbeing.com/collections/essential-oil-roll-on-pulse-points,Essential Oil Roll-On Pens,Internal Page,Follow,ERR,,html,No,2,100.00
https://neomwellbeing.com/products/happiness-standard-scented-candle,https://neomwellbeing.com/collections/massage-candles,Massage Candles,Internal Page,Follow,ERR,,html,No,2,100.00
https://neomwellbeing.com/products/happiness-standard-scented-candle,https://neomwellbeing.com/collections/magnesium,Magnesium,Internal Page,Follow,ERR,,html,No,2,100.00
https://neomwellbeing.com/products/happiness-standard-scented-candle,https://neomwellbeing.com/collections/super-shower-power-shampoo-conditioner,Shop All Haircare,Internal Page,Follow,ERR,,html,No,2,100.00
https://neomwellbeing.com/products/happiness-standard-scented-candle,https://neomwellbeing.com/collections/hair-skincare,Shop All Skincare,Internal Page,Follow,ERR,,html,No,2,100.00
https://neomwellbeing.com/products/happiness-standard-scented-candle,https://neomwellbeing.com/collections/wonder-balm,Wonder Balms,Internal Page,Follow,ERR,,html,No,2,100.00
https://neomwellbeing.com/products/happiness-standard-scented-candle,https://neomwellbeing.com/collections/cleansing-balm,Cleansers,Internal Page,Follow,ERR,,html,No,2,100.00
https://neomwellbeing.com/products/happiness-standard-scented-candle,https://neomwellbeing.com/collections/energising-face-mist,Face Mist,Internal Page,Follow,ERR,,html,No,2,100.00
https://neomwellbeing.com/products/happiness-standard-scented-candle,https://neomwellbeing.com/collections/scent-to-sleep,"Better Sleep
                                                                Stop, breathe, sleep
                                                            
                                                            SHOP NOW 


                                                        
                                                    
                                                            
                                                            Better Sleep",Internal Page,Follow,ERR,,html,No,2,100.00
https://neomwellbeing.com/products/happiness-standard-scented-candle,https://neomwellbeing.com/collections/scent-to-de-stress,"Less Stress
                                                                Feel the tension lift
                                                            
                                                            SHOP NOW 


                                                        
                                                    
                                                            
                                                            Less Stress",Internal Page,Follow,ERR,,html,No,2,100.00
https://neomwellbeing.com/products/happiness-standard-scented-candle,https://neomwellbeing.com/collections/scent-to-make-you-happy,"Mood Boost
                                                                Kickstart happy vibes
                                                            
                                                            SHOP NOW 


                                                        
                                                    
                                                            
                                                            Mood Boost",Internal Page,Follow,ERR,,html,No,2,100.00
https://neomwellbeing.com/products/happiness-standard-scented-candle,https://neomwellbeing.com/collections/scent-to-boost-your-energy,"Energy Boost
                                                                Supercharge you
                                                            
                                                            SHOP NOW 


                                                        
                                                    
                                                            
                                                            Energy Boost",Internal Page,Follow,ERR,,html,No,2,100.00
https://neomwellbeing.com/products/happiness-standard-scented-candle,https://neomwellbeing.com/pages/wellbeing-gifts,Gifts By Occasion,Internal Page,Follow,ERR,,html,No,2,100.00
https://neomwellbeing.com/products/happiness-standard-scented-candle,https://neomwellbeing.com/collections/birthday-gifts,Birthday Gifts,Internal Page,Follow,ERR,,html,No,2,100.00
https://neomwellbeing.com/products/happiness-standard-scented-candle,https://neomwellbeing.com/collections/parent-to-be-gifts,Parent to Be Gifts,Internal Page,Follow,ERR,,html,No,2,100.00
https://neomwellbeing.com/products/happiness-standard-scented-candle,https://neomwellbeing.com/collections/thank-you-gifts,Thank You Gifts,Internal Page,Follow,ERR,,html,No,2,100.00
https://neomwellbeing.com/products/happiness-standard-scented-candle,https://neomwellbeing.com/collections/just-because,Just Because Gifts,Internal Page,Follow,ERR,,html,No,2,100.00
https://neomwellbeing.com/products/happiness-standard-scented-candle,https://neomwellbeing.com/collections/gifts-for-her,Gifts For Her,Internal Page,Follow,ERR,,html,No,2,100.00
https://neomwellbeing.com/products/happiness-standard-scented-candle,https://neomwellbeing.com/collections/gifts-little-luxuries,Gifts Under £25,Internal Page,Follow,ERR,,html,No,2,100.00
https://neomwellbeing.com/products/happiness-standard-scented-candle,https://neomwellbeing.com/collections/special-moments,Gifts Under £50,Internal Page,Follow,ERR,,html,No,2,100.00
https://neomwellbeing.com/products/happiness-standard-scented-candle,https://neomwellbeing.com/collections/ultimate-gifts,Gifts Under £100,Internal Page,Follow,ERR,,html,No,2,100.00
https://neomwellbeing.com/products/happiness-standard-scented-candle,https://neomwellbeing.com/collections/luxury-gifts,Luxury Gifts,Internal Page,Follow,ERR,,html,No,2,100.00
https://neomwellbeing.com/products/happiness-standard-scented-candle,https://neomwellbeing.com/collections/gift-boxes-and-gift-bags,Gift Services,Internal Page,Follow,ERR,,html,No,2,100.00
https://neomwellbeing.com/products/happiness-standard-scented-candle,https://neomwellbeing.com/pages/build-a-wellbeing-gift,Build A Gift & Save 20%,Internal Page,Follow,ERR,,html,No,2,100.00
https://neomwellbeing.com/products/happiness-standard-scented-candle,https://neomwellbeing.com/products/neom-gift-cards,Digital Gift Cards,Internal Page,Follow,ERR,,html,No,2,100.00
https://neomwellbeing.com/products/happiness-standard-scented-candle,https://neomwellbeing.com/pages/corporate-gifting,Corporate Gifting,Internal Page,Follow,ERR,,html,No,2,100.00
https://neomwellbeing.com/products/happiness-standard-scented-candle,https://neomwellbeing.com/collections/wellbeing-outlet,"Wellbeing Outlet
                                                                Save on natural favourites
                                                            
                                                            SHOP NOW 


                                                        
                                                    
                                                            
                                                            Wellbeing Outlet",Internal Page,Follow,ERR,,html,No,2,100.00
https://neomwellbeing.com/products/happiness-standard-scented-candle,https://neomwellbeing.com/collections/supercharged-collections-with-a-saving,"Bundle & Save
                                                                Find the perfect routine
                                                            
                                                            SHOP NOW 


                                                        
                                                    
                                                            
                                                            Bundle & Save",Internal Page,Follow,ERR,,html,No,2,100.00
https://neomwellbeing.com/products/happiness-standard-scented-candle,https://neomwellbeing.com/pages/neom-points,Loyalty,Internal Page,Follow,ERR,,html,No,2,100.00
https://neomwellbeing.com/products/happiness-standard-scented-candle,https://neomwellbeing.com/pages/our-locations,Our Locations,Internal Page,Follow,ERR,,html,No,2,100.00
https://neomwellbeing.com/products/happiness-standard-scented-candle,https://neomwellbeing.com/pages/careers,Careers,Internal Page,Follow,ERR,,html,No,2,100.00
https://neomwellbeing.com/products/happiness-standard-scented-candle,https://neomwellbeing.com/blogs/wellbeing,Wellbeing Tips,Internal Page,Follow,ERR,,html,No,2,100.00
https://neomwellbeing.com/products/happiness-standard-scented-candle,https://neomwellbeing.com/pages/charity-partnerships,Charity Partnership,Internal Page,Follow,ERR,,html,No,2,100.00
https://neomwellbeing.com/products/happiness-standard-scented-candle,https://neomwellbeing.com/pages/awards,Awards,Internal Page,Follow,ERR,,html,No,2,100.00
https://neomwellbeing.com/products/happiness-standard-scented-candle,https://neomwellbeing.com/pages/sustainability,"Our Commitment
                                                            LEARN MORE 


                                                        
                                                    
                                                            
                                                            Our Commitment",Internal Page,Follow,ERR,,html,No,2,100.00
https://neomwellbeing.com/products/happiness-standard-scented-candle,https://neomwellbeing.com/pages/wishlist,,Internal Page,Follow,ERR,,html,No,2,80.00
https://neomwellbeing.com/products/happiness-standard-scented-candle,https://neomwellbeing.com/,,Internal Page,Follow,ERR,,html,No,0,80.00
https://neomwellbeing.com/products/happiness-standard-scented-candle,https://neomwellbeing.com/account/login,Sign in,Internal Page,Follow,ERR,,html,No,2,100.00
https://neomwellbeing.com/products/happiness-standard-scented-candle,https://neomwellbeing.com/pages/shop-by-wellbeing-range,Wellbeing Concern,Internal Page,Follow,ERR,,html,No,2,100.00
https://neomwellbeing.com/products/happiness-standard-scented-candle,https://neomwellbeing.com/collections/gift-sets,Gifts,Internal Page,Follow,ERR,,html,No,2,100.00
https://neomwellbeing.com/products/happiness-standard-scented-candle,https://neomwellbeing.com/pages/about-us,About Us,Internal Page,Follow,ERR,,html,No,2,100.00
https://neomwellbeing.com/products/happiness-standard-scented-candle,https://neomwellbeing.com/products/black-stainless-steel-wick-trimmer,The perfect partner for your NEOM candle... our exclusive Wick Trimmer keeps your candle burning cleanly and evenly. Shop now.,Internal Page,Follow,ERR,,html,No,2,100.00
https://neomwellbeing.com/products/happiness-standard-scented-candle,https://neomwellbeing.com/products/happiness-travel-scented-candle,Happiness Scented Candle (Travel),Internal Page,Follow,ERR,,html,No,2,100.00
https://neomwellbeing.com/products/happiness-standard-scented-candle,https://neomwellbeing.com/products/happiness-luxury-scented-candle,Happiness Scented Candle (3 Wick),Internal Page,Follow,ERR,,html,No,2,100.00
https://neomwellbeing.com/products/happiness-standard-scented-candle,https://neomwellbeing.com/products/feel-refreshed-standard-scented-candle,,Internal Page,Follow,ERR,,html,No,2,80.00
https://neomwellbeing.com/products/happiness-standard-scented-candle,https://neomwellbeing.com/products/feel-refreshed-luxury-scented-candle,,Internal Page,Follow,ERR,,html,No,2,80.00
https://neomwellbeing.com/products/happiness-standard-scented-candle,https://neomwellbeing.com/products/great-day-hand-wash,,Internal Page,Follow,ERR,,html,No,2,80.00
https://neomwellbeing.com/products/happiness-standard-scented-candle,https://neomwellbeing.com/products/happiness-essential-oil-blend-10ml,,Internal Page,Follow,ERR,,html,No,2,80.00
https://neomwellbeing.com/products/happiness-standard-scented-candle,https://neomwellbeing.com/products/great-day-wonder-balm,,Internal Page,Follow,ERR,,html,No,2,80.00
https://neomwellbeing.com/products/happiness-standard-scented-candle,https://neomwellbeing.com/products/happiness-reed-diffuser,,Internal Page,Follow,ERR,,html,No,2,80.00
https://neomwellbeing.com/products/happiness-standard-scented-candle,https://neomwellbeing.com/products/uplifting-hand-balm-30ml,,Internal Page,Follow,ERR,,html,No,2,80.00
https://neomwellbeing.com/products/happiness-standard-scented-candle,https://neomwellbeing.com/products/great-day-hand-lotion,,Internal Page,Follow,ERR,,html,No,2,80.00
https://neomwellbeing.com/products/happiness-standard-scented-candle,https://neomwellbeing.com/pages/postage,,Internal Page,Follow,ERR,,html,No,2,80.00
https://neomwellbeing.com/products/happiness-standard-scented-candle,https://neomwellbeing.com/pages/contact-us,,Internal Page,Follow,ERR,,html,No,2,80.00
https://neomwellbeing.com/products/happiness-standard-scented-candle,https://neomwellbeing.com/pages/proud-to-be-b-corp,Proud to be B Corp,Internal Page,Follow,ERR,,html,No,2,100.00
https://neomwellbeing.com/products/happiness-standard-scented-candle,https://neomwellbeing.com/pages/directors-shareholders,Our Directors,Internal Page,Follow,ERR,,html,No,2,100.00
https://neomwellbeing.com/products/happiness-standard-scented-candle,https://neomwellbeing.com/pages/seo-reviews,Reviews,Internal Page,Follow,ERR,,html,No,2,100.00
https://neomwellbeing.com/products/happiness-standard-scented-candle,https://neomwellbeing.com/pages/refer-a-friend,Refer a Friend,Internal Page,Follow,ERR,,html,No,2,100.00
https://neomwellbeing.com/products/happiness-standard-scented-candle,https://neomwellbeing.com/pages/subscriptions,Subscriptions,Internal Page,Follow,ERR,,html,No,2,100.00
https://neomwellbeing.com/products/happiness-standard-scented-candle,https://neomwellbeing.com/pages/become-a-neom-partner,Become a NEOM Partner,Internal Page,Follow,ERR,,html,No,2,100.00
https://neomwellbeing.com/products/happiness-standard-scented-candle,https://neomwellbeing.com/pages/neom-ambassadors,NEOM Ambassadors,Internal Page,Follow,ERR,,html,No,2,100.00
https://neomwellbeing.com/products/happiness-standard-scented-candle,https://neomwellbeing.com/pages/black-friday,Black Friday,Internal Page,Follow,ERR,,html,No,2,100.00
https://neomwellbeing.com/products/happiness-standard-scented-candle,https://neomwellbeing.com/pages/blue-light-card-discounts,NHS & Key Worker Discounts,Internal Page,Follow,ERR,,html,No,2,100.00
https://neomwellbeing.com/products/happiness-standard-scented-candle,https://neomwellbeing.com/pages/terms-conditions,Terms & Conditions,Internal Page,Follow,ERR,,html,No,2,100.00
https://neomwellbeing.com/products/happiness-standard-scented-candle,https://neomwellbeing.com/pages/modern-slavery-statement,Modern Slavery Statement,Internal Page,Follow,ERR,,html,No,2,100.00
https://neomwellbeing.com/products/happiness-standard-scented-candle,https://neomwellbeing.com/pages/privacy-policy,Privacy Policy,Internal Page,Follow,ERR,,html,No,2,100.00
https://neomwellbeing.com/products/happiness-standard-scented-candle,https://neomwellbeing.com/pages/cookie-policy,Cookie Policy,Internal Page,Follow,ERR,,html,No,2,100.00
https://neomwellbeing.com/products/happiness-standard-scented-candle,https://neomwellbeing.com/pages/sitemap,Sitemap,Internal Page,Follow,ERR,,html,No,2,100.00
https://neomwellbeing.com/products/happiness-standard-scented-candle,https://neomwellbeing.com/blogs/sleep,The Better Sleep Hub,Internal Page,Follow,ERR,,html,No,2,100.00
https://neomwellbeing.com/products/happiness-standard-scented-candle,https://neomwellbeing.com/blogs/stress,The Less Stress Hub,Internal Page,Follow,ERR,,html,No,2,100.00
https://neomwellbeing.com/products/happiness-standard-scented-candle,https://neomwellbeing.com/blogs/mood,The Mood-Boosting Hub,Internal Page,Follow,ERR,,html,No,2,100.00
https://neomwellbeing.com/products/happiness-standard-scented-candle,https://neomwellbeing.com/blogs/energy,The More Energy Hub,Internal Page,Follow,ERR,,html,No,2,100.00
https://neomwellbeing.com/products/happiness-standard-scented-candle,https://neomwellbeing.com/blogs/news,Trending & News,Internal Page,Follow,ERR,,html,No,2,100.00
https://neomwellbeing.com/products/happiness-standard-scented-candle,https://neomwellbeing.com/blogs/product-advice,Product Advice & Gift Guides,Internal Page,Follow,ERR,,html,No,2,100.00
https://neomwellbeing.com/products/happiness-travel-scented-candle,https://neomwellbeing.com/products/happiness-travel-scented-candle,Skip to content,Internal Page,Follow,ERR,,html,No,2,100.00
https://neomwellbeing.com/products/happiness-travel-scented-candle,https://neomwellbeing.com/cart,CONTINUE TO CHECKOUT,Internal Page,Follow,ERR,,html,No,1,100.00
https://neomwellbeing.com/products/happiness-travel-scented-candle,https://neomwellbeing.com/collections/body-wash,NEW BODY WASHES. SHOP NOW.,Internal Page,Follow,ERR,,html,No,2,100.00
https://neomwellbeing.com/products/happiness-travel-scented-candle,https://neomwellbeing.com/collections/gift-with-purchase,FREE GIFTS WITH ORDERS £65+,Internal Page,Follow,ERR,,html,No,2,100.00
https://neomwellbeing.com/products/happiness-travel-scented-candle,https://neomwellbeing.com/collections/bestsellers,FREE  STANDARD UK DELIVERY ON ORDERS £60+,Internal Page,Follow,ERR,,html,No,2,100.00
https://neomwellbeing.com/products/happiness-travel-scented-candle,https://neomwellbeing.com/collections/essential-oil-blends,"Essential Oil Blends
                                                                Luxury essential oils
                                                            
                                                            SHOP OILS 


                                                        
                                                    
                                                            
                                                            Essential Oil Blends",Internal Page,Follow,ERR,,html,No,2,100.00
https://neomwellbeing.com/products/happiness-travel-scented-candle,https://neomwellbeing.com/collections/the-wellbeing-pod-mini,"Wellbeing Pod Mini+
                                                                To scent small spaces
                                                            
                                                            SHOP POD MINI+ 


                                                        
                                                    
                                                            
                                                            Wellbeing Pod Mini+",Internal Page,Follow,ERR,,html,No,2,100.00
https://neomwellbeing.com/products/happiness-travel-scented-candle,https://neomwellbeing.com/collections/the-wellbeing-pod,"Wellbeing Pod
                                                                To scent medium spaces
                                                            
                                                            SHOP POD 


                                                        
                                                    
                                                            
                                                            Wellbeing Pod",Internal Page,Follow,ERR,,html,No,2,100.00
https://neomwellbeing.com/products/happiness-travel-scented-candle,https://neomwellbeing.com/collections/wellbeing-pod-luxe,"Wellbeing Pod Luxe
                                                                To scent large spaces
                                                            
                                                            SHOP POD LUXE 


                                                        
                                                    
                                                            
                                                            Wellbeing Pod Luxe",Internal Page,Follow,ERR,,html,No,2,100.00
https://neomwellbeing.com/products/happiness-travel-scented-candle,https://neomwellbeing.com/collections/home-fragrance,Shop All Home Fragrance,Internal Page,Follow,ERR,,html,No,2,100.00
https://neomwellbeing.com/products/happiness-travel-scented-candle,https://neomwellbeing.com/collections/reed-diffusers,Reed Diffusers,Internal Page,Follow,ERR,,html,No,2,100.00
https://neomwellbeing.com/products/happiness-travel-scented-candle,https://neomwellbeing.com/collections/candles,Candles,Internal Page,Follow,ERR,,html,No,2,100.00
https://neomwellbeing.com/products/happiness-travel-scented-candle,https://neomwellbeing.com/collections/electric-diffusers,Wellbeing Pods,Internal Page,Follow,ERR,,html,No,2,100.00
https://neomwellbeing.com/products/happiness-travel-scented-candle,https://neomwellbeing.com/collections/mists,Room Spray,Internal Page,Follow,ERR,,html,No,2,100.00
https://neomwellbeing.com/products/happiness-travel-scented-candle,https://neomwellbeing.com/collections/sleep-mist,Sleep Mist,Internal Page,Follow,ERR,,html,No,2,100.00
https://neomwellbeing.com/products/happiness-travel-scented-candle,https://neomwellbeing.com/collections/bath-body,Shop All Bath & Body,Internal Page,Follow,ERR,,html,No,2,100.00
https://neomwellbeing.com/products/happiness-travel-scented-candle,https://neomwellbeing.com/collections/bath-oils-foams,Bath Foams & Milks,Internal Page,Follow,ERR,,html,No,2,100.00
https://neomwellbeing.com/products/happiness-travel-scented-candle,https://neomwellbeing.com/collections/body-oils-scrubs,"Body Oils, Milks, Scrubs & Polish",Internal Page,Follow,ERR,,html,No,2,100.00
https://neomwellbeing.com/products/happiness-travel-scented-candle,https://neomwellbeing.com/collections/travel,Travel Size,Internal Page,Follow,ERR,,html,No,2,100.00
https://neomwellbeing.com/products/happiness-travel-scented-candle,https://neomwellbeing.com/collections/body-washes-lotions,"Hand Balms, Washes & Lotions",Internal Page,Follow,ERR,,html,No,2,100.00
https://neomwellbeing.com/products/happiness-travel-scented-candle,https://neomwellbeing.com/collections/body-butter,Magnesium Body Butters,Internal Page,Follow,ERR,,html,No,2,100.00
https://neomwellbeing.com/products/happiness-travel-scented-candle,https://neomwellbeing.com/collections/essential-oil-roll-on-pulse-points,Essential Oil Roll-On Pens,Internal Page,Follow,ERR,,html,No,2,100.00
https://neomwellbeing.com/products/happiness-travel-scented-candle,https://neomwellbeing.com/collections/massage-candles,Massage Candles,Internal Page,Follow,ERR,,html,No,2,100.00
https://neomwellbeing.com/products/happiness-travel-scented-candle,https://neomwellbeing.com/collections/magnesium,Magnesium,Internal Page,Follow,ERR,,html,No,2,100.00
https://neomwellbeing.com/products/happiness-travel-scented-candle,https://neomwellbeing.com/collections/super-shower-power-shampoo-conditioner,Shop All Haircare,Internal Page,Follow,ERR,,html,No,2,100.00
https://neomwellbeing.com/products/happiness-travel-scented-candle,https://neomwellbeing.com/collections/hair-skincare,Shop All Skincare,Internal Page,Follow,ERR,,html,No,2,100.00
https://neomwellbeing.com/products/happiness-travel-scented-candle,https://neomwellbeing.com/collections/wonder-balm,Wonder Balms,Internal Page,Follow,ERR,,html,No,2,100.00
https://neomwellbeing.com/products/happiness-travel-scented-candle,https://neomwellbeing.com/collections/cleansing-balm,Cleansers,Internal Page,Follow,ERR,,html,No,2,100.00
https://neomwellbeing.com/products/happiness-travel-scented-candle,https://neomwellbeing.com/collections/energising-face-mist,Face Mist,Internal Page,Follow,ERR,,html,No,2,100.00
https://neomwellbeing.com/products/happiness-travel-scented-candle,https://neomwellbeing.com/collections/scent-to-sleep,"Better Sleep
                                                                Stop, breathe, sleep
                                                            
                                                            SHOP NOW 


                                                        
                                                    
                                                            
                                                            Better Sleep",Internal Page,Follow,ERR,,html,No,2,100.00
https://neomwellbeing.com/products/happiness-travel-scented-candle,https://neomwellbeing.com/collections/scent-to-de-stress,"Less Stress
                                                                Feel the tension lift
                                                            
                                                            SHOP NOW 


                                                        
                                                    
                                                            
                                                            Less Stress",Internal Page,Follow,ERR,,html,No,2,100.00
https://neomwellbeing.com/products/happiness-travel-scented-candle,https://neomwellbeing.com/collections/scent-to-make-you-happy,"Mood Boost
                                                                Kickstart happy vibes
                                                            
                                                            SHOP NOW 


                                                        
                                                    
                                                            
                                                            Mood Boost",Internal Page,Follow,ERR,,html,No,2,100.00
https://neomwellbeing.com/products/happiness-travel-scented-candle,https://neomwellbeing.com/collections/scent-to-boost-your-energy,"Energy Boost
                                                                Supercharge you
                                                            
                                                            SHOP NOW 


                                                        
                                                    
                                                            
                                                            Energy Boost",Internal Page,Follow,ERR,,html,No,2,100.00
https://neomwellbeing.com/products/happiness-travel-scented-candle,https://neomwellbeing.com/pages/wellbeing-gifts,Gifts By Occasion,Internal Page,Follow,ERR,,html,No,2,100.00
https://neomwellbeing.com/products/happiness-travel-scented-candle,https://neomwellbeing.com/collections/birthday-gifts,Birthday Gifts,Internal Page,Follow,ERR,,html,No,2,100.00
https://neomwellbeing.com/products/happiness-travel-scented-candle,https://neomwellbeing.com/collections/parent-to-be-gifts,Parent to Be Gifts,Internal Page,Follow,ERR,,html,No,2,100.00
https://neomwellbeing.com/products/happiness-travel-scented-candle,https://neomwellbeing.com/collections/thank-you-gifts,Thank You Gifts,Internal Page,Follow,ERR,,html,No,2,100.00
https://neomwellbeing.com/products/happiness-travel-scented-candle,https://neomwellbeing.com/collections/just-because,Just Because Gifts,Internal Page,Follow,ERR,,html,No,2,100.00
https://neomwellbeing.com/products/happiness-travel-scented-candle,https://neomwellbeing.com/collections/gifts-for-her,Gifts For Her,Internal Page,Follow,ERR,,html,No,2,100.00
https://neomwellbeing.com/products/happiness-travel-scented-candle,https://neomwellbeing.com/collections/gifts-little-luxuries,Gifts Under £25,Internal Page,Follow,ERR,,html,No,2,100.00
https://neomwellbeing.com/products/happiness-travel-scented-candle,https://neomwellbeing.com/collections/special-moments,Gifts Under £50,Internal Page,Follow,ERR,,html,No,2,100.00
https://neomwellbeing.com/products/happiness-travel-scented-candle,https://neomwellbeing.com/collections/ultimate-gifts,Gifts Under £100,Internal Page,Follow,ERR,,html,No,2,100.00
https://neomwellbeing.com/products/happiness-travel-scented-candle,https://neomwellbeing.com/collections/luxury-gifts,Luxury Gifts,Internal Page,Follow,ERR,,html,No,2,100.00
https://neomwellbeing.com/products/happiness-travel-scented-candle,https://neomwellbeing.com/collections/gift-boxes-and-gift-bags,Gift Services,Internal Page,Follow,ERR,,html,No,2,100.00
https://neomwellbeing.com/products/happiness-travel-scented-candle,https://neomwellbeing.com/pages/build-a-wellbeing-gift,Build A Gift & Save 20%,Internal Page,Follow,ERR,,html,No,2,100.00
https://neomwellbeing.com/products/happiness-travel-scented-candle,https://neomwellbeing.com/products/neom-gift-cards,Digital Gift Cards,Internal Page,Follow,ERR,,html,No,2,100.00
https://neomwellbeing.com/products/happiness-travel-scented-candle,https://neomwellbeing.com/pages/corporate-gifting,Corporate Gifting,Internal Page,Follow,ERR,,html,No,2,100.00
https://neomwellbeing.com/products/happiness-travel-scented-candle,https://neomwellbeing.com/collections/wellbeing-outlet,"Wellbeing Outlet
                                                                Save on natural favourites
                                                            
                                                            SHOP NOW 


                                                        
                                                    
                                                            
                                                            Wellbeing Outlet",Internal Page,Follow,ERR,,html,No,2,100.00
https://neomwellbeing.com/products/happiness-travel-scented-candle,https://neomwellbeing.com/collections/supercharged-collections-with-a-saving,"Bundle & Save
                                                                Find the perfect routine
                                                            
                                                            SHOP NOW 


                                                        
                                                    
                                                            
                                                            Bundle & Save",Internal Page,Follow,ERR,,html,No,2,100.00
https://neomwellbeing.com/products/happiness-travel-scented-candle,https://neomwellbeing.com/pages/neom-points,Loyalty,Internal Page,Follow,ERR,,html,No,2,100.00
https://neomwellbeing.com/products/happiness-travel-scented-candle,https://neomwellbeing.com/pages/our-locations,Our Locations,Internal Page,Follow,ERR,,html,No,2,100.00
https://neomwellbeing.com/products/happiness-travel-scented-candle,https://neomwellbeing.com/pages/careers,Careers,Internal Page,Follow,ERR,,html,No,2,100.00
https://neomwellbeing.com/products/happiness-travel-scented-candle,https://neomwellbeing.com/blogs/wellbeing,Wellbeing Tips,Internal Page,Follow,ERR,,html,No,2,100.00
https://neomwellbeing.com/products/happiness-travel-scented-candle,https://neomwellbeing.com/pages/charity-partnerships,Charity Partnership,Internal Page,Follow,ERR,,html,No,2,100.00
https://neomwellbeing.com/products/happiness-travel-scented-candle,https://neomwellbeing.com/pages/awards,Awards,Internal Page,Follow,ERR,,html,No,2,100.00
https://neomwellbeing.com/products/happiness-travel-scented-candle,https://neomwellbeing.com/pages/sustainability,"Our Commitment
                                                            LEARN MORE 


                                                        
                                                    
                                                            
                                                            Our Commitment",Internal Page,Follow,ERR,,html,No,2,100.00
https://neomwellbeing.com/products/happiness-travel-scented-candle,https://neomwellbeing.com/pages/wishlist,,Internal Page,Follow,ERR,,html,No,2,80.00
https://neomwellbeing.com/products/happiness-travel-scented-candle,https://neomwellbeing.com/,,Internal Page,Follow,ERR,,html,No,0,80.00
https://neomwellbeing.com/products/happiness-travel-scented-candle,https://neomwellbeing.com/account/login,Sign in,Internal Page,Follow,ERR,,html,No,2,100.00
https://neomwellbeing.com/products/happiness-travel-scented-candle,https://neomwellbeing.com/pages/shop-by-wellbeing-range,Wellbeing Concern,Internal Page,Follow,ERR,,html,No,2,100.00
https://neomwellbeing.com/products/happiness-travel-scented-candle,https://neomwellbeing.com/collections/gift-sets,Gifts,Internal Page,Follow,ERR,,html,No,2,100.00
https://neomwellbeing.com/products/happiness-travel-scented-candle,https://neomwellbeing.com/pages/about-us,About Us,Internal Page,Follow,ERR,,html,No,2,100.00
https://neomwellbeing.com/products/happiness-travel-scented-candle,https://neomwellbeing.com/products/black-stainless-steel-wick-trimmer,The perfect partner for your NEOM candle... our exclusive Wick Trimmer keeps your candle burning cleanly and evenly. Shop now.,Internal Page,Follow,ERR,,html,No,2,100.00
https://neomwellbeing.com/products/happiness-travel-scented-candle,https://neomwellbeing.com/products/happiness-standard-scented-candle,Happiness Scented Candle (1 Wick),Internal Page,Follow,ERR,,html,No,2,100.00
https://neomwellbeing.com/products/happiness-travel-scented-candle,https://neomwellbeing.com/products/happiness-luxury-scented-candle,Happiness Scented Candle (3 Wick),Internal Page,Follow,ERR,,html,No,2,100.00
https://neomwellbeing.com/products/happiness-travel-scented-candle,https://neomwellbeing.com/products/feel-refreshed-luxury-scented-candle,,Internal Page,Follow,ERR,,html,No,2,80.00
https://neomwellbeing.com/products/happiness-travel-scented-candle,https://neomwellbeing.com/products/happiness-essential-oil-blend-10ml,,Internal Page,Follow,ERR,,html,No,2,80.00
https://neomwellbeing.com/products/happiness-travel-scented-candle,https://neomwellbeing.com/products/feel-refreshed-standard-scented-candle,,Internal Page,Follow,ERR,,html,No,2,80.00
https://neomwellbeing.com/products/happiness-travel-scented-candle,https://neomwellbeing.com/products/feeling-grounded-body-wash-500ml,,Internal Page,Follow,ERR,,html,No,2,80.00
https://neomwellbeing.com/products/happiness-travel-scented-candle,https://neomwellbeing.com/products/great-day-magnesium-body-butter-100ml,,Internal Page,Follow,ERR,,html,No,2,80.00
https://neomwellbeing.com/products/happiness-travel-scented-candle,https://neomwellbeing.com/products/focus-the-mind-essential-oil-blend-10ml,,Internal Page,Follow,ERR,,html,No,2,80.00
https://neomwellbeing.com/products/happiness-travel-scented-candle,https://neomwellbeing.com/products/squeeze-the-day-body-wash-500ml,,Internal Page,Follow,ERR,,html,No,2,80.00
https://neomwellbeing.com/products/happiness-travel-scented-candle,https://neomwellbeing.com/products/great-day-exfoliating-body-wash-500ml,,Internal Page,Follow,ERR,,html,No,2,80.00
https://neomwellbeing.com/products/happiness-travel-scented-candle,https://neomwellbeing.com/pages/postage,,Internal Page,Follow,ERR,,html,No,2,80.00
https://neomwellbeing.com/products/happiness-travel-scented-candle,https://neomwellbeing.com/pages/contact-us,,Internal Page,Follow,ERR,,html,No,2,80.00
https://neomwellbeing.com/products/happiness-travel-scented-candle,https://neomwellbeing.com/pages/proud-to-be-b-corp,Proud to be B Corp,Internal Page,Follow,ERR,,html,No,2,100.00
https://neomwellbeing.com/products/happiness-travel-scented-candle,https://neomwellbeing.com/pages/directors-shareholders,Our Directors,Internal Page,Follow,ERR,,html,No,2,100.00
https://neomwellbeing.com/products/happiness-travel-scented-candle,https://neomwellbeing.com/pages/seo-reviews,Reviews,Internal Page,Follow,ERR,,html,No,2,100.00
https://neomwellbeing.com/products/happiness-travel-scented-candle,https://neomwellbeing.com/pages/refer-a-friend,Refer a Friend,Internal Page,Follow,ERR,,html,No,2,100.00
https://neomwellbeing.com/products/happiness-travel-scented-candle,https://neomwellbeing.com/pages/subscriptions,Subscriptions,Internal Page,Follow,ERR,,html,No,2,100.00
https://neomwellbeing.com/products/happiness-travel-scented-candle,https://neomwellbeing.com/pages/become-a-neom-partner,Become a NEOM Partner,Internal Page,Follow,ERR,,html,No,2,100.00
https://neomwellbeing.com/products/happiness-travel-scented-candle,https://neomwellbeing.com/pages/neom-ambassadors,NEOM Ambassadors,Internal Page,Follow,ERR,,html,No,2,100.00
https://neomwellbeing.com/products/happiness-travel-scented-candle,https://neomwellbeing.com/pages/black-friday,Black Friday,Internal Page,Follow,ERR,,html,No,2,100.00
https://neomwellbeing.com/products/happiness-travel-scented-candle,https://neomwellbeing.com/pages/blue-light-card-discounts,NHS & Key Worker Discounts,Internal Page,Follow,ERR,,html,No,2,100.00
https://neomwellbeing.com/products/happiness-travel-scented-candle,https://neomwellbeing.com/pages/terms-conditions,Terms & Conditions,Internal Page,Follow,ERR,,html,No,2,100.00
https://neomwellbeing.com/products/happiness-travel-scented-candle,https://neomwellbeing.com/pages/modern-slavery-statement,Modern Slavery Statement,Internal Page,Follow,ERR,,html,No,2,100.00
https://neomwellbeing.com/products/happiness-travel-scented-candle,https://neomwellbeing.com/pages/privacy-policy,Privacy Policy,Internal Page,Follow,ERR,,html,No,2,100.00
https://neomwellbeing.com/products/happiness-travel-scented-candle,https://neomwellbeing.com/pages/cookie-policy,Cookie Policy,Internal Page,Follow,ERR,,html,No,2,100.00
https://neomwellbeing.com/products/happiness-travel-scented-candle,https://neomwellbeing.com/pages/sitemap,Sitemap,Internal Page,Follow,ERR,,html,No,2,100.00
https://neomwellbeing.com/products/happiness-travel-scented-candle,https://neomwellbeing.com/blogs/sleep,The Better Sleep Hub,Internal Page,Follow,ERR,,html,No,2,100.00
https://neomwellbeing.com/products/happiness-travel-scented-candle,https://neomwellbeing.com/blogs/stress,The Less Stress Hub,Internal Page,Follow,ERR,,html,No,2,100.00
https://neomwellbeing.com/products/happiness-travel-scented-candle,https://neomwellbeing.com/blogs/mood,The Mood-Boosting Hub,Internal Page,Follow,ERR,,html,No,2,100.00
https://neomwellbeing.com/products/happiness-travel-scented-candle,https://neomwellbeing.com/blogs/energy,The More Energy Hub,Internal Page,Follow,ERR,,html,No,2,100.00
https://neomwellbeing.com/products/happiness-travel-scented-candle,https://neomwellbeing.com/blogs/news,Trending & News,Internal Page,Follow,ERR,,html,No,2,100.00
https://neomwellbeing.com/products/happiness-travel-scented-candle,https://neomwellbeing.com/blogs/product-advice,Product Advice & Gift Guides,Internal Page,Follow,ERR,,html,No,2,100.00
https://neomwellbeing.com/products/perfect-nights-sleep-travel-scented-candle,https://neomwellbeing.com/products/perfect-nights-sleep-travel-scented-candle,Skip to content,Internal Page,Follow,ERR,,html,No,2,100.00
https://neomwellbeing.com/products/perfect-nights-sleep-travel-scented-candle,https://neomwellbeing.com/cart,CONTINUE TO CHECKOUT,Internal Page,Follow,ERR,,html,No,1,100.00
https://neomwellbeing.com/products/perfect-nights-sleep-travel-scented-candle,https://neomwellbeing.com/collections/body-wash,NEW BODY WASHES. SHOP NOW.,Internal Page,Follow,ERR,,html,No,2,100.00
https://neomwellbeing.com/products/perfect-nights-sleep-travel-scented-candle,https://neomwellbeing.com/collections/gift-with-purchase,FREE GIFTS WITH ORDERS £65+,Internal Page,Follow,ERR,,html,No,2,100.00
https://neomwellbeing.com/products/perfect-nights-sleep-travel-scented-candle,https://neomwellbeing.com/collections/bestsellers,FREE  STANDARD UK DELIVERY ON ORDERS £60+,Internal Page,Follow,ERR,,html,No,2,100.00
https://neomwellbeing.com/products/perfect-nights-sleep-travel-scented-candle,https://neomwellbeing.com/collections/essential-oil-blends,"Essential Oil Blends
                                                                Luxury essential oils
                                                            
                                                            SHOP OILS 


                                                        
                                                    
                                                            
                                                            Essential Oil Blends",Internal Page,Follow,ERR,,html,No,2,100.00
https://neomwellbeing.com/products/perfect-nights-sleep-travel-scented-candle,https://neomwellbeing.com/collections/the-wellbeing-pod-mini,"Wellbeing Pod Mini+
                                                                To scent small spaces
                                                            
                                                            SHOP POD MINI+ 


                                                        
                                                    
                                                            
                                                            Wellbeing Pod Mini+",Internal Page,Follow,ERR,,html,No,2,100.00
https://neomwellbeing.com/products/perfect-nights-sleep-travel-scented-candle,https://neomwellbeing.com/collections/the-wellbeing-pod,"Wellbeing Pod
                                                                To scent medium spaces
                                                            
                                                            SHOP POD 


                                                        
                                                    
                                                            
                                                            Wellbeing Pod",Internal Page,Follow,ERR,,html,No,2,100.00
https://neomwellbeing.com/products/perfect-nights-sleep-travel-scented-candle,https://neomwellbeing.com/collections/wellbeing-pod-luxe,"Wellbeing Pod Luxe
                                                                To scent large spaces
                                                            
                                                            SHOP POD LUXE 


                                                        
                                                    
                                                            
                                                            Wellbeing Pod Luxe",Internal Page,Follow,ERR,,html,No,2,100.00
https://neomwellbeing.com/products/perfect-nights-sleep-travel-scented-candle,https://neomwellbeing.com/collections/home-fragrance,Shop All Home Fragrance,Internal Page,Follow,ERR,,html,No,2,100.00
https://neomwellbeing.com/products/perfect-nights-sleep-travel-scented-candle,https://neomwellbeing.com/collections/reed-diffusers,Reed Diffusers,Internal Page,Follow,ERR,,html,No,2,100.00
https://neomwellbeing.com/products/perfect-nights-sleep-travel-scented-candle,https://neomwellbeing.com/collections/candles,Candles,Internal Page,Follow,ERR,,html,No,2,100.00
https://neomwellbeing.com/products/perfect-nights-sleep-travel-scented-candle,https://neomwellbeing.com/collections/electric-diffusers,Wellbeing Pods,Internal Page,Follow,ERR,,html,No,2,100.00
https://neomwellbeing.com/products/perfect-nights-sleep-travel-scented-candle,https://neomwellbeing.com/collections/mists,Room Spray,Internal Page,Follow,ERR,,html,No,2,100.00
https://neomwellbeing.com/products/perfect-nights-sleep-travel-scented-candle,https://neomwellbeing.com/collections/sleep-mist,Sleep Mist,Internal Page,Follow,ERR,,html,No,2,100.00
https://neomwellbeing.com/products/perfect-nights-sleep-travel-scented-candle,https://neomwellbeing.com/collections/bath-body,Shop All Bath & Body,Internal Page,Follow,ERR,,html,No,2,100.00
https://neomwellbeing.com/products/perfect-nights-sleep-travel-scented-candle,https://neomwellbeing.com/collections/bath-oils-foams,Bath Foams & Milks,Internal Page,Follow,ERR,,html,No,2,100.00
https://neomwellbeing.com/products/perfect-nights-sleep-travel-scented-candle,https://neomwellbeing.com/collections/body-oils-scrubs,"Body Oils, Milks, Scrubs & Polish",Internal Page,Follow,ERR,,html,No,2,100.00
https://neomwellbeing.com/products/perfect-nights-sleep-travel-scented-candle,https://neomwellbeing.com/collections/travel,Travel Size,Internal Page,Follow,ERR,,html,No,2,100.00
https://neomwellbeing.com/products/perfect-nights-sleep-travel-scented-candle,https://neomwellbeing.com/collections/body-washes-lotions,"Hand Balms, Washes & Lotions",Internal Page,Follow,ERR,,html,No,2,100.00
https://neomwellbeing.com/products/perfect-nights-sleep-travel-scented-candle,https://neomwellbeing.com/collections/body-butter,Magnesium Body Butters,Internal Page,Follow,ERR,,html,No,2,100.00
https://neomwellbeing.com/products/perfect-nights-sleep-travel-scented-candle,https://neomwellbeing.com/collections/essential-oil-roll-on-pulse-points,Essential Oil Roll-On Pens,Internal Page,Follow,ERR,,html,No,2,100.00
https://neomwellbeing.com/products/perfect-nights-sleep-travel-scented-candle,https://neomwellbeing.com/collections/massage-candles,Massage Candles,Internal Page,Follow,ERR,,html,No,2,100.00
https://neomwellbeing.com/products/perfect-nights-sleep-travel-scented-candle,https://neomwellbeing.com/collections/magnesium,Magnesium,Internal Page,Follow,ERR,,html,No,2,100.00
https://neomwellbeing.com/products/perfect-nights-sleep-travel-scented-candle,https://neomwellbeing.com/collections/super-shower-power-shampoo-conditioner,Shop All Haircare,Internal Page,Follow,ERR,,html,No,2,100.00
https://neomwellbeing.com/products/perfect-nights-sleep-travel-scented-candle,https://neomwellbeing.com/collections/hair-skincare,Shop All Skincare,Internal Page,Follow,ERR,,html,No,2,100.00
https://neomwellbeing.com/products/perfect-nights-sleep-travel-scented-candle,https://neomwellbeing.com/collections/wonder-balm,Wonder Balms,Internal Page,Follow,ERR,,html,No,2,100.00
https://neomwellbeing.com/products/perfect-nights-sleep-travel-scented-candle,https://neomwellbeing.com/collections/cleansing-balm,Cleansers,Internal Page,Follow,ERR,,html,No,2,100.00
https://neomwellbeing.com/products/perfect-nights-sleep-travel-scented-candle,https://neomwellbeing.com/collections/energising-face-mist,Face Mist,Internal Page,Follow,ERR,,html,No,2,100.00
https://neomwellbeing.com/products/perfect-nights-sleep-travel-scented-candle,https://neomwellbeing.com/collections/scent-to-sleep,"Better Sleep
                                                                Stop, breathe, sleep
                                                            
                                                            SHOP NOW 


                                                        
                                                    
                                                            
                                                            Better Sleep",Internal Page,Follow,ERR,,html,No,2,100.00
https://neomwellbeing.com/products/perfect-nights-sleep-travel-scented-candle,https://neomwellbeing.com/collections/scent-to-de-stress,"Less Stress
                                                                Feel the tension lift
                                                            
                                                            SHOP NOW 


                                                        
                                                    
                                                            
                                                            Less Stress",Internal Page,Follow,ERR,,html,No,2,100.00
https://neomwellbeing.com/products/perfect-nights-sleep-travel-scented-candle,https://neomwellbeing.com/collections/scent-to-make-you-happy,"Mood Boost
                                                                Kickstart happy vibes
                                                            
                                                            SHOP NOW 


                                                        
                                                    
                                                            
                                                            Mood Boost",Internal Page,Follow,ERR,,html,No,2,100.00
https://neomwellbeing.com/products/perfect-nights-sleep-travel-scented-candle,https://neomwellbeing.com/collections/scent-to-boost-your-energy,"Energy Boost
                                                                Supercharge you
                                                            
                                                            SHOP NOW 


                                                        
                                                    
                                                            
                                                            Energy Boost",Internal Page,Follow,ERR,,html,No,2,100.00
https://neomwellbeing.com/products/perfect-nights-sleep-travel-scented-candle,https://neomwellbeing.com/pages/wellbeing-gifts,Gifts By Occasion,Internal Page,Follow,ERR,,html,No,2,100.00
https://neomwellbeing.com/products/perfect-nights-sleep-travel-scented-candle,https://neomwellbeing.com/collections/birthday-gifts,Birthday Gifts,Internal Page,Follow,ERR,,html,No,2,100.00
https://neomwellbeing.com/products/perfect-nights-sleep-travel-scented-candle,https://neomwellbeing.com/collections/parent-to-be-gifts,Parent to Be Gifts,Internal Page,Follow,ERR,,html,No,2,100.00
https://neomwellbeing.com/products/perfect-nights-sleep-travel-scented-candle,https://neomwellbeing.com/collections/thank-you-gifts,Thank You Gifts,Internal Page,Follow,ERR,,html,No,2,100.00
https://neomwellbeing.com/products/perfect-nights-sleep-travel-scented-candle,https://neomwellbeing.com/collections/just-because,Just Because Gifts,Internal Page,Follow,ERR,,html,No,2,100.00
https://neomwellbeing.com/products/perfect-nights-sleep-travel-scented-candle,https://neomwellbeing.com/collections/gifts-for-her,Gifts For Her,Internal Page,Follow,ERR,,html,No,2,100.00
https://neomwellbeing.com/products/perfect-nights-sleep-travel-scented-candle,https://neomwellbeing.com/collections/gifts-little-luxuries,Gifts Under £25,Internal Page,Follow,ERR,,html,No,2,100.00
https://neomwellbeing.com/products/perfect-nights-sleep-travel-scented-candle,https://neomwellbeing.com/collections/special-moments,Gifts Under £50,Internal Page,Follow,ERR,,html,No,2,100.00
https://neomwellbeing.com/products/perfect-nights-sleep-travel-scented-candle,https://neomwellbeing.com/collections/ultimate-gifts,Gifts Under £100,Internal Page,Follow,ERR,,html,No,2,100.00
https://neomwellbeing.com/products/perfect-nights-sleep-travel-scented-candle,https://neomwellbeing.com/collections/luxury-gifts,Luxury Gifts,Internal Page,Follow,ERR,,html,No,2,100.00
https://neomwellbeing.com/products/perfect-nights-sleep-travel-scented-candle,https://neomwellbeing.com/collections/gift-boxes-and-gift-bags,Gift Services,Internal Page,Follow,ERR,,html,No,2,100.00
https://neomwellbeing.com/products/perfect-nights-sleep-travel-scented-candle,https://neomwellbeing.com/pages/build-a-wellbeing-gift,Build A Gift & Save 20%,Internal Page,Follow,ERR,,html,No,2,100.00
https://neomwellbeing.com/products/perfect-nights-sleep-travel-scented-candle,https://neomwellbeing.com/products/neom-gift-cards,Digital Gift Cards,Internal Page,Follow,ERR,,html,No,2,100.00
https://neomwellbeing.com/products/perfect-nights-sleep-travel-scented-candle,https://neomwellbeing.com/pages/corporate-gifting,Corporate Gifting,Internal Page,Follow,ERR,,html,No,2,100.00
https://neomwellbeing.com/products/perfect-nights-sleep-travel-scented-candle,https://neomwellbeing.com/collections/wellbeing-outlet,"Wellbeing Outlet
                                                                Save on natural favourites
                                                            
                                                            SHOP NOW 


                                                        
                                                    
                                                            
                                                            Wellbeing Outlet",Internal Page,Follow,ERR,,html,No,2,100.00
https://neomwellbeing.com/products/perfect-nights-sleep-travel-scented-candle,https://neomwellbeing.com/collections/supercharged-collections-with-a-saving,"Bundle & Save
                                                                Find the perfect routine
                                                            
                                                            SHOP NOW 


                                                        
                                                    
                                                            
                                                            Bundle & Save",Internal Page,Follow,ERR,,html,No,2,100.00
https://neomwellbeing.com/products/perfect-nights-sleep-travel-scented-candle,https://neomwellbeing.com/pages/neom-points,Loyalty,Internal Page,Follow,ERR,,html,No,2,100.00
https://neomwellbeing.com/products/perfect-nights-sleep-travel-scented-candle,https://neomwellbeing.com/pages/our-locations,Our Locations,Internal Page,Follow,ERR,,html,No,2,100.00
https://neomwellbeing.com/products/perfect-nights-sleep-travel-scented-candle,https://neomwellbeing.com/pages/careers,Careers,Internal Page,Follow,ERR,,html,No,2,100.00
https://neomwellbeing.com/products/perfect-nights-sleep-travel-scented-candle,https://neomwellbeing.com/blogs/wellbeing,Wellbeing Tips,Internal Page,Follow,ERR,,html,No,2,100.00
https://neomwellbeing.com/products/perfect-nights-sleep-travel-scented-candle,https://neomwellbeing.com/pages/charity-partnerships,Charity Partnership,Internal Page,Follow,ERR,,html,No,2,100.00
https://neomwellbeing.com/products/perfect-nights-sleep-travel-scented-candle,https://neomwellbeing.com/pages/awards,Awards,Internal Page,Follow,ERR,,html,No,2,100.00
https://neomwellbeing.com/products/perfect-nights-sleep-travel-scented-candle,https://neomwellbeing.com/pages/sustainability,"Our Commitment
                                                            LEARN MORE 


                                                        
                                                    
                                                            
                                                            Our Commitment",Internal Page,Follow,ERR,,html,No,2,100.00
https://neomwellbeing.com/products/perfect-nights-sleep-travel-scented-candle,https://neomwellbeing.com/pages/wishlist,,Internal Page,Follow,ERR,,html,No,2,80.00
https://neomwellbeing.com/products/perfect-nights-sleep-travel-scented-candle,https://neomwellbeing.com/,,Internal Page,Follow,ERR,,html,No,0,80.00
https://neomwellbeing.com/products/perfect-nights-sleep-travel-scented-candle,https://neomwellbeing.com/account/login,Sign in,Internal Page,Follow,ERR,,html,No,2,100.00
https://neomwellbeing.com/products/perfect-nights-sleep-travel-scented-candle,https://neomwellbeing.com/pages/shop-by-wellbeing-range,Wellbeing Concern,Internal Page,Follow,ERR,,html,No,2,100.00
https://neomwellbeing.com/products/perfect-nights-sleep-travel-scented-candle,https://neomwellbeing.com/collections/gift-sets,Gifts,Internal Page,Follow,ERR,,html,No,2,100.00
https://neomwellbeing.com/products/perfect-nights-sleep-travel-scented-candle,https://neomwellbeing.com/pages/about-us,About Us,Internal Page,Follow,ERR,,html,No,2,100.00
https://neomwellbeing.com/products/perfect-nights-sleep-travel-scented-candle,https://neomwellbeing.com/products/perfect-nights-sleep-mist,Perfect Night's Sleep Mist,Internal Page,Follow,ERR,,html,No,2,100.00
https://neomwellbeing.com/products/perfect-nights-sleep-travel-scented-candle,https://neomwellbeing.com/products/black-stainless-steel-wick-trimmer,The perfect partner for your NEOM candle... our exclusive Wick Trimmer keeps your candle burning cleanly and evenly. Shop now.,Internal Page,Follow,ERR,,html,No,2,100.00
https://neomwellbeing.com/products/perfect-nights-sleep-travel-scented-candle,https://neomwellbeing.com/products/perfect-nights-sleep-standard-scented-candle,Perfect Night's Sleep Scented Candle (1 Wick),Internal Page,Follow,ERR,,html,No,2,100.00
https://neomwellbeing.com/products/perfect-nights-sleep-travel-scented-candle,https://neomwellbeing.com/products/perfect-night-sleep-luxury-scented-candle,Perfect Night's Sleep Scented Candle (3 Wick),Internal Page,Follow,ERR,,html,No,2,100.00
https://neomwellbeing.com/products/perfect-nights-sleep-travel-scented-candle,https://neomwellbeing.com/products/complete-bliss-travel-scented-candle,,Internal Page,Follow,ERR,,html,No,2,80.00
https://neomwellbeing.com/products/perfect-nights-sleep-travel-scented-candle,https://neomwellbeing.com/products/sleep-pen,,Internal Page,Follow,ERR,,html,No,2,80.00
https://neomwellbeing.com/products/perfect-nights-sleep-travel-scented-candle,https://neomwellbeing.com/products/happiness-travel-scented-candle,,Internal Page,Follow,ERR,,html,No,2,80.00
https://neomwellbeing.com/products/perfect-nights-sleep-travel-scented-candle,https://neomwellbeing.com/products/perfect-night-sleep-essential-oil-blend-10ml,,Internal Page,Follow,ERR,,html,No,2,80.00
https://neomwellbeing.com/products/perfect-nights-sleep-travel-scented-candle,https://neomwellbeing.com/products/perfect-nights-sleep-wonder-balm,,Internal Page,Follow,ERR,,html,No,2,80.00
https://neomwellbeing.com/products/perfect-nights-sleep-travel-scented-candle,https://neomwellbeing.com/products/perfect-nights-sleep-mist-100ml,,Internal Page,Follow,ERR,,html,No,2,80.00
https://neomwellbeing.com/products/perfect-nights-sleep-travel-scented-candle,https://neomwellbeing.com/products/perfect-night-s-sleep-magnesium-bath-milk-50ml,,Internal Page,Follow,ERR,,html,No,2,80.00
https://neomwellbeing.com/products/perfect-nights-sleep-travel-scented-candle,https://neomwellbeing.com/pages/postage,,Internal Page,Follow,ERR,,html,No,2,80.00
https://neomwellbeing.com/products/perfect-nights-sleep-travel-scented-candle,https://neomwellbeing.com/pages/contact-us,,Internal Page,Follow,ERR,,html,No,2,80.00
https://neomwellbeing.com/products/perfect-nights-sleep-travel-scented-candle,https://neomwellbeing.com/pages/proud-to-be-b-corp,Proud to be B Corp,Internal Page,Follow,ERR,,html,No,2,100.00
https://neomwellbeing.com/products/perfect-nights-sleep-travel-scented-candle,https://neomwellbeing.com/pages/directors-shareholders,Our Directors,Internal Page,Follow,ERR,,html,No,2,100.00
https://neomwellbeing.com/products/perfect-nights-sleep-travel-scented-candle,https://neomwellbeing.com/pages/seo-reviews,Reviews,Internal Page,Follow,ERR,,html,No,2,100.00
https://neomwellbeing.com/products/perfect-nights-sleep-travel-scented-candle,https://neomwellbeing.com/pages/refer-a-friend,Refer a Friend,Internal Page,Follow,ERR,,html,No,2,100.00
https://neomwellbeing.com/products/perfect-nights-sleep-travel-scented-candle,https://neomwellbeing.com/pages/subscriptions,Subscriptions,Internal Page,Follow,ERR,,html,No,2,100.00
https://neomwellbeing.com/products/perfect-nights-sleep-travel-scented-candle,https://neomwellbeing.com/pages/become-a-neom-partner,Become a NEOM Partner,Internal Page,Follow,ERR,,html,No,2,100.00
https://neomwellbeing.com/products/perfect-nights-sleep-travel-scented-candle,https://neomwellbeing.com/pages/neom-ambassadors,NEOM Ambassadors,Internal Page,Follow,ERR,,html,No,2,100.00
https://neomwellbeing.com/products/perfect-nights-sleep-travel-scented-candle,https://neomwellbeing.com/pages/black-friday,Black Friday,Internal Page,Follow,ERR,,html,No,2,100.00
https://neomwellbeing.com/products/perfect-nights-sleep-travel-scented-candle,https://neomwellbeing.com/pages/blue-light-card-discounts,NHS & Key Worker Discounts,Internal Page,Follow,ERR,,html,No,2,100.00
https://neomwellbeing.com/products/perfect-nights-sleep-travel-scented-candle,https://neomwellbeing.com/pages/terms-conditions,Terms & Conditions,Internal Page,Follow,ERR,,html,No,2,100.00
https://neomwellbeing.com/products/perfect-nights-sleep-travel-scented-candle,https://neomwellbeing.com/pages/modern-slavery-statement,Modern Slavery Statement,Internal Page,Follow,ERR,,html,No,2,100.00
https://neomwellbeing.com/products/perfect-nights-sleep-travel-scented-candle,https://neomwellbeing.com/pages/privacy-policy,Privacy Policy,Internal Page,Follow,ERR,,html,No,2,100.00
https://neomwellbeing.com/products/perfect-nights-sleep-travel-scented-candle,https://neomwellbeing.com/pages/cookie-policy,Cookie Policy,Internal Page,Follow,ERR,,html,No,2,100.00
https://neomwellbeing.com/products/perfect-nights-sleep-travel-scented-candle,https://neomwellbeing.com/pages/sitemap,Sitemap,Internal Page,Follow,ERR,,html,No,2,100.00
https://neomwellbeing.com/products/perfect-nights-sleep-travel-scented-candle,https://neomwellbeing.com/blogs/sleep,The Better Sleep Hub,Internal Page,Follow,ERR,,html,No,2,100.00
https://neomwellbeing.com/products/perfect-nights-sleep-travel-scented-candle,https://neomwellbeing.com/blogs/stress,The Less Stress Hub,Internal Page,Follow,ERR,,html,No,2,100.00
https://neomwellbeing.com/products/perfect-nights-sleep-travel-scented-candle,https://neomwellbeing.com/blogs/mood,The Mood-Boosting Hub,Internal Page,Follow,ERR,,html,No,2,100.00
https://neomwellbeing.com/products/perfect-nights-sleep-travel-scented-candle,https://neomwellbeing.com/blogs/energy,The More Energy Hub,Internal Page,Follow,ERR,,html,No,2,100.00
https://neomwellbeing.com/products/perfect-nights-sleep-travel-scented-candle,https://neomwellbeing.com/blogs/news,Trending & News,Internal Page,Follow,ERR,,html,No,2,100.00
https://neomwellbeing.com/products/perfect-nights-sleep-travel-scented-candle,https://neomwellbeing.com/blogs/product-advice,Product Advice & Gift Guides,Internal Page,Follow,ERR,,html,No,2,100.00
https://neomwellbeing.com/products/complete-bliss-travel-scented-candle,https://neomwellbeing.com/products/complete-bliss-travel-scented-candle,Skip to content,Internal Page,Follow,ERR,,html,No,2,100.00
https://neomwellbeing.com/products/complete-bliss-travel-scented-candle,https://neomwellbeing.com/cart,CONTINUE TO CHECKOUT,Internal Page,Follow,ERR,,html,No,1,100.00
https://neomwellbeing.com/products/complete-bliss-travel-scented-candle,https://neomwellbeing.com/collections/body-wash,NEW BODY WASHES. SHOP NOW.,Internal Page,Follow,ERR,,html,No,2,100.00
https://neomwellbeing.com/products/complete-bliss-travel-scented-candle,https://neomwellbeing.com/collections/gift-with-purchase,FREE GIFTS WITH ORDERS £65+,Internal Page,Follow,ERR,,html,No,2,100.00
https://neomwellbeing.com/products/complete-bliss-travel-scented-candle,https://neomwellbeing.com/collections/bestsellers,FREE  STANDARD UK DELIVERY ON ORDERS £60+,Internal Page,Follow,ERR,,html,No,2,100.00
https://neomwellbeing.com/products/complete-bliss-travel-scented-candle,https://neomwellbeing.com/collections/essential-oil-blends,"Essential Oil Blends
                                                                Luxury essential oils
                                                            
                                                            SHOP OILS 


                                                        
                                                    
                                                            
                                                            Essential Oil Blends",Internal Page,Follow,ERR,,html,No,2,100.00
https://neomwellbeing.com/products/complete-bliss-travel-scented-candle,https://neomwellbeing.com/collections/the-wellbeing-pod-mini,"Wellbeing Pod Mini+
                                                                To scent small spaces
                                                            
                                                            SHOP POD MINI+ 


                                                        
                                                    
                                                            
                                                            Wellbeing Pod Mini+",Internal Page,Follow,ERR,,html,No,2,100.00
https://neomwellbeing.com/products/complete-bliss-travel-scented-candle,https://neomwellbeing.com/collections/the-wellbeing-pod,"Wellbeing Pod
                                                                To scent medium spaces
                                                            
                                                            SHOP POD 


                                                        
                                                    
                                                            
                                                            Wellbeing Pod",Internal Page,Follow,ERR,,html,No,2,100.00
https://neomwellbeing.com/products/complete-bliss-travel-scented-candle,https://neomwellbeing.com/collections/wellbeing-pod-luxe,"Wellbeing Pod Luxe
                                                                To scent large spaces
                                                            
                                                            SHOP POD LUXE 


                                                        
                                                    
                                                            
                                                            Wellbeing Pod Luxe",Internal Page,Follow,ERR,,html,No,2,100.00
https://neomwellbeing.com/products/complete-bliss-travel-scented-candle,https://neomwellbeing.com/collections/home-fragrance,Shop All Home Fragrance,Internal Page,Follow,ERR,,html,No,2,100.00
https://neomwellbeing.com/products/complete-bliss-travel-scented-candle,https://neomwellbeing.com/collections/reed-diffusers,Reed Diffusers,Internal Page,Follow,ERR,,html,No,2,100.00
https://neomwellbeing.com/products/complete-bliss-travel-scented-candle,https://neomwellbeing.com/collections/candles,Candles,Internal Page,Follow,ERR,,html,No,2,100.00
https://neomwellbeing.com/products/complete-bliss-travel-scented-candle,https://neomwellbeing.com/collections/electric-diffusers,Wellbeing Pods,Internal Page,Follow,ERR,,html,No,2,100.00
https://neomwellbeing.com/products/complete-bliss-travel-scented-candle,https://neomwellbeing.com/collections/mists,Room Spray,Internal Page,Follow,ERR,,html,No,2,100.00
https://neomwellbeing.com/products/complete-bliss-travel-scented-candle,https://neomwellbeing.com/collections/sleep-mist,Sleep Mist,Internal Page,Follow,ERR,,html,No,2,100.00
https://neomwellbeing.com/products/complete-bliss-travel-scented-candle,https://neomwellbeing.com/collections/bath-body,Shop All Bath & Body,Internal Page,Follow,ERR,,html,No,2,100.00
https://neomwellbeing.com/products/complete-bliss-travel-scented-candle,https://neomwellbeing.com/collections/bath-oils-foams,Bath Foams & Milks,Internal Page,Follow,ERR,,html,No,2,100.00
https://neomwellbeing.com/products/complete-bliss-travel-scented-candle,https://neomwellbeing.com/collections/body-oils-scrubs,"Body Oils, Milks, Scrubs & Polish",Internal Page,Follow,ERR,,html,No,2,100.00
https://neomwellbeing.com/products/complete-bliss-travel-scented-candle,https://neomwellbeing.com/collections/travel,Travel Size,Internal Page,Follow,ERR,,html,No,2,100.00
https://neomwellbeing.com/products/complete-bliss-travel-scented-candle,https://neomwellbeing.com/collections/body-washes-lotions,"Hand Balms, Washes & Lotions",Internal Page,Follow,ERR,,html,No,2,100.00
https://neomwellbeing.com/products/complete-bliss-travel-scented-candle,https://neomwellbeing.com/collections/body-butter,Magnesium Body Butters,Internal Page,Follow,ERR,,html,No,2,100.00
https://neomwellbeing.com/products/complete-bliss-travel-scented-candle,https://neomwellbeing.com/collections/essential-oil-roll-on-pulse-points,Essential Oil Roll-On Pens,Internal Page,Follow,ERR,,html,No,2,100.00
https://neomwellbeing.com/products/complete-bliss-travel-scented-candle,https://neomwellbeing.com/collections/massage-candles,Massage Candles,Internal Page,Follow,ERR,,html,No,2,100.00
https://neomwellbeing.com/products/complete-bliss-travel-scented-candle,https://neomwellbeing.com/collections/magnesium,Magnesium,Internal Page,Follow,ERR,,html,No,2,100.00
https://neomwellbeing.com/products/complete-bliss-travel-scented-candle,https://neomwellbeing.com/collections/super-shower-power-shampoo-conditioner,Shop All Haircare,Internal Page,Follow,ERR,,html,No,2,100.00
https://neomwellbeing.com/products/complete-bliss-travel-scented-candle,https://neomwellbeing.com/collections/hair-skincare,Shop All Skincare,Internal Page,Follow,ERR,,html,No,2,100.00
https://neomwellbeing.com/products/complete-bliss-travel-scented-candle,https://neomwellbeing.com/collections/wonder-balm,Wonder Balms,Internal Page,Follow,ERR,,html,No,2,100.00
https://neomwellbeing.com/products/complete-bliss-travel-scented-candle,https://neomwellbeing.com/collections/cleansing-balm,Cleansers,Internal Page,Follow,ERR,,html,No,2,100.00
https://neomwellbeing.com/products/complete-bliss-travel-scented-candle,https://neomwellbeing.com/collections/energising-face-mist,Face Mist,Internal Page,Follow,ERR,,html,No,2,100.00
https://neomwellbeing.com/products/complete-bliss-travel-scented-candle,https://neomwellbeing.com/collections/scent-to-sleep,"Better Sleep
                                                                Stop, breathe, sleep
                                                            
                                                            SHOP NOW 


                                                        
                                                    
                                                            
                                                            Better Sleep",Internal Page,Follow,ERR,,html,No,2,100.00
https://neomwellbeing.com/products/complete-bliss-travel-scented-candle,https://neomwellbeing.com/collections/scent-to-de-stress,"Less Stress
                                                                Feel the tension lift
                                                            
                                                            SHOP NOW 


                                                        
                                                    
                                                            
                                                            Less Stress",Internal Page,Follow,ERR,,html,No,2,100.00
https://neomwellbeing.com/products/complete-bliss-travel-scented-candle,https://neomwellbeing.com/collections/scent-to-make-you-happy,"Mood Boost
                                                                Kickstart happy vibes
                                                            
                                                            SHOP NOW 


                                                        
                                                    
                                                            
                                                            Mood Boost",Internal Page,Follow,ERR,,html,No,2,100.00
https://neomwellbeing.com/products/complete-bliss-travel-scented-candle,https://neomwellbeing.com/collections/scent-to-boost-your-energy,"Energy Boost
                                                                Supercharge you
                                                            
                                                            SHOP NOW 


                                                        
                                                    
                                                            
                                                            Energy Boost",Internal Page,Follow,ERR,,html,No,2,100.00
https://neomwellbeing.com/products/complete-bliss-travel-scented-candle,https://neomwellbeing.com/pages/wellbeing-gifts,Gifts By Occasion,Internal Page,Follow,ERR,,html,No,2,100.00
https://neomwellbeing.com/products/complete-bliss-travel-scented-candle,https://neomwellbeing.com/collections/birthday-gifts,Birthday Gifts,Internal Page,Follow,ERR,,html,No,2,100.00
https://neomwellbeing.com/products/complete-bliss-travel-scented-candle,https://neomwellbeing.com/collections/parent-to-be-gifts,Parent to Be Gifts,Internal Page,Follow,ERR,,html,No,2,100.00
https://neomwellbeing.com/products/complete-bliss-travel-scented-candle,https://neomwellbeing.com/collections/thank-you-gifts,Thank You Gifts,Internal Page,Follow,ERR,,html,No,2,100.00
https://neomwellbeing.com/products/complete-bliss-travel-scented-candle,https://neomwellbeing.com/collections/just-because,Just Because Gifts,Internal Page,Follow,ERR,,html,No,2,100.00
https://neomwellbeing.com/products/complete-bliss-travel-scented-candle,https://neomwellbeing.com/collections/gifts-for-her,Gifts For Her,Internal Page,Follow,ERR,,html,No,2,100.00
https://neomwellbeing.com/products/complete-bliss-travel-scented-candle,https://neomwellbeing.com/collections/gifts-little-luxuries,Gifts Under £25,Internal Page,Follow,ERR,,html,No,2,100.00
https://neomwellbeing.com/products/complete-bliss-travel-scented-candle,https://neomwellbeing.com/collections/special-moments,Gifts Under £50,Internal Page,Follow,ERR,,html,No,2,100.00
https://neomwellbeing.com/products/complete-bliss-travel-scented-candle,https://neomwellbeing.com/collections/ultimate-gifts,Gifts Under £100,Internal Page,Follow,ERR,,html,No,2,100.00
https://neomwellbeing.com/products/complete-bliss-travel-scented-candle,https://neomwellbeing.com/collections/luxury-gifts,Luxury Gifts,Internal Page,Follow,ERR,,html,No,2,100.00
https://neomwellbeing.com/products/complete-bliss-travel-scented-candle,https://neomwellbeing.com/collections/gift-boxes-and-gift-bags,Gift Services,Internal Page,Follow,ERR,,html,No,2,100.00
https://neomwellbeing.com/products/complete-bliss-travel-scented-candle,https://neomwellbeing.com/pages/build-a-wellbeing-gift,Build A Gift & Save 20%,Internal Page,Follow,ERR,,html,No,2,100.00
https://neomwellbeing.com/products/complete-bliss-travel-scented-candle,https://neomwellbeing.com/products/neom-gift-cards,Digital Gift Cards,Internal Page,Follow,ERR,,html,No,2,100.00
https://neomwellbeing.com/products/complete-bliss-travel-scented-candle,https://neomwellbeing.com/pages/corporate-gifting,Corporate Gifting,Internal Page,Follow,ERR,,html,No,2,100.00
https://neomwellbeing.com/products/complete-bliss-travel-scented-candle,https://neomwellbeing.com/collections/wellbeing-outlet,"Wellbeing Outlet
                                                                Save on natural favourites
                                                            
                                                            SHOP NOW 


                                                        
                                                    
                                                            
                                                            Wellbeing Outlet",Internal Page,Follow,ERR,,html,No,2,100.00
https://neomwellbeing.com/products/complete-bliss-travel-scented-candle,https://neomwellbeing.com/collections/supercharged-collections-with-a-saving,"Bundle & Save
                                                                Find the perfect routine
                                                            
                                                            SHOP NOW 


                                                        
                                                    
                                                            
                                                            Bundle & Save",Internal Page,Follow,ERR,,html,No,2,100.00
https://neomwellbeing.com/products/complete-bliss-travel-scented-candle,https://neomwellbeing.com/pages/neom-points,Loyalty,Internal Page,Follow,ERR,,html,No,2,100.00
https://neomwellbeing.com/products/complete-bliss-travel-scented-candle,https://neomwellbeing.com/pages/our-locations,Our Locations,Internal Page,Follow,ERR,,html,No,2,100.00
https://neomwellbeing.com/products/complete-bliss-travel-scented-candle,https://neomwellbeing.com/pages/careers,Careers,Internal Page,Follow,ERR,,html,No,2,100.00
https://neomwellbeing.com/products/complete-bliss-travel-scented-candle,https://neomwellbeing.com/blogs/wellbeing,Wellbeing Tips,Internal Page,Follow,ERR,,html,No,2,100.00
https://neomwellbeing.com/products/complete-bliss-travel-scented-candle,https://neomwellbeing.com/pages/charity-partnerships,Charity Partnership,Internal Page,Follow,ERR,,html,No,2,100.00
https://neomwellbeing.com/products/complete-bliss-travel-scented-candle,https://neomwellbeing.com/pages/awards,Awards,Internal Page,Follow,ERR,,html,No,2,100.00
https://neomwellbeing.com/products/complete-bliss-travel-scented-candle,https://neomwellbeing.com/pages/sustainability,"Our Commitment
                                                            LEARN MORE 


                                                        
                                                    
                                                            
                                                            Our Commitment",Internal Page,Follow,ERR,,html,No,2,100.00
https://neomwellbeing.com/products/complete-bliss-travel-scented-candle,https://neomwellbeing.com/pages/wishlist,,Internal Page,Follow,ERR,,html,No,2,80.00
https://neomwellbeing.com/products/complete-bliss-travel-scented-candle,https://neomwellbeing.com/,,Internal Page,Follow,ERR,,html,No,0,80.00
https://neomwellbeing.com/products/complete-bliss-travel-scented-candle,https://neomwellbeing.com/account/login,Sign in,Internal Page,Follow,ERR,,html,No,2,100.00
https://neomwellbeing.com/products/complete-bliss-travel-scented-candle,https://neomwellbeing.com/pages/shop-by-wellbeing-range,Wellbeing Concern,Internal Page,Follow,ERR,,html,No,2,100.00
https://neomwellbeing.com/products/complete-bliss-travel-scented-candle,https://neomwellbeing.com/collections/gift-sets,Gifts,Internal Page,Follow,ERR,,html,No,2,100.00
https://neomwellbeing.com/products/complete-bliss-travel-scented-candle,https://neomwellbeing.com/pages/about-us,About Us,Internal Page,Follow,ERR,,html,No,2,100.00
https://neomwellbeing.com/products/complete-bliss-travel-scented-candle,https://neomwellbeing.com/products/black-stainless-steel-wick-trimmer,The perfect partner for your NEOM candle... our exclusive Wick Trimmer keeps your candle burning cleanly and evenly. Shop now.,Internal Page,Follow,ERR,,html,No,2,100.00
https://neomwellbeing.com/products/complete-bliss-travel-scented-candle,https://neomwellbeing.com/products/complete-bliss-luxury-scented-candle,Complete Bliss Scented Candle (3 Wick),Internal Page,Follow,ERR,,html,No,2,100.00
https://neomwellbeing.com/products/complete-bliss-travel-scented-candle,https://neomwellbeing.com/products/complete-bliss-standard-scented-candle,Complete Bliss Scented Candle (1 Wick),Internal Page,Follow,ERR,,html,No,2,100.00
https://neomwellbeing.com/products/complete-bliss-travel-scented-candle,https://neomwellbeing.com/products/feel-refreshed-standard-scented-candle,,Internal Page,Follow,ERR,,html,No,2,80.00
https://neomwellbeing.com/products/complete-bliss-travel-scented-candle,https://neomwellbeing.com/products/perfect-nights-sleep-travel-scented-candle,,Internal Page,Follow,ERR,,html,No,2,80.00
https://neomwellbeing.com/products/complete-bliss-travel-scented-candle,https://neomwellbeing.com/products/super-shower-power-conditioner-50ml,,Internal Page,Follow,ERR,,html,No,2,80.00
https://neomwellbeing.com/products/complete-bliss-travel-scented-candle,https://neomwellbeing.com/products/calming-hand-balm-cream-30ml,,Internal Page,Follow,ERR,,html,No,2,80.00
https://neomwellbeing.com/products/complete-bliss-travel-scented-candle,https://neomwellbeing.com/products/real-luxury-travel-scented-candle,,Internal Page,Follow,ERR,,html,No,2,80.00
https://neomwellbeing.com/products/complete-bliss-travel-scented-candle,https://neomwellbeing.com/products/perfect-peace-scented-candle-travel,,Internal Page,Follow,ERR,,html,No,2,80.00
https://neomwellbeing.com/products/complete-bliss-travel-scented-candle,https://neomwellbeing.com/products/mini-candle-scent-discovery-set,,Internal Page,Follow,ERR,,html,No,2,80.00
https://neomwellbeing.com/products/complete-bliss-travel-scented-candle,https://neomwellbeing.com/products/complete-bliss-essential-oil-blend,,Internal Page,Follow,ERR,,html,No,2,80.00
https://neomwellbeing.com/products/complete-bliss-travel-scented-candle,https://neomwellbeing.com/pages/postage,,Internal Page,Follow,ERR,,html,No,2,80.00
https://neomwellbeing.com/products/complete-bliss-travel-scented-candle,https://neomwellbeing.com/pages/contact-us,,Internal Page,Follow,ERR,,html,No,2,80.00
https://neomwellbeing.com/products/complete-bliss-travel-scented-candle,https://neomwellbeing.com/pages/proud-to-be-b-corp,Proud to be B Corp,Internal Page,Follow,ERR,,html,No,2,100.00
https://neomwellbeing.com/products/complete-bliss-travel-scented-candle,https://neomwellbeing.com/pages/directors-shareholders,Our Directors,Internal Page,Follow,ERR,,html,No,2,100.00
https://neomwellbeing.com/products/complete-bliss-travel-scented-candle,https://neomwellbeing.com/pages/seo-reviews,Reviews,Internal Page,Follow,ERR,,html,No,2,100.00
https://neomwellbeing.com/products/complete-bliss-travel-scented-candle,https://neomwellbeing.com/pages/refer-a-friend,Refer a Friend,Internal Page,Follow,ERR,,html,No,2,100.00
https://neomwellbeing.com/products/complete-bliss-travel-scented-candle,https://neomwellbeing.com/pages/subscriptions,Subscriptions,Internal Page,Follow,ERR,,html,No,2,100.00
https://neomwellbeing.com/products/complete-bliss-travel-scented-candle,https://neomwellbeing.com/pages/become-a-neom-partner,Become a NEOM Partner,Internal Page,Follow,ERR,,html,No,2,100.00
https://neomwellbeing.com/products/complete-bliss-travel-scented-candle,https://neomwellbeing.com/pages/neom-ambassadors,NEOM Ambassadors,Internal Page,Follow,ERR,,html,No,2,100.00
https://neomwellbeing.com/products/complete-bliss-travel-scented-candle,https://neomwellbeing.com/pages/black-friday,Black Friday,Internal Page,Follow,ERR,,html,No,2,100.00
https://neomwellbeing.com/products/complete-bliss-travel-scented-candle,https://neomwellbeing.com/pages/blue-light-card-discounts,NHS & Key Worker Discounts,Internal Page,Follow,ERR,,html,No,2,100.00
https://neomwellbeing.com/products/complete-bliss-travel-scented-candle,https://neomwellbeing.com/pages/terms-conditions,Terms & Conditions,Internal Page,Follow,ERR,,html,No,2,100.00
https://neomwellbeing.com/products/complete-bliss-travel-scented-candle,https://neomwellbeing.com/pages/modern-slavery-statement,Modern Slavery Statement,Internal Page,Follow,ERR,,html,No,2,100.00
https://neomwellbeing.com/products/complete-bliss-travel-scented-candle,https://neomwellbeing.com/pages/privacy-policy,Privacy Policy,Internal Page,Follow,ERR,,html,No,2,100.00
https://neomwellbeing.com/products/complete-bliss-travel-scented-candle,https://neomwellbeing.com/pages/cookie-policy,Cookie Policy,Internal Page,Follow,ERR,,html,No,2,100.00
https://neomwellbeing.com/products/complete-bliss-travel-scented-candle,https://neomwellbeing.com/pages/sitemap,Sitemap,Internal Page,Follow,ERR,,html,No,2,100.00
https://neomwellbeing.com/products/complete-bliss-travel-scented-candle,https://neomwellbeing.com/blogs/sleep,The Better Sleep Hub,Internal Page,Follow,ERR,,html,No,2,100.00
https://neomwellbeing.com/products/complete-bliss-travel-scented-candle,https://neomwellbeing.com/blogs/stress,The Less Stress Hub,Internal Page,Follow,ERR,,html,No,2,100.00
https://neomwellbeing.com/products/complete-bliss-travel-scented-candle,https://neomwellbeing.com/blogs/mood,The Mood-Boosting Hub,Internal Page,Follow,ERR,,html,No,2,100.00
https://neomwellbeing.com/products/complete-bliss-travel-scented-candle,https://neomwellbeing.com/blogs/energy,The More Energy Hub,Internal Page,Follow,ERR,,html,No,2,100.00
https://neomwellbeing.com/products/complete-bliss-travel-scented-candle,https://neomwellbeing.com/blogs/news,Trending & News,Internal Page,Follow,ERR,,html,No,2,100.00
https://neomwellbeing.com/products/complete-bliss-travel-scented-candle,https://neomwellbeing.com/blogs/product-advice,Product Advice & Gift Guides,Internal Page,Follow,ERR,,html,No,2,100.00
https://neomwellbeing.com/products/real-luxury-travel-scented-candle,https://neomwellbeing.com/products/real-luxury-travel-scented-candle,Skip to content,Internal Page,Follow,ERR,,html,No,2,100.00
https://neomwellbeing.com/products/real-luxury-travel-scented-candle,https://neomwellbeing.com/cart,CONTINUE TO CHECKOUT,Internal Page,Follow,ERR,,html,No,1,100.00
https://neomwellbeing.com/products/real-luxury-travel-scented-candle,https://neomwellbeing.com/collections/body-wash,NEW BODY WASHES. SHOP NOW.,Internal Page,Follow,ERR,,html,No,2,100.00
https://neomwellbeing.com/products/real-luxury-travel-scented-candle,https://neomwellbeing.com/collections/gift-with-purchase,FREE GIFTS WITH ORDERS £65+,Internal Page,Follow,ERR,,html,No,2,100.00
https://neomwellbeing.com/products/real-luxury-travel-scented-candle,https://neomwellbeing.com/collections/bestsellers,FREE  STANDARD UK DELIVERY ON ORDERS £60+,Internal Page,Follow,ERR,,html,No,2,100.00
https://neomwellbeing.com/products/real-luxury-travel-scented-candle,https://neomwellbeing.com/collections/essential-oil-blends,"Essential Oil Blends
                                                                Luxury essential oils
                                                            
                                                            SHOP OILS 


                                                        
                                                    
                                                            
                                                            Essential Oil Blends",Internal Page,Follow,ERR,,html,No,2,100.00
https://neomwellbeing.com/products/real-luxury-travel-scented-candle,https://neomwellbeing.com/collections/the-wellbeing-pod-mini,"Wellbeing Pod Mini+
                                                                To scent small spaces
                                                            
                                                            SHOP POD MINI+ 


                                                        
                                                    
                                                            
                                                            Wellbeing Pod Mini+",Internal Page,Follow,ERR,,html,No,2,100.00
https://neomwellbeing.com/products/real-luxury-travel-scented-candle,https://neomwellbeing.com/collections/the-wellbeing-pod,"Wellbeing Pod
                                                                To scent medium spaces
                                                            
                                                            SHOP POD 


                                                        
                                                    
                                                            
                                                            Wellbeing Pod",Internal Page,Follow,ERR,,html,No,2,100.00
https://neomwellbeing.com/products/real-luxury-travel-scented-candle,https://neomwellbeing.com/collections/wellbeing-pod-luxe,"Wellbeing Pod Luxe
                                                                To scent large spaces
                                                            
                                                            SHOP POD LUXE 


                                                        
                                                    
                                                            
                                                            Wellbeing Pod Luxe",Internal Page,Follow,ERR,,html,No,2,100.00
https://neomwellbeing.com/products/real-luxury-travel-scented-candle,https://neomwellbeing.com/collections/home-fragrance,Shop All Home Fragrance,Internal Page,Follow,ERR,,html,No,2,100.00
https://neomwellbeing.com/products/real-luxury-travel-scented-candle,https://neomwellbeing.com/collections/reed-diffusers,Reed Diffusers,Internal Page,Follow,ERR,,html,No,2,100.00
https://neomwellbeing.com/products/real-luxury-travel-scented-candle,https://neomwellbeing.com/collections/candles,Candles,Internal Page,Follow,ERR,,html,No,2,100.00
https://neomwellbeing.com/products/real-luxury-travel-scented-candle,https://neomwellbeing.com/collections/electric-diffusers,Wellbeing Pods,Internal Page,Follow,ERR,,html,No,2,100.00
https://neomwellbeing.com/products/real-luxury-travel-scented-candle,https://neomwellbeing.com/collections/mists,Room Spray,Internal Page,Follow,ERR,,html,No,2,100.00
https://neomwellbeing.com/products/real-luxury-travel-scented-candle,https://neomwellbeing.com/collections/sleep-mist,Sleep Mist,Internal Page,Follow,ERR,,html,No,2,100.00
https://neomwellbeing.com/products/real-luxury-travel-scented-candle,https://neomwellbeing.com/collections/bath-body,Shop All Bath & Body,Internal Page,Follow,ERR,,html,No,2,100.00
https://neomwellbeing.com/products/real-luxury-travel-scented-candle,https://neomwellbeing.com/collections/bath-oils-foams,Bath Foams & Milks,Internal Page,Follow,ERR,,html,No,2,100.00
https://neomwellbeing.com/products/real-luxury-travel-scented-candle,https://neomwellbeing.com/collections/body-oils-scrubs,"Body Oils, Milks, Scrubs & Polish",Internal Page,Follow,ERR,,html,No,2,100.00
https://neomwellbeing.com/products/real-luxury-travel-scented-candle,https://neomwellbeing.com/collections/travel,Travel Size,Internal Page,Follow,ERR,,html,No,2,100.00
https://neomwellbeing.com/products/real-luxury-travel-scented-candle,https://neomwellbeing.com/collections/body-washes-lotions,"Hand Balms, Washes & Lotions",Internal Page,Follow,ERR,,html,No,2,100.00
https://neomwellbeing.com/products/real-luxury-travel-scented-candle,https://neomwellbeing.com/collections/body-butter,Magnesium Body Butters,Internal Page,Follow,ERR,,html,No,2,100.00
https://neomwellbeing.com/products/real-luxury-travel-scented-candle,https://neomwellbeing.com/collections/essential-oil-roll-on-pulse-points,Essential Oil Roll-On Pens,Internal Page,Follow,ERR,,html,No,2,100.00
https://neomwellbeing.com/products/real-luxury-travel-scented-candle,https://neomwellbeing.com/collections/massage-candles,Massage Candles,Internal Page,Follow,ERR,,html,No,2,100.00
https://neomwellbeing.com/products/real-luxury-travel-scented-candle,https://neomwellbeing.com/collections/magnesium,Magnesium,Internal Page,Follow,ERR,,html,No,2,100.00
https://neomwellbeing.com/products/real-luxury-travel-scented-candle,https://neomwellbeing.com/collections/super-shower-power-shampoo-conditioner,Shop All Haircare,Internal Page,Follow,ERR,,html,No,2,100.00
https://neomwellbeing.com/products/real-luxury-travel-scented-candle,https://neomwellbeing.com/collections/hair-skincare,Shop All Skincare,Internal Page,Follow,ERR,,html,No,2,100.00
https://neomwellbeing.com/products/real-luxury-travel-scented-candle,https://neomwellbeing.com/collections/wonder-balm,Wonder Balms,Internal Page,Follow,ERR,,html,No,2,100.00
https://neomwellbeing.com/products/real-luxury-travel-scented-candle,https://neomwellbeing.com/collections/cleansing-balm,Cleansers,Internal Page,Follow,ERR,,html,No,2,100.00
https://neomwellbeing.com/products/real-luxury-travel-scented-candle,https://neomwellbeing.com/collections/energising-face-mist,Face Mist,Internal Page,Follow,ERR,,html,No,2,100.00
https://neomwellbeing.com/products/real-luxury-travel-scented-candle,https://neomwellbeing.com/collections/scent-to-sleep,"Better Sleep
                                                                Stop, breathe, sleep
                                                            
                                                            SHOP NOW 


                                                        
                                                    
                                                            
                                                            Better Sleep",Internal Page,Follow,ERR,,html,No,2,100.00
https://neomwellbeing.com/products/real-luxury-travel-scented-candle,https://neomwellbeing.com/collections/scent-to-de-stress,"Less Stress
                                                                Feel the tension lift
                                                            
                                                            SHOP NOW 


                                                        
                                                    
                                                            
                                                            Less Stress",Internal Page,Follow,ERR,,html,No,2,100.00
https://neomwellbeing.com/products/real-luxury-travel-scented-candle,https://neomwellbeing.com/collections/scent-to-make-you-happy,"Mood Boost
                                                                Kickstart happy vibes
                                                            
                                                            SHOP NOW 


                                                        
                                                    
                                                            
                                                            Mood Boost",Internal Page,Follow,ERR,,html,No,2,100.00
https://neomwellbeing.com/products/real-luxury-travel-scented-candle,https://neomwellbeing.com/collections/scent-to-boost-your-energy,"Energy Boost
                                                                Supercharge you
                                                            
                                                            SHOP NOW 


                                                        
                                                    
                                                            
                                                            Energy Boost",Internal Page,Follow,ERR,,html,No,2,100.00
https://neomwellbeing.com/products/real-luxury-travel-scented-candle,https://neomwellbeing.com/pages/wellbeing-gifts,Gifts By Occasion,Internal Page,Follow,ERR,,html,No,2,100.00
https://neomwellbeing.com/products/real-luxury-travel-scented-candle,https://neomwellbeing.com/collections/birthday-gifts,Birthday Gifts,Internal Page,Follow,ERR,,html,No,2,100.00
https://neomwellbeing.com/products/real-luxury-travel-scented-candle,https://neomwellbeing.com/collections/parent-to-be-gifts,Parent to Be Gifts,Internal Page,Follow,ERR,,html,No,2,100.00
https://neomwellbeing.com/products/real-luxury-travel-scented-candle,https://neomwellbeing.com/collections/thank-you-gifts,Thank You Gifts,Internal Page,Follow,ERR,,html,No,2,100.00
https://neomwellbeing.com/products/real-luxury-travel-scented-candle,https://neomwellbeing.com/collections/just-because,Just Because Gifts,Internal Page,Follow,ERR,,html,No,2,100.00
https://neomwellbeing.com/products/real-luxury-travel-scented-candle,https://neomwellbeing.com/collections/gifts-for-her,Gifts For Her,Internal Page,Follow,ERR,,html,No,2,100.00
https://neomwellbeing.com/products/real-luxury-travel-scented-candle,https://neomwellbeing.com/collections/gifts-little-luxuries,Gifts Under £25,Internal Page,Follow,ERR,,html,No,2,100.00
https://neomwellbeing.com/products/real-luxury-travel-scented-candle,https://neomwellbeing.com/collections/special-moments,Gifts Under £50,Internal Page,Follow,ERR,,html,No,2,100.00
https://neomwellbeing.com/products/real-luxury-travel-scented-candle,https://neomwellbeing.com/collections/ultimate-gifts,Gifts Under £100,Internal Page,Follow,ERR,,html,No,2,100.00
https://neomwellbeing.com/products/real-luxury-travel-scented-candle,https://neomwellbeing.com/collections/luxury-gifts,Luxury Gifts,Internal Page,Follow,ERR,,html,No,2,100.00
https://neomwellbeing.com/products/real-luxury-travel-scented-candle,https://neomwellbeing.com/collections/gift-boxes-and-gift-bags,Gift Services,Internal Page,Follow,ERR,,html,No,2,100.00
https://neomwellbeing.com/products/real-luxury-travel-scented-candle,https://neomwellbeing.com/pages/build-a-wellbeing-gift,Build A Gift & Save 20%,Internal Page,Follow,ERR,,html,No,2,100.00
https://neomwellbeing.com/products/real-luxury-travel-scented-candle,https://neomwellbeing.com/products/neom-gift-cards,Digital Gift Cards,Internal Page,Follow,ERR,,html,No,2,100.00
https://neomwellbeing.com/products/real-luxury-travel-scented-candle,https://neomwellbeing.com/pages/corporate-gifting,Corporate Gifting,Internal Page,Follow,ERR,,html,No,2,100.00
https://neomwellbeing.com/products/real-luxury-travel-scented-candle,https://neomwellbeing.com/collections/wellbeing-outlet,"Wellbeing Outlet
                                                                Save on natural favourites
                                                            
                                                            SHOP NOW 


                                                        
                                                    
                                                            
                                                            Wellbeing Outlet",Internal Page,Follow,ERR,,html,No,2,100.00
https://neomwellbeing.com/products/real-luxury-travel-scented-candle,https://neomwellbeing.com/collections/supercharged-collections-with-a-saving,"Bundle & Save
                                                                Find the perfect routine
                                                            
                                                            SHOP NOW 


                                                        
                                                    
                                                            
                                                            Bundle & Save",Internal Page,Follow,ERR,,html,No,2,100.00
https://neomwellbeing.com/products/real-luxury-travel-scented-candle,https://neomwellbeing.com/pages/neom-points,Loyalty,Internal Page,Follow,ERR,,html,No,2,100.00
https://neomwellbeing.com/products/real-luxury-travel-scented-candle,https://neomwellbeing.com/pages/our-locations,Our Locations,Internal Page,Follow,ERR,,html,No,2,100.00
https://neomwellbeing.com/products/real-luxury-travel-scented-candle,https://neomwellbeing.com/pages/careers,Careers,Internal Page,Follow,ERR,,html,No,2,100.00
https://neomwellbeing.com/products/real-luxury-travel-scented-candle,https://neomwellbeing.com/blogs/wellbeing,Wellbeing Tips,Internal Page,Follow,ERR,,html,No,2,100.00
https://neomwellbeing.com/products/real-luxury-travel-scented-candle,https://neomwellbeing.com/pages/charity-partnerships,Charity Partnership,Internal Page,Follow,ERR,,html,No,2,100.00
https://neomwellbeing.com/products/real-luxury-travel-scented-candle,https://neomwellbeing.com/pages/awards,Awards,Internal Page,Follow,ERR,,html,No,2,100.00
https://neomwellbeing.com/products/real-luxury-travel-scented-candle,https://neomwellbeing.com/pages/sustainability,"Our Commitment
                                                            LEARN MORE 


                                                        
                                                    
                                                            
                                                            Our Commitment",Internal Page,Follow,ERR,,html,No,2,100.00
https://neomwellbeing.com/products/real-luxury-travel-scented-candle,https://neomwellbeing.com/pages/wishlist,,Internal Page,Follow,ERR,,html,No,2,80.00
https://neomwellbeing.com/products/real-luxury-travel-scented-candle,https://neomwellbeing.com/,,Internal Page,Follow,ERR,,html,No,0,80.00
https://neomwellbeing.com/products/real-luxury-travel-scented-candle,https://neomwellbeing.com/account/login,Sign in,Internal Page,Follow,ERR,,html,No,2,100.00
https://neomwellbeing.com/products/real-luxury-travel-scented-candle,https://neomwellbeing.com/pages/shop-by-wellbeing-range,Wellbeing Concern,Internal Page,Follow,ERR,,html,No,2,100.00
https://neomwellbeing.com/products/real-luxury-travel-scented-candle,https://neomwellbeing.com/collections/gift-sets,Gifts,Internal Page,Follow,ERR,,html,No,2,100.00
https://neomwellbeing.com/products/real-luxury-travel-scented-candle,https://neomwellbeing.com/pages/about-us,About Us,Internal Page,Follow,ERR,,html,No,2,100.00
https://neomwellbeing.com/products/real-luxury-travel-scented-candle,https://neomwellbeing.com/products/black-stainless-steel-wick-trimmer,The perfect partner for your NEOM candle... our exclusive Wick Trimmer keeps your candle burning cleanly and evenly. Shop now.,Internal Page,Follow,ERR,,html,No,2,100.00
https://neomwellbeing.com/products/real-luxury-travel-scented-candle,https://neomwellbeing.com/products/real-luxury-scented-candle,Real Luxury Scented Candle (3 Wick),Internal Page,Follow,ERR,,html,No,2,100.00
https://neomwellbeing.com/products/real-luxury-travel-scented-candle,https://neomwellbeing.com/products/real-luxury-standard-scented-candle,Real Luxury Scented Candle (1 Wick),Internal Page,Follow,ERR,,html,No,2,100.00
https://neomwellbeing.com/products/real-luxury-travel-scented-candle,https://neomwellbeing.com/products/real-luxury-essential-oil-blend-10ml,,Internal Page,Follow,ERR,,html,No,2,80.00
https://neomwellbeing.com/products/real-luxury-travel-scented-candle,https://neomwellbeing.com/products/wellbeing-pod-mini-plus-waterless-essential-oil-diffuser-in-rose-gold,,Internal Page,Follow,ERR,,html,No,2,80.00
https://neomwellbeing.com/products/real-luxury-travel-scented-candle,https://neomwellbeing.com/products/happiness-essential-oil-blend-10ml,,Internal Page,Follow,ERR,,html,No,2,80.00
https://neomwellbeing.com/products/real-luxury-travel-scented-candle,https://neomwellbeing.com/products/perfect-nights-sleep-travel-scented-candle,,Internal Page,Follow,ERR,,html,No,2,80.00
https://neomwellbeing.com/products/real-luxury-travel-scented-candle,https://neomwellbeing.com/products/wellbeing-candle-trio,,Internal Page,Follow,ERR,,html,No,2,80.00
https://neomwellbeing.com/products/real-luxury-travel-scented-candle,https://neomwellbeing.com/products/wellbeing-pod,,Internal Page,Follow,ERR,,html,No,2,80.00
https://neomwellbeing.com/products/real-luxury-travel-scented-candle,https://neomwellbeing.com/products/real-luxury-room-spray,,Internal Page,Follow,ERR,,html,No,2,80.00
https://neomwellbeing.com/products/real-luxury-travel-scented-candle,https://neomwellbeing.com/products/real-luxury-intensive-skin-treatment-candle,,Internal Page,Follow,ERR,,html,No,2,80.00
https://neomwellbeing.com/products/real-luxury-travel-scented-candle,https://neomwellbeing.com/pages/postage,,Internal Page,Follow,ERR,,html,No,2,80.00
https://neomwellbeing.com/products/real-luxury-travel-scented-candle,https://neomwellbeing.com/pages/contact-us,,Internal Page,Follow,ERR,,html,No,2,80.00
https://neomwellbeing.com/products/real-luxury-travel-scented-candle,https://neomwellbeing.com/pages/proud-to-be-b-corp,Proud to be B Corp,Internal Page,Follow,ERR,,html,No,2,100.00
https://neomwellbeing.com/products/real-luxury-travel-scented-candle,https://neomwellbeing.com/pages/directors-shareholders,Our Directors,Internal Page,Follow,ERR,,html,No,2,100.00
https://neomwellbeing.com/products/real-luxury-travel-scented-candle,https://neomwellbeing.com/pages/seo-reviews,Reviews,Internal Page,Follow,ERR,,html,No,2,100.00
https://neomwellbeing.com/products/real-luxury-travel-scented-candle,https://neomwellbeing.com/pages/refer-a-friend,Refer a Friend,Internal Page,Follow,ERR,,html,No,2,100.00
https://neomwellbeing.com/products/real-luxury-travel-scented-candle,https://neomwellbeing.com/pages/subscriptions,Subscriptions,Internal Page,Follow,ERR,,html,No,2,100.00
https://neomwellbeing.com/products/real-luxury-travel-scented-candle,https://neomwellbeing.com/pages/become-a-neom-partner,Become a NEOM Partner,Internal Page,Follow,ERR,,html,No,2,100.00
https://neomwellbeing.com/products/real-luxury-travel-scented-candle,https://neomwellbeing.com/pages/neom-ambassadors,NEOM Ambassadors,Internal Page,Follow,ERR,,html,No,2,100.00
https://neomwellbeing.com/products/real-luxury-travel-scented-candle,https://neomwellbeing.com/pages/black-friday,Black Friday,Internal Page,Follow,ERR,,html,No,2,100.00
https://neomwellbeing.com/products/real-luxury-travel-scented-candle,https://neomwellbeing.com/pages/blue-light-card-discounts,NHS & Key Worker Discounts,Internal Page,Follow,ERR,,html,No,2,100.00
https://neomwellbeing.com/products/real-luxury-travel-scented-candle,https://neomwellbeing.com/pages/terms-conditions,Terms & Conditions,Internal Page,Follow,ERR,,html,No,2,100.00
https://neomwellbeing.com/products/real-luxury-travel-scented-candle,https://neomwellbeing.com/pages/modern-slavery-statement,Modern Slavery Statement,Internal Page,Follow,ERR,,html,No,2,100.00
https://neomwellbeing.com/products/real-luxury-travel-scented-candle,https://neomwellbeing.com/pages/privacy-policy,Privacy Policy,Internal Page,Follow,ERR,,html,No,2,100.00
https://neomwellbeing.com/products/real-luxury-travel-scented-candle,https://neomwellbeing.com/pages/cookie-policy,Cookie Policy,Internal Page,Follow,ERR,,html,No,2,100.00
https://neomwellbeing.com/products/real-luxury-travel-scented-candle,https://neomwellbeing.com/pages/sitemap,Sitemap,Internal Page,Follow,ERR,,html,No,2,100.00
https://neomwellbeing.com/products/real-luxury-travel-scented-candle,https://neomwellbeing.com/blogs/sleep,The Better Sleep Hub,Internal Page,Follow,ERR,,html,No,2,100.00
https://neomwellbeing.com/products/real-luxury-travel-scented-candle,https://neomwellbeing.com/blogs/stress,The Less Stress Hub,Internal Page,Follow,ERR,,html,No,2,100.00
https://neomwellbeing.com/products/real-luxury-travel-scented-candle,https://neomwellbeing.com/blogs/mood,The Mood-Boosting Hub,Internal Page,Follow,ERR,,html,No,2,100.00
https://neomwellbeing.com/products/real-luxury-travel-scented-candle,https://neomwellbeing.com/blogs/energy,The More Energy Hub,Internal Page,Follow,ERR,,html,No,2,100.00
https://neomwellbeing.com/products/real-luxury-travel-scented-candle,https://neomwellbeing.com/blogs/news,Trending & News,Internal Page,Follow,ERR,,html,No,2,100.00
https://neomwellbeing.com/products/real-luxury-travel-scented-candle,https://neomwellbeing.com/blogs/product-advice,Product Advice & Gift Guides,Internal Page,Follow,ERR,,html,No,2,100.00
https://neomwellbeing.com/products/happiness-luxury-scented-candle,https://neomwellbeing.com/products/happiness-luxury-scented-candle,Skip to content,Internal Page,Follow,ERR,,html,No,2,100.00
https://neomwellbeing.com/products/happiness-luxury-scented-candle,https://neomwellbeing.com/cart,CONTINUE TO CHECKOUT,Internal Page,Follow,ERR,,html,No,1,100.00
https://neomwellbeing.com/products/happiness-luxury-scented-candle,https://neomwellbeing.com/collections/body-wash,NEW BODY WASHES. SHOP NOW.,Internal Page,Follow,ERR,,html,No,2,100.00
https://neomwellbeing.com/products/happiness-luxury-scented-candle,https://neomwellbeing.com/collections/gift-with-purchase,FREE GIFTS WITH ORDERS £65+,Internal Page,Follow,ERR,,html,No,2,100.00
https://neomwellbeing.com/products/happiness-luxury-scented-candle,https://neomwellbeing.com/collections/bestsellers,FREE  STANDARD UK DELIVERY ON ORDERS £60+,Internal Page,Follow,ERR,,html,No,2,100.00
https://neomwellbeing.com/products/happiness-luxury-scented-candle,https://neomwellbeing.com/collections/essential-oil-blends,"Essential Oil Blends
                                                                Luxury essential oils
                                                            
                                                            SHOP OILS 


                                                        
                                                    
                                                            
                                                            Essential Oil Blends",Internal Page,Follow,ERR,,html,No,2,100.00
https://neomwellbeing.com/products/happiness-luxury-scented-candle,https://neomwellbeing.com/collections/the-wellbeing-pod-mini,"Wellbeing Pod Mini+
                                                                To scent small spaces
                                                            
                                                            SHOP POD MINI+ 


                                                        
                                                    
                                                            
                                                            Wellbeing Pod Mini+",Internal Page,Follow,ERR,,html,No,2,100.00
https://neomwellbeing.com/products/happiness-luxury-scented-candle,https://neomwellbeing.com/collections/the-wellbeing-pod,"Wellbeing Pod
                                                                To scent medium spaces
                                                            
                                                            SHOP POD 


                                                        
                                                    
                                                            
                                                            Wellbeing Pod",Internal Page,Follow,ERR,,html,No,2,100.00
https://neomwellbeing.com/products/happiness-luxury-scented-candle,https://neomwellbeing.com/collections/wellbeing-pod-luxe,"Wellbeing Pod Luxe
                                                                To scent large spaces
                                                            
                                                            SHOP POD LUXE 


                                                        
                                                    
                                                            
                                                            Wellbeing Pod Luxe",Internal Page,Follow,ERR,,html,No,2,100.00
https://neomwellbeing.com/products/happiness-luxury-scented-candle,https://neomwellbeing.com/collections/home-fragrance,Shop All Home Fragrance,Internal Page,Follow,ERR,,html,No,2,100.00
https://neomwellbeing.com/products/happiness-luxury-scented-candle,https://neomwellbeing.com/collections/reed-diffusers,Reed Diffusers,Internal Page,Follow,ERR,,html,No,2,100.00
https://neomwellbeing.com/products/happiness-luxury-scented-candle,https://neomwellbeing.com/collections/candles,Candles,Internal Page,Follow,ERR,,html,No,2,100.00
https://neomwellbeing.com/products/happiness-luxury-scented-candle,https://neomwellbeing.com/collections/electric-diffusers,Wellbeing Pods,Internal Page,Follow,ERR,,html,No,2,100.00
https://neomwellbeing.com/products/happiness-luxury-scented-candle,https://neomwellbeing.com/collections/mists,Room Spray,Internal Page,Follow,ERR,,html,No,2,100.00
https://neomwellbeing.com/products/happiness-luxury-scented-candle,https://neomwellbeing.com/collections/sleep-mist,Sleep Mist,Internal Page,Follow,ERR,,html,No,2,100.00
https://neomwellbeing.com/products/happiness-luxury-scented-candle,https://neomwellbeing.com/collections/bath-body,Shop All Bath & Body,Internal Page,Follow,ERR,,html,No,2,100.00
https://neomwellbeing.com/products/happiness-luxury-scented-candle,https://neomwellbeing.com/collections/bath-oils-foams,Bath Foams & Milks,Internal Page,Follow,ERR,,html,No,2,100.00
https://neomwellbeing.com/products/happiness-luxury-scented-candle,https://neomwellbeing.com/collections/body-oils-scrubs,"Body Oils, Milks, Scrubs & Polish",Internal Page,Follow,ERR,,html,No,2,100.00
https://neomwellbeing.com/products/happiness-luxury-scented-candle,https://neomwellbeing.com/collections/travel,Travel Size,Internal Page,Follow,ERR,,html,No,2,100.00
https://neomwellbeing.com/products/happiness-luxury-scented-candle,https://neomwellbeing.com/collections/body-washes-lotions,"Hand Balms, Washes & Lotions",Internal Page,Follow,ERR,,html,No,2,100.00
https://neomwellbeing.com/products/happiness-luxury-scented-candle,https://neomwellbeing.com/collections/body-butter,Magnesium Body Butters,Internal Page,Follow,ERR,,html,No,2,100.00
https://neomwellbeing.com/products/happiness-luxury-scented-candle,https://neomwellbeing.com/collections/essential-oil-roll-on-pulse-points,Essential Oil Roll-On Pens,Internal Page,Follow,ERR,,html,No,2,100.00
https://neomwellbeing.com/products/happiness-luxury-scented-candle,https://neomwellbeing.com/collections/massage-candles,Massage Candles,Internal Page,Follow,ERR,,html,No,2,100.00
https://neomwellbeing.com/products/happiness-luxury-scented-candle,https://neomwellbeing.com/collections/magnesium,Magnesium,Internal Page,Follow,ERR,,html,No,2,100.00
https://neomwellbeing.com/products/happiness-luxury-scented-candle,https://neomwellbeing.com/collections/super-shower-power-shampoo-conditioner,Shop All Haircare,Internal Page,Follow,ERR,,html,No,2,100.00
https://neomwellbeing.com/products/happiness-luxury-scented-candle,https://neomwellbeing.com/collections/hair-skincare,Shop All Skincare,Internal Page,Follow,ERR,,html,No,2,100.00
https://neomwellbeing.com/products/happiness-luxury-scented-candle,https://neomwellbeing.com/collections/wonder-balm,Wonder Balms,Internal Page,Follow,ERR,,html,No,2,100.00
https://neomwellbeing.com/products/happiness-luxury-scented-candle,https://neomwellbeing.com/collections/cleansing-balm,Cleansers,Internal Page,Follow,ERR,,html,No,2,100.00
https://neomwellbeing.com/products/happiness-luxury-scented-candle,https://neomwellbeing.com/collections/energising-face-mist,Face Mist,Internal Page,Follow,ERR,,html,No,2,100.00
https://neomwellbeing.com/products/happiness-luxury-scented-candle,https://neomwellbeing.com/collections/scent-to-sleep,"Better Sleep
                                                                Stop, breathe, sleep
                                                            
                                                            SHOP NOW 


                                                        
                                                    
                                                            
                                                            Better Sleep",Internal Page,Follow,ERR,,html,No,2,100.00
https://neomwellbeing.com/products/happiness-luxury-scented-candle,https://neomwellbeing.com/collections/scent-to-de-stress,"Less Stress
                                                                Feel the tension lift
                                                            
                                                            SHOP NOW 


                                                        
                                                    
                                                            
                                                            Less Stress",Internal Page,Follow,ERR,,html,No,2,100.00
https://neomwellbeing.com/products/happiness-luxury-scented-candle,https://neomwellbeing.com/collections/scent-to-make-you-happy,"Mood Boost
                                                                Kickstart happy vibes
                                                            
                                                            SHOP NOW 


                                                        
                                                    
                                                            
                                                            Mood Boost",Internal Page,Follow,ERR,,html,No,2,100.00
https://neomwellbeing.com/products/happiness-luxury-scented-candle,https://neomwellbeing.com/collections/scent-to-boost-your-energy,"Energy Boost
                                                                Supercharge you
                                                            
                                                            SHOP NOW 


                                                        
                                                    
                                                            
                                                            Energy Boost",Internal Page,Follow,ERR,,html,No,2,100.00
https://neomwellbeing.com/products/happiness-luxury-scented-candle,https://neomwellbeing.com/pages/wellbeing-gifts,Gifts By Occasion,Internal Page,Follow,ERR,,html,No,2,100.00
https://neomwellbeing.com/products/happiness-luxury-scented-candle,https://neomwellbeing.com/collections/birthday-gifts,Birthday Gifts,Internal Page,Follow,ERR,,html,No,2,100.00
https://neomwellbeing.com/products/happiness-luxury-scented-candle,https://neomwellbeing.com/collections/parent-to-be-gifts,Parent to Be Gifts,Internal Page,Follow,ERR,,html,No,2,100.00
https://neomwellbeing.com/products/happiness-luxury-scented-candle,https://neomwellbeing.com/collections/thank-you-gifts,Thank You Gifts,Internal Page,Follow,ERR,,html,No,2,100.00
https://neomwellbeing.com/products/happiness-luxury-scented-candle,https://neomwellbeing.com/collections/just-because,Just Because Gifts,Internal Page,Follow,ERR,,html,No,2,100.00
https://neomwellbeing.com/products/happiness-luxury-scented-candle,https://neomwellbeing.com/collections/gifts-for-her,Gifts For Her,Internal Page,Follow,ERR,,html,No,2,100.00
https://neomwellbeing.com/products/happiness-luxury-scented-candle,https://neomwellbeing.com/collections/gifts-little-luxuries,Gifts Under £25,Internal Page,Follow,ERR,,html,No,2,100.00
https://neomwellbeing.com/products/happiness-luxury-scented-candle,https://neomwellbeing.com/collections/special-moments,Gifts Under £50,Internal Page,Follow,ERR,,html,No,2,100.00
https://neomwellbeing.com/products/happiness-luxury-scented-candle,https://neomwellbeing.com/collections/ultimate-gifts,Gifts Under £100,Internal Page,Follow,ERR,,html,No,2,100.00
https://neomwellbeing.com/products/happiness-luxury-scented-candle,https://neomwellbeing.com/collections/luxury-gifts,Luxury Gifts,Internal Page,Follow,ERR,,html,No,2,100.00
https://neomwellbeing.com/products/happiness-luxury-scented-candle,https://neomwellbeing.com/collections/gift-boxes-and-gift-bags,Gift Services,Internal Page,Follow,ERR,,html,No,2,100.00
https://neomwellbeing.com/products/happiness-luxury-scented-candle,https://neomwellbeing.com/pages/build-a-wellbeing-gift,Build A Gift & Save 20%,Internal Page,Follow,ERR,,html,No,2,100.00
https://neomwellbeing.com/products/happiness-luxury-scented-candle,https://neomwellbeing.com/products/neom-gift-cards,Digital Gift Cards,Internal Page,Follow,ERR,,html,No,2,100.00
https://neomwellbeing.com/products/happiness-luxury-scented-candle,https://neomwellbeing.com/pages/corporate-gifting,Corporate Gifting,Internal Page,Follow,ERR,,html,No,2,100.00
https://neomwellbeing.com/products/happiness-luxury-scented-candle,https://neomwellbeing.com/collections/wellbeing-outlet,"Wellbeing Outlet
                                                                Save on natural favourites
                                                            
                                                            SHOP NOW 


                                                        
                                                    
                                                            
                                                            Wellbeing Outlet",Internal Page,Follow,ERR,,html,No,2,100.00
https://neomwellbeing.com/products/happiness-luxury-scented-candle,https://neomwellbeing.com/collections/supercharged-collections-with-a-saving,"Bundle & Save
                                                                Find the perfect routine
                                                            
                                                            SHOP NOW 


                                                        
                                                    
                                                            
                                                            Bundle & Save",Internal Page,Follow,ERR,,html,No,2,100.00
https://neomwellbeing.com/products/happiness-luxury-scented-candle,https://neomwellbeing.com/pages/neom-points,Loyalty,Internal Page,Follow,ERR,,html,No,2,100.00
https://neomwellbeing.com/products/happiness-luxury-scented-candle,https://neomwellbeing.com/pages/our-locations,Our Locations,Internal Page,Follow,ERR,,html,No,2,100.00
https://neomwellbeing.com/products/happiness-luxury-scented-candle,https://neomwellbeing.com/pages/careers,Careers,Internal Page,Follow,ERR,,html,No,2,100.00
https://neomwellbeing.com/products/happiness-luxury-scented-candle,https://neomwellbeing.com/blogs/wellbeing,Wellbeing Tips,Internal Page,Follow,ERR,,html,No,2,100.00
https://neomwellbeing.com/products/happiness-luxury-scented-candle,https://neomwellbeing.com/pages/charity-partnerships,Charity Partnership,Internal Page,Follow,ERR,,html,No,2,100.00
https://neomwellbeing.com/products/happiness-luxury-scented-candle,https://neomwellbeing.com/pages/awards,Awards,Internal Page,Follow,ERR,,html,No,2,100.00
https://neomwellbeing.com/products/happiness-luxury-scented-candle,https://neomwellbeing.com/pages/sustainability,"Our Commitment
                                                            LEARN MORE 


                                                        
                                                    
                                                            
                                                            Our Commitment",Internal Page,Follow,ERR,,html,No,2,100.00
https://neomwellbeing.com/products/happiness-luxury-scented-candle,https://neomwellbeing.com/pages/wishlist,,Internal Page,Follow,ERR,,html,No,2,80.00
https://neomwellbeing.com/products/happiness-luxury-scented-candle,https://neomwellbeing.com/,,Internal Page,Follow,ERR,,html,No,0,80.00
https://neomwellbeing.com/products/happiness-luxury-scented-candle,https://neomwellbeing.com/account/login,Sign in,Internal Page,Follow,ERR,,html,No,2,100.00
https://neomwellbeing.com/products/happiness-luxury-scented-candle,https://neomwellbeing.com/pages/shop-by-wellbeing-range,Wellbeing Concern,Internal Page,Follow,ERR,,html,No,2,100.00
https://neomwellbeing.com/products/happiness-luxury-scented-candle,https://neomwellbeing.com/collections/gift-sets,Gifts,Internal Page,Follow,ERR,,html,No,2,100.00
https://neomwellbeing.com/products/happiness-luxury-scented-candle,https://neomwellbeing.com/pages/about-us,About Us,Internal Page,Follow,ERR,,html,No,2,100.00
https://neomwellbeing.com/products/happiness-luxury-scented-candle,https://neomwellbeing.com/products/black-stainless-steel-wick-trimmer,The perfect partner for your NEOM candle... our exclusive Wick Trimmer keeps your candle burning cleanly and evenly. Shop now.,Internal Page,Follow,ERR,,html,No,2,100.00
https://neomwellbeing.com/products/happiness-luxury-scented-candle,https://neomwellbeing.com/products/happiness-standard-scented-candle,Happiness Scented Candle (1 Wick),Internal Page,Follow,ERR,,html,No,2,100.00
https://neomwellbeing.com/products/happiness-luxury-scented-candle,https://neomwellbeing.com/products/happiness-travel-scented-candle,Happiness Scented Candle (Travel),Internal Page,Follow,ERR,,html,No,2,100.00
https://neomwellbeing.com/products/happiness-luxury-scented-candle,https://neomwellbeing.com/products/complete-bliss-luxury-scented-candle,,Internal Page,Follow,ERR,,html,No,2,80.00
https://neomwellbeing.com/products/happiness-luxury-scented-candle,https://neomwellbeing.com/products/real-luxury-scented-candle,,Internal Page,Follow,ERR,,html,No,2,80.00
https://neomwellbeing.com/products/happiness-luxury-scented-candle,https://neomwellbeing.com/products/great-day-wonder-balm,,Internal Page,Follow,ERR,,html,No,2,80.00
https://neomwellbeing.com/products/happiness-luxury-scented-candle,https://neomwellbeing.com/products/feel-refreshed-luxury-scented-candle,,Internal Page,Follow,ERR,,html,No,2,80.00
https://neomwellbeing.com/products/happiness-luxury-scented-candle,https://neomwellbeing.com/products/feel-refreshed-standard-scented-candle,,Internal Page,Follow,ERR,,html,No,2,80.00
https://neomwellbeing.com/products/happiness-luxury-scented-candle,https://neomwellbeing.com/products/wellbeing-candle-trio,,Internal Page,Follow,ERR,,html,No,2,80.00
https://neomwellbeing.com/products/happiness-luxury-scented-candle,https://neomwellbeing.com/products/the-mood-boosting-routine,,Internal Page,Follow,ERR,,html,No,2,80.00
https://neomwellbeing.com/products/happiness-luxury-scented-candle,https://neomwellbeing.com/products/happiness-pod-starter-pack,,Internal Page,Follow,ERR,,html,No,2,80.00
https://neomwellbeing.com/products/happiness-luxury-scented-candle,https://neomwellbeing.com/pages/postage,,Internal Page,Follow,ERR,,html,No,2,80.00
https://neomwellbeing.com/products/happiness-luxury-scented-candle,https://neomwellbeing.com/pages/contact-us,,Internal Page,Follow,ERR,,html,No,2,80.00
https://neomwellbeing.com/products/happiness-luxury-scented-candle,https://neomwellbeing.com/pages/proud-to-be-b-corp,Proud to be B Corp,Internal Page,Follow,ERR,,html,No,2,100.00
https://neomwellbeing.com/products/happiness-luxury-scented-candle,https://neomwellbeing.com/pages/directors-shareholders,Our Directors,Internal Page,Follow,ERR,,html,No,2,100.00
https://neomwellbeing.com/products/happiness-luxury-scented-candle,https://neomwellbeing.com/pages/seo-reviews,Reviews,Internal Page,Follow,ERR,,html,No,2,100.00
https://neomwellbeing.com/products/happiness-luxury-scented-candle,https://neomwellbeing.com/pages/refer-a-friend,Refer a Friend,Internal Page,Follow,ERR,,html,No,2,100.00
https://neomwellbeing.com/products/happiness-luxury-scented-candle,https://neomwellbeing.com/pages/subscriptions,Subscriptions,Internal Page,Follow,ERR,,html,No,2,100.00
https://neomwellbeing.com/products/happiness-luxury-scented-candle,https://neomwellbeing.com/pages/become-a-neom-partner,Become a NEOM Partner,Internal Page,Follow,ERR,,html,No,2,100.00
https://neomwellbeing.com/products/happiness-luxury-scented-candle,https://neomwellbeing.com/pages/neom-ambassadors,NEOM Ambassadors,Internal Page,Follow,ERR,,html,No,2,100.00
https://neomwellbeing.com/products/happiness-luxury-scented-candle,https://neomwellbeing.com/pages/black-friday,Black Friday,Internal Page,Follow,ERR,,html,No,2,100.00
https://neomwellbeing.com/products/happiness-luxury-scented-candle,https://neomwellbeing.com/pages/blue-light-card-discounts,NHS & Key Worker Discounts,Internal Page,Follow,ERR,,html,No,2,100.00
https://neomwellbeing.com/products/happiness-luxury-scented-candle,https://neomwellbeing.com/pages/terms-conditions,Terms & Conditions,Internal Page,Follow,ERR,,html,No,2,100.00
https://neomwellbeing.com/products/happiness-luxury-scented-candle,https://neomwellbeing.com/pages/modern-slavery-statement,Modern Slavery Statement,Internal Page,Follow,ERR,,html,No,2,100.00
https://neomwellbeing.com/products/happiness-luxury-scented-candle,https://neomwellbeing.com/pages/privacy-policy,Privacy Policy,Internal Page,Follow,ERR,,html,No,2,100.00
https://neomwellbeing.com/products/happiness-luxury-scented-candle,https://neomwellbeing.com/pages/cookie-policy,Cookie Policy,Internal Page,Follow,ERR,,html,No,2,100.00
https://neomwellbeing.com/products/happiness-luxury-scented-candle,https://neomwellbeing.com/pages/sitemap,Sitemap,Internal Page,Follow,ERR,,html,No,2,100.00
https://neomwellbeing.com/products/happiness-luxury-scented-candle,https://neomwellbeing.com/blogs/sleep,The Better Sleep Hub,Internal Page,Follow,ERR,,html,No,2,100.00
https://neomwellbeing.com/products/happiness-luxury-scented-candle,https://neomwellbeing.com/blogs/stress,The Less Stress Hub,Internal Page,Follow,ERR,,html,No,2,100.00
https://neomwellbeing.com/products/happiness-luxury-scented-candle,https://neomwellbeing.com/blogs/mood,The Mood-Boosting Hub,Internal Page,Follow,ERR,,html,No,2,100.00
https://neomwellbeing.com/products/happiness-luxury-scented-candle,https://neomwellbeing.com/blogs/energy,The More Energy Hub,Internal Page,Follow,ERR,,html,No,2,100.00
https://neomwellbeing.com/products/happiness-luxury-scented-candle,https://neomwellbeing.com/blogs/news,Trending & News,Internal Page,Follow,ERR,,html,No,2,100.00
https://neomwellbeing.com/products/happiness-luxury-scented-candle,https://neomwellbeing.com/blogs/product-advice,Product Advice & Gift Guides,Internal Page,Follow,ERR,,html,No,2,100.00
https://neomwellbeing.com/products/perfect-nights-sleep-bath-foam,https://neomwellbeing.com/products/perfect-nights-sleep-bath-foam,Skip to content,Internal Page,Follow,ERR,,html,No,2,100.00
https://neomwellbeing.com/products/perfect-nights-sleep-bath-foam,https://neomwellbeing.com/cart,CONTINUE TO CHECKOUT,Internal Page,Follow,ERR,,html,No,1,100.00
https://neomwellbeing.com/products/perfect-nights-sleep-bath-foam,https://neomwellbeing.com/collections/body-wash,NEW BODY WASHES. SHOP NOW.,Internal Page,Follow,ERR,,html,No,2,100.00
https://neomwellbeing.com/products/perfect-nights-sleep-bath-foam,https://neomwellbeing.com/collections/gift-with-purchase,FREE GIFTS WITH ORDERS £65+,Internal Page,Follow,ERR,,html,No,2,100.00
https://neomwellbeing.com/products/perfect-nights-sleep-bath-foam,https://neomwellbeing.com/collections/bestsellers,FREE  STANDARD UK DELIVERY ON ORDERS £60+,Internal Page,Follow,ERR,,html,No,2,100.00
https://neomwellbeing.com/products/perfect-nights-sleep-bath-foam,https://neomwellbeing.com/collections/essential-oil-blends,"Essential Oil Blends
                                                                Luxury essential oils
                                                            
                                                            SHOP OILS 


                                                        
                                                    
                                                            
                                                            Essential Oil Blends",Internal Page,Follow,ERR,,html,No,2,100.00
https://neomwellbeing.com/products/perfect-nights-sleep-bath-foam,https://neomwellbeing.com/collections/the-wellbeing-pod-mini,"Wellbeing Pod Mini+
                                                                To scent small spaces
                                                            
                                                            SHOP POD MINI+ 


                                                        
                                                    
                                                            
                                                            Wellbeing Pod Mini+",Internal Page,Follow,ERR,,html,No,2,100.00
https://neomwellbeing.com/products/perfect-nights-sleep-bath-foam,https://neomwellbeing.com/collections/the-wellbeing-pod,"Wellbeing Pod
                                                                To scent medium spaces
                                                            
                                                            SHOP POD 


                                                        
                                                    
                                                            
                                                            Wellbeing Pod",Internal Page,Follow,ERR,,html,No,2,100.00
https://neomwellbeing.com/products/perfect-nights-sleep-bath-foam,https://neomwellbeing.com/collections/wellbeing-pod-luxe,"Wellbeing Pod Luxe
                                                                To scent large spaces
                                                            
                                                            SHOP POD LUXE 


                                                        
                                                    
                                                            
                                                            Wellbeing Pod Luxe",Internal Page,Follow,ERR,,html,No,2,100.00
https://neomwellbeing.com/products/perfect-nights-sleep-bath-foam,https://neomwellbeing.com/collections/home-fragrance,Shop All Home Fragrance,Internal Page,Follow,ERR,,html,No,2,100.00
https://neomwellbeing.com/products/perfect-nights-sleep-bath-foam,https://neomwellbeing.com/collections/reed-diffusers,Reed Diffusers,Internal Page,Follow,ERR,,html,No,2,100.00
https://neomwellbeing.com/products/perfect-nights-sleep-bath-foam,https://neomwellbeing.com/collections/candles,Candles,Internal Page,Follow,ERR,,html,No,2,100.00
https://neomwellbeing.com/products/perfect-nights-sleep-bath-foam,https://neomwellbeing.com/collections/electric-diffusers,Wellbeing Pods,Internal Page,Follow,ERR,,html,No,2,100.00
https://neomwellbeing.com/products/perfect-nights-sleep-bath-foam,https://neomwellbeing.com/collections/mists,Room Spray,Internal Page,Follow,ERR,,html,No,2,100.00
https://neomwellbeing.com/products/perfect-nights-sleep-bath-foam,https://neomwellbeing.com/collections/sleep-mist,Sleep Mist,Internal Page,Follow,ERR,,html,No,2,100.00
https://neomwellbeing.com/products/perfect-nights-sleep-bath-foam,https://neomwellbeing.com/collections/bath-body,Shop All Bath & Body,Internal Page,Follow,ERR,,html,No,2,100.00
https://neomwellbeing.com/products/perfect-nights-sleep-bath-foam,https://neomwellbeing.com/collections/bath-oils-foams,Bath Foams & Milks,Internal Page,Follow,ERR,,html,No,2,100.00
https://neomwellbeing.com/products/perfect-nights-sleep-bath-foam,https://neomwellbeing.com/collections/body-oils-scrubs,"Body Oils, Milks, Scrubs & Polish",Internal Page,Follow,ERR,,html,No,2,100.00
https://neomwellbeing.com/products/perfect-nights-sleep-bath-foam,https://neomwellbeing.com/collections/travel,Travel Size,Internal Page,Follow,ERR,,html,No,2,100.00
https://neomwellbeing.com/products/perfect-nights-sleep-bath-foam,https://neomwellbeing.com/collections/body-washes-lotions,"Hand Balms, Washes & Lotions",Internal Page,Follow,ERR,,html,No,2,100.00
https://neomwellbeing.com/products/perfect-nights-sleep-bath-foam,https://neomwellbeing.com/collections/body-butter,Magnesium Body Butters,Internal Page,Follow,ERR,,html,No,2,100.00
https://neomwellbeing.com/products/perfect-nights-sleep-bath-foam,https://neomwellbeing.com/collections/essential-oil-roll-on-pulse-points,Essential Oil Roll-On Pens,Internal Page,Follow,ERR,,html,No,2,100.00
https://neomwellbeing.com/products/perfect-nights-sleep-bath-foam,https://neomwellbeing.com/collections/massage-candles,Massage Candles,Internal Page,Follow,ERR,,html,No,2,100.00
https://neomwellbeing.com/products/perfect-nights-sleep-bath-foam,https://neomwellbeing.com/collections/magnesium,Magnesium,Internal Page,Follow,ERR,,html,No,2,100.00
https://neomwellbeing.com/products/perfect-nights-sleep-bath-foam,https://neomwellbeing.com/collections/super-shower-power-shampoo-conditioner,Shop All Haircare,Internal Page,Follow,ERR,,html,No,2,100.00
https://neomwellbeing.com/products/perfect-nights-sleep-bath-foam,https://neomwellbeing.com/collections/hair-skincare,Shop All Skincare,Internal Page,Follow,ERR,,html,No,2,100.00
https://neomwellbeing.com/products/perfect-nights-sleep-bath-foam,https://neomwellbeing.com/collections/wonder-balm,Wonder Balms,Internal Page,Follow,ERR,,html,No,2,100.00
https://neomwellbeing.com/products/perfect-nights-sleep-bath-foam,https://neomwellbeing.com/collections/cleansing-balm,Cleansers,Internal Page,Follow,ERR,,html,No,2,100.00
https://neomwellbeing.com/products/perfect-nights-sleep-bath-foam,https://neomwellbeing.com/collections/energising-face-mist,Face Mist,Internal Page,Follow,ERR,,html,No,2,100.00
https://neomwellbeing.com/products/perfect-nights-sleep-bath-foam,https://neomwellbeing.com/collections/scent-to-sleep,"Better Sleep
                                                                Stop, breathe, sleep
                                                            
                                                            SHOP NOW 


                                                        
                                                    
                                                            
                                                            Better Sleep",Internal Page,Follow,ERR,,html,No,2,100.00
https://neomwellbeing.com/products/perfect-nights-sleep-bath-foam,https://neomwellbeing.com/collections/scent-to-de-stress,"Less Stress
                                                                Feel the tension lift
                                                            
                                                            SHOP NOW 


                                                        
                                                    
                                                            
                                                            Less Stress",Internal Page,Follow,ERR,,html,No,2,100.00
https://neomwellbeing.com/products/perfect-nights-sleep-bath-foam,https://neomwellbeing.com/collections/scent-to-make-you-happy,"Mood Boost
                                                                Kickstart happy vibes
                                                            
                                                            SHOP NOW 


                                                        
                                                    
                                                            
                                                            Mood Boost",Internal Page,Follow,ERR,,html,No,2,100.00
https://neomwellbeing.com/products/perfect-nights-sleep-bath-foam,https://neomwellbeing.com/collections/scent-to-boost-your-energy,"Energy Boost
                                                                Supercharge you
                                                            
                                                            SHOP NOW 


                                                        
                                                    
                                                            
                                                            Energy Boost",Internal Page,Follow,ERR,,html,No,2,100.00
https://neomwellbeing.com/products/perfect-nights-sleep-bath-foam,https://neomwellbeing.com/pages/wellbeing-gifts,Gifts By Occasion,Internal Page,Follow,ERR,,html,No,2,100.00
https://neomwellbeing.com/products/perfect-nights-sleep-bath-foam,https://neomwellbeing.com/collections/birthday-gifts,Birthday Gifts,Internal Page,Follow,ERR,,html,No,2,100.00
https://neomwellbeing.com/products/perfect-nights-sleep-bath-foam,https://neomwellbeing.com/collections/parent-to-be-gifts,Parent to Be Gifts,Internal Page,Follow,ERR,,html,No,2,100.00
https://neomwellbeing.com/products/perfect-nights-sleep-bath-foam,https://neomwellbeing.com/collections/thank-you-gifts,Thank You Gifts,Internal Page,Follow,ERR,,html,No,2,100.00
https://neomwellbeing.com/products/perfect-nights-sleep-bath-foam,https://neomwellbeing.com/collections/just-because,Just Because Gifts,Internal Page,Follow,ERR,,html,No,2,100.00
https://neomwellbeing.com/products/perfect-nights-sleep-bath-foam,https://neomwellbeing.com/collections/gifts-for-her,Gifts For Her,Internal Page,Follow,ERR,,html,No,2,100.00
https://neomwellbeing.com/products/perfect-nights-sleep-bath-foam,https://neomwellbeing.com/collections/gifts-little-luxuries,Gifts Under £25,Internal Page,Follow,ERR,,html,No,2,100.00
https://neomwellbeing.com/products/perfect-nights-sleep-bath-foam,https://neomwellbeing.com/collections/special-moments,Gifts Under £50,Internal Page,Follow,ERR,,html,No,2,100.00
https://neomwellbeing.com/products/perfect-nights-sleep-bath-foam,https://neomwellbeing.com/collections/ultimate-gifts,Gifts Under £100,Internal Page,Follow,ERR,,html,No,2,100.00
https://neomwellbeing.com/products/perfect-nights-sleep-bath-foam,https://neomwellbeing.com/collections/luxury-gifts,Luxury Gifts,Internal Page,Follow,ERR,,html,No,2,100.00
https://neomwellbeing.com/products/perfect-nights-sleep-bath-foam,https://neomwellbeing.com/collections/gift-boxes-and-gift-bags,Gift Services,Internal Page,Follow,ERR,,html,No,2,100.00
https://neomwellbeing.com/products/perfect-nights-sleep-bath-foam,https://neomwellbeing.com/pages/build-a-wellbeing-gift,Build A Gift & Save 20%,Internal Page,Follow,ERR,,html,No,2,100.00
https://neomwellbeing.com/products/perfect-nights-sleep-bath-foam,https://neomwellbeing.com/products/neom-gift-cards,Digital Gift Cards,Internal Page,Follow,ERR,,html,No,2,100.00
https://neomwellbeing.com/products/perfect-nights-sleep-bath-foam,https://neomwellbeing.com/pages/corporate-gifting,Corporate Gifting,Internal Page,Follow,ERR,,html,No,2,100.00
https://neomwellbeing.com/products/perfect-nights-sleep-bath-foam,https://neomwellbeing.com/collections/wellbeing-outlet,"Wellbeing Outlet
                                                                Save on natural favourites
                                                            
                                                            SHOP NOW 


                                                        
                                                    
                                                            
                                                            Wellbeing Outlet",Internal Page,Follow,ERR,,html,No,2,100.00
https://neomwellbeing.com/products/perfect-nights-sleep-bath-foam,https://neomwellbeing.com/collections/supercharged-collections-with-a-saving,"Bundle & Save
                                                                Find the perfect routine
                                                            
                                                            SHOP NOW 


                                                        
                                                    
                                                            
                                                            Bundle & Save",Internal Page,Follow,ERR,,html,No,2,100.00
https://neomwellbeing.com/products/perfect-nights-sleep-bath-foam,https://neomwellbeing.com/pages/neom-points,Loyalty,Internal Page,Follow,ERR,,html,No,2,100.00
https://neomwellbeing.com/products/perfect-nights-sleep-bath-foam,https://neomwellbeing.com/pages/our-locations,Our Locations,Internal Page,Follow,ERR,,html,No,2,100.00
https://neomwellbeing.com/products/perfect-nights-sleep-bath-foam,https://neomwellbeing.com/pages/careers,Careers,Internal Page,Follow,ERR,,html,No,2,100.00
https://neomwellbeing.com/products/perfect-nights-sleep-bath-foam,https://neomwellbeing.com/blogs/wellbeing,Wellbeing Tips,Internal Page,Follow,ERR,,html,No,2,100.00
https://neomwellbeing.com/products/perfect-nights-sleep-bath-foam,https://neomwellbeing.com/pages/charity-partnerships,Charity Partnership,Internal Page,Follow,ERR,,html,No,2,100.00
https://neomwellbeing.com/products/perfect-nights-sleep-bath-foam,https://neomwellbeing.com/pages/awards,Awards,Internal Page,Follow,ERR,,html,No,2,100.00
https://neomwellbeing.com/products/perfect-nights-sleep-bath-foam,https://neomwellbeing.com/pages/sustainability,"Our Commitment
                                                            LEARN MORE 


                                                        
                                                    
                                                            
                                                            Our Commitment",Internal Page,Follow,ERR,,html,No,2,100.00
https://neomwellbeing.com/products/perfect-nights-sleep-bath-foam,https://neomwellbeing.com/pages/wishlist,,Internal Page,Follow,ERR,,html,No,2,80.00
https://neomwellbeing.com/products/perfect-nights-sleep-bath-foam,https://neomwellbeing.com/,,Internal Page,Follow,ERR,,html,No,0,80.00
https://neomwellbeing.com/products/perfect-nights-sleep-bath-foam,https://neomwellbeing.com/account/login,Sign in,Internal Page,Follow,ERR,,html,No,2,100.00
https://neomwellbeing.com/products/perfect-nights-sleep-bath-foam,https://neomwellbeing.com/pages/shop-by-wellbeing-range,Wellbeing Concern,Internal Page,Follow,ERR,,html,No,2,100.00
https://neomwellbeing.com/products/perfect-nights-sleep-bath-foam,https://neomwellbeing.com/collections/gift-sets,Gifts,Internal Page,Follow,ERR,,html,No,2,100.00
https://neomwellbeing.com/products/perfect-nights-sleep-bath-foam,https://neomwellbeing.com/pages/about-us,About Us,Internal Page,Follow,ERR,,html,No,2,100.00
https://neomwellbeing.com/products/perfect-nights-sleep-bath-foam,https://neomwellbeing.com/products/real-luxury-bath-foam,Real Luxury Bath Foam 200ml,Internal Page,Follow,ERR,,html,No,2,100.00
https://neomwellbeing.com/products/perfect-nights-sleep-bath-foam,https://neomwellbeing.com/products/perfect-nights-sleep-bath-foam-50ml,Perfect Night's Sleep Bath Foam 50ml,Internal Page,Follow,ERR,,html,No,2,100.00
https://neomwellbeing.com/products/perfect-nights-sleep-bath-foam,https://neomwellbeing.com/products/perfect-night-sleep-essential-oil-blend-10ml,,Internal Page,Follow,ERR,,html,No,2,80.00
https://neomwellbeing.com/products/perfect-nights-sleep-bath-foam,https://neomwellbeing.com/products/perfect-nights-sleep-wonder-balm,,Internal Page,Follow,ERR,,html,No,2,80.00
https://neomwellbeing.com/products/perfect-nights-sleep-bath-foam,https://neomwellbeing.com/products/perfect-nights-sleep-travel-scented-candle,,Internal Page,Follow,ERR,,html,No,2,80.00
https://neomwellbeing.com/products/perfect-nights-sleep-bath-foam,https://neomwellbeing.com/products/real-luxury-magnesium-bath-milk-300ml,,Internal Page,Follow,ERR,,html,No,2,80.00
https://neomwellbeing.com/products/perfect-nights-sleep-bath-foam,https://neomwellbeing.com/products/perfect-nights-sleep-magnesium-bath-milk,,Internal Page,Follow,ERR,,html,No,2,80.00
https://neomwellbeing.com/products/perfect-nights-sleep-bath-foam,https://neomwellbeing.com/products/perfect-nights-sleep-magnesium-body-butter,,Internal Page,Follow,ERR,,html,No,2,80.00
https://neomwellbeing.com/products/perfect-nights-sleep-bath-foam,https://neomwellbeing.com/products/perfect-nights-sleep-wellbeing-discovery-collection,,Internal Page,Follow,ERR,,html,No,2,80.00
https://neomwellbeing.com/products/perfect-nights-sleep-bath-foam,https://neomwellbeing.com/products/perfect-nights-sleep-hand-balm-30ml,,Internal Page,Follow,ERR,,html,No,2,80.00
https://neomwellbeing.com/products/perfect-nights-sleep-bath-foam,https://neomwellbeing.com/pages/postage,,Internal Page,Follow,ERR,,html,No,2,80.00
https://neomwellbeing.com/products/perfect-nights-sleep-bath-foam,https://neomwellbeing.com/pages/contact-us,,Internal Page,Follow,ERR,,html,No,2,80.00
https://neomwellbeing.com/products/perfect-nights-sleep-bath-foam,https://neomwellbeing.com/pages/proud-to-be-b-corp,Proud to be B Corp,Internal Page,Follow,ERR,,html,No,2,100.00
https://neomwellbeing.com/products/perfect-nights-sleep-bath-foam,https://neomwellbeing.com/pages/directors-shareholders,Our Directors,Internal Page,Follow,ERR,,html,No,2,100.00
https://neomwellbeing.com/products/perfect-nights-sleep-bath-foam,https://neomwellbeing.com/pages/seo-reviews,Reviews,Internal Page,Follow,ERR,,html,No,2,100.00
https://neomwellbeing.com/products/perfect-nights-sleep-bath-foam,https://neomwellbeing.com/pages/refer-a-friend,Refer a Friend,Internal Page,Follow,ERR,,html,No,2,100.00
https://neomwellbeing.com/products/perfect-nights-sleep-bath-foam,https://neomwellbeing.com/pages/subscriptions,Subscriptions,Internal Page,Follow,ERR,,html,No,2,100.00
https://neomwellbeing.com/products/perfect-nights-sleep-bath-foam,https://neomwellbeing.com/pages/become-a-neom-partner,Become a NEOM Partner,Internal Page,Follow,ERR,,html,No,2,100.00
https://neomwellbeing.com/products/perfect-nights-sleep-bath-foam,https://neomwellbeing.com/pages/neom-ambassadors,NEOM Ambassadors,Internal Page,Follow,ERR,,html,No,2,100.00
https://neomwellbeing.com/products/perfect-nights-sleep-bath-foam,https://neomwellbeing.com/pages/black-friday,Black Friday,Internal Page,Follow,ERR,,html,No,2,100.00
https://neomwellbeing.com/products/perfect-nights-sleep-bath-foam,https://neomwellbeing.com/pages/blue-light-card-discounts,NHS & Key Worker Discounts,Internal Page,Follow,ERR,,html,No,2,100.00
https://neomwellbeing.com/products/perfect-nights-sleep-bath-foam,https://neomwellbeing.com/pages/terms-conditions,Terms & Conditions,Internal Page,Follow,ERR,,html,No,2,100.00
https://neomwellbeing.com/products/perfect-nights-sleep-bath-foam,https://neomwellbeing.com/pages/modern-slavery-statement,Modern Slavery Statement,Internal Page,Follow,ERR,,html,No,2,100.00
https://neomwellbeing.com/products/perfect-nights-sleep-bath-foam,https://neomwellbeing.com/pages/privacy-policy,Privacy Policy,Internal Page,Follow,ERR,,html,No,2,100.00
https://neomwellbeing.com/products/perfect-nights-sleep-bath-foam,https://neomwellbeing.com/pages/cookie-policy,Cookie Policy,Internal Page,Follow,ERR,,html,No,2,100.00
https://neomwellbeing.com/products/perfect-nights-sleep-bath-foam,https://neomwellbeing.com/pages/sitemap,Sitemap,Internal Page,Follow,ERR,,html,No,2,100.00
https://neomwellbeing.com/products/perfect-nights-sleep-bath-foam,https://neomwellbeing.com/blogs/sleep,The Better Sleep Hub,Internal Page,Follow,ERR,,html,No,2,100.00
https://neomwellbeing.com/products/perfect-nights-sleep-bath-foam,https://neomwellbeing.com/blogs/stress,The Less Stress Hub,Internal Page,Follow,ERR,,html,No,2,100.00
https://neomwellbeing.com/products/perfect-nights-sleep-bath-foam,https://neomwellbeing.com/blogs/mood,The Mood-Boosting Hub,Internal Page,Follow,ERR,,html,No,2,100.00
https://neomwellbeing.com/products/perfect-nights-sleep-bath-foam,https://neomwellbeing.com/blogs/energy,The More Energy Hub,Internal Page,Follow,ERR,,html,No,2,100.00
https://neomwellbeing.com/products/perfect-nights-sleep-bath-foam,https://neomwellbeing.com/blogs/news,Trending & News,Internal Page,Follow,ERR,,html,No,2,100.00
https://neomwellbeing.com/products/perfect-nights-sleep-bath-foam,https://neomwellbeing.com/blogs/product-advice,Product Advice & Gift Guides,Internal Page,Follow,ERR,,html,No,2,100.00
https://neomwellbeing.com/products/real-luxury-bath-foam,https://neomwellbeing.com/products/real-luxury-bath-foam,Skip to content,Internal Page,Follow,ERR,,html,No,2,100.00
https://neomwellbeing.com/products/real-luxury-bath-foam,https://neomwellbeing.com/cart,CONTINUE TO CHECKOUT,Internal Page,Follow,ERR,,html,No,1,100.00
https://neomwellbeing.com/products/real-luxury-bath-foam,https://neomwellbeing.com/collections/body-wash,NEW BODY WASHES. SHOP NOW.,Internal Page,Follow,ERR,,html,No,2,100.00
https://neomwellbeing.com/products/real-luxury-bath-foam,https://neomwellbeing.com/collections/gift-with-purchase,FREE GIFTS WITH ORDERS £65+,Internal Page,Follow,ERR,,html,No,2,100.00
https://neomwellbeing.com/products/real-luxury-bath-foam,https://neomwellbeing.com/collections/bestsellers,FREE  STANDARD UK DELIVERY ON ORDERS £60+,Internal Page,Follow,ERR,,html,No,2,100.00
https://neomwellbeing.com/products/real-luxury-bath-foam,https://neomwellbeing.com/collections/essential-oil-blends,"Essential Oil Blends
                                                                Luxury essential oils
                                                            
                                                            SHOP OILS 


                                                        
                                                    
                                                            
                                                            Essential Oil Blends",Internal Page,Follow,ERR,,html,No,2,100.00
https://neomwellbeing.com/products/real-luxury-bath-foam,https://neomwellbeing.com/collections/the-wellbeing-pod-mini,"Wellbeing Pod Mini+
                                                                To scent small spaces
                                                            
                                                            SHOP POD MINI+ 


                                                        
                                                    
                                                            
                                                            Wellbeing Pod Mini+",Internal Page,Follow,ERR,,html,No,2,100.00
https://neomwellbeing.com/products/real-luxury-bath-foam,https://neomwellbeing.com/collections/the-wellbeing-pod,"Wellbeing Pod
                                                                To scent medium spaces
                                                            
                                                            SHOP POD 


                                                        
                                                    
                                                            
                                                            Wellbeing Pod",Internal Page,Follow,ERR,,html,No,2,100.00
https://neomwellbeing.com/products/real-luxury-bath-foam,https://neomwellbeing.com/collections/wellbeing-pod-luxe,"Wellbeing Pod Luxe
                                                                To scent large spaces
                                                            
                                                            SHOP POD LUXE 


                                                        
                                                    
                                                            
                                                            Wellbeing Pod Luxe",Internal Page,Follow,ERR,,html,No,2,100.00
https://neomwellbeing.com/products/real-luxury-bath-foam,https://neomwellbeing.com/collections/home-fragrance,Shop All Home Fragrance,Internal Page,Follow,ERR,,html,No,2,100.00
https://neomwellbeing.com/products/real-luxury-bath-foam,https://neomwellbeing.com/collections/reed-diffusers,Reed Diffusers,Internal Page,Follow,ERR,,html,No,2,100.00
https://neomwellbeing.com/products/real-luxury-bath-foam,https://neomwellbeing.com/collections/candles,Candles,Internal Page,Follow,ERR,,html,No,2,100.00
https://neomwellbeing.com/products/real-luxury-bath-foam,https://neomwellbeing.com/collections/electric-diffusers,Wellbeing Pods,Internal Page,Follow,ERR,,html,No,2,100.00
https://neomwellbeing.com/products/real-luxury-bath-foam,https://neomwellbeing.com/collections/mists,Room Spray,Internal Page,Follow,ERR,,html,No,2,100.00
https://neomwellbeing.com/products/real-luxury-bath-foam,https://neomwellbeing.com/collections/sleep-mist,Sleep Mist,Internal Page,Follow,ERR,,html,No,2,100.00
https://neomwellbeing.com/products/real-luxury-bath-foam,https://neomwellbeing.com/collections/bath-body,Shop All Bath & Body,Internal Page,Follow,ERR,,html,No,2,100.00
https://neomwellbeing.com/products/real-luxury-bath-foam,https://neomwellbeing.com/collections/bath-oils-foams,Bath Foams & Milks,Internal Page,Follow,ERR,,html,No,2,100.00
https://neomwellbeing.com/products/real-luxury-bath-foam,https://neomwellbeing.com/collections/body-oils-scrubs,"Body Oils, Milks, Scrubs & Polish",Internal Page,Follow,ERR,,html,No,2,100.00
https://neomwellbeing.com/products/real-luxury-bath-foam,https://neomwellbeing.com/collections/travel,Travel Size,Internal Page,Follow,ERR,,html,No,2,100.00
https://neomwellbeing.com/products/real-luxury-bath-foam,https://neomwellbeing.com/collections/body-washes-lotions,"Hand Balms, Washes & Lotions",Internal Page,Follow,ERR,,html,No,2,100.00
https://neomwellbeing.com/products/real-luxury-bath-foam,https://neomwellbeing.com/collections/body-butter,Magnesium Body Butters,Internal Page,Follow,ERR,,html,No,2,100.00
https://neomwellbeing.com/products/real-luxury-bath-foam,https://neomwellbeing.com/collections/essential-oil-roll-on-pulse-points,Essential Oil Roll-On Pens,Internal Page,Follow,ERR,,html,No,2,100.00
https://neomwellbeing.com/products/real-luxury-bath-foam,https://neomwellbeing.com/collections/massage-candles,Massage Candles,Internal Page,Follow,ERR,,html,No,2,100.00
https://neomwellbeing.com/products/real-luxury-bath-foam,https://neomwellbeing.com/collections/magnesium,Magnesium,Internal Page,Follow,ERR,,html,No,2,100.00
https://neomwellbeing.com/products/real-luxury-bath-foam,https://neomwellbeing.com/collections/super-shower-power-shampoo-conditioner,Shop All Haircare,Internal Page,Follow,ERR,,html,No,2,100.00
https://neomwellbeing.com/products/real-luxury-bath-foam,https://neomwellbeing.com/collections/hair-skincare,Shop All Skincare,Internal Page,Follow,ERR,,html,No,2,100.00
https://neomwellbeing.com/products/real-luxury-bath-foam,https://neomwellbeing.com/collections/wonder-balm,Wonder Balms,Internal Page,Follow,ERR,,html,No,2,100.00
https://neomwellbeing.com/products/real-luxury-bath-foam,https://neomwellbeing.com/collections/cleansing-balm,Cleansers,Internal Page,Follow,ERR,,html,No,2,100.00
https://neomwellbeing.com/products/real-luxury-bath-foam,https://neomwellbeing.com/collections/energising-face-mist,Face Mist,Internal Page,Follow,ERR,,html,No,2,100.00
https://neomwellbeing.com/products/real-luxury-bath-foam,https://neomwellbeing.com/collections/scent-to-sleep,"Better Sleep
                                                                Stop, breathe, sleep
                                                            
                                                            SHOP NOW 


                                                        
                                                    
                                                            
                                                            Better Sleep",Internal Page,Follow,ERR,,html,No,2,100.00
https://neomwellbeing.com/products/real-luxury-bath-foam,https://neomwellbeing.com/collections/scent-to-de-stress,"Less Stress
                                                                Feel the tension lift
                                                            
                                                            SHOP NOW 


                                                        
                                                    
                                                            
                                                            Less Stress",Internal Page,Follow,ERR,,html,No,2,100.00
https://neomwellbeing.com/products/real-luxury-bath-foam,https://neomwellbeing.com/collections/scent-to-make-you-happy,"Mood Boost
                                                                Kickstart happy vibes
                                                            
                                                            SHOP NOW 


                                                        
                                                    
                                                            
                                                            Mood Boost",Internal Page,Follow,ERR,,html,No,2,100.00
https://neomwellbeing.com/products/real-luxury-bath-foam,https://neomwellbeing.com/collections/scent-to-boost-your-energy,"Energy Boost
                                                                Supercharge you
                                                            
                                                            SHOP NOW 


                                                        
                                                    
                                                            
                                                            Energy Boost",Internal Page,Follow,ERR,,html,No,2,100.00
https://neomwellbeing.com/products/real-luxury-bath-foam,https://neomwellbeing.com/pages/wellbeing-gifts,Gifts By Occasion,Internal Page,Follow,ERR,,html,No,2,100.00
https://neomwellbeing.com/products/real-luxury-bath-foam,https://neomwellbeing.com/collections/birthday-gifts,Birthday Gifts,Internal Page,Follow,ERR,,html,No,2,100.00
https://neomwellbeing.com/products/real-luxury-bath-foam,https://neomwellbeing.com/collections/parent-to-be-gifts,Parent to Be Gifts,Internal Page,Follow,ERR,,html,No,2,100.00
https://neomwellbeing.com/products/real-luxury-bath-foam,https://neomwellbeing.com/collections/thank-you-gifts,Thank You Gifts,Internal Page,Follow,ERR,,html,No,2,100.00
https://neomwellbeing.com/products/real-luxury-bath-foam,https://neomwellbeing.com/collections/just-because,Just Because Gifts,Internal Page,Follow,ERR,,html,No,2,100.00
https://neomwellbeing.com/products/real-luxury-bath-foam,https://neomwellbeing.com/collections/gifts-for-her,Gifts For Her,Internal Page,Follow,ERR,,html,No,2,100.00
https://neomwellbeing.com/products/real-luxury-bath-foam,https://neomwellbeing.com/collections/gifts-little-luxuries,Gifts Under £25,Internal Page,Follow,ERR,,html,No,2,100.00
https://neomwellbeing.com/products/real-luxury-bath-foam,https://neomwellbeing.com/collections/special-moments,Gifts Under £50,Internal Page,Follow,ERR,,html,No,2,100.00
https://neomwellbeing.com/products/real-luxury-bath-foam,https://neomwellbeing.com/collections/ultimate-gifts,Gifts Under £100,Internal Page,Follow,ERR,,html,No,2,100.00
https://neomwellbeing.com/products/real-luxury-bath-foam,https://neomwellbeing.com/collections/luxury-gifts,Luxury Gifts,Internal Page,Follow,ERR,,html,No,2,100.00
https://neomwellbeing.com/products/real-luxury-bath-foam,https://neomwellbeing.com/collections/gift-boxes-and-gift-bags,Gift Services,Internal Page,Follow,ERR,,html,No,2,100.00
https://neomwellbeing.com/products/real-luxury-bath-foam,https://neomwellbeing.com/pages/build-a-wellbeing-gift,Build A Gift & Save 20%,Internal Page,Follow,ERR,,html,No,2,100.00
https://neomwellbeing.com/products/real-luxury-bath-foam,https://neomwellbeing.com/products/neom-gift-cards,Digital Gift Cards,Internal Page,Follow,ERR,,html,No,2,100.00
https://neomwellbeing.com/products/real-luxury-bath-foam,https://neomwellbeing.com/pages/corporate-gifting,Corporate Gifting,Internal Page,Follow,ERR,,html,No,2,100.00
https://neomwellbeing.com/products/real-luxury-bath-foam,https://neomwellbeing.com/collections/wellbeing-outlet,"Wellbeing Outlet
                                                                Save on natural favourites
                                                            
                                                            SHOP NOW 


                                                        
                                                    
                                                            
                                                            Wellbeing Outlet",Internal Page,Follow,ERR,,html,No,2,100.00
https://neomwellbeing.com/products/real-luxury-bath-foam,https://neomwellbeing.com/collections/supercharged-collections-with-a-saving,"Bundle & Save
                                                                Find the perfect routine
                                                            
                                                            SHOP NOW 


                                                        
                                                    
                                                            
                                                            Bundle & Save",Internal Page,Follow,ERR,,html,No,2,100.00
https://neomwellbeing.com/products/real-luxury-bath-foam,https://neomwellbeing.com/pages/neom-points,Loyalty,Internal Page,Follow,ERR,,html,No,2,100.00
https://neomwellbeing.com/products/real-luxury-bath-foam,https://neomwellbeing.com/pages/our-locations,Our Locations,Internal Page,Follow,ERR,,html,No,2,100.00
https://neomwellbeing.com/products/real-luxury-bath-foam,https://neomwellbeing.com/pages/careers,Careers,Internal Page,Follow,ERR,,html,No,2,100.00
https://neomwellbeing.com/products/real-luxury-bath-foam,https://neomwellbeing.com/blogs/wellbeing,Wellbeing Tips,Internal Page,Follow,ERR,,html,No,2,100.00
https://neomwellbeing.com/products/real-luxury-bath-foam,https://neomwellbeing.com/pages/charity-partnerships,Charity Partnership,Internal Page,Follow,ERR,,html,No,2,100.00
https://neomwellbeing.com/products/real-luxury-bath-foam,https://neomwellbeing.com/pages/awards,Awards,Internal Page,Follow,ERR,,html,No,2,100.00
https://neomwellbeing.com/products/real-luxury-bath-foam,https://neomwellbeing.com/pages/sustainability,"Our Commitment
                                                            LEARN MORE 


                                                        
                                                    
                                                            
                                                            Our Commitment",Internal Page,Follow,ERR,,html,No,2,100.00
https://neomwellbeing.com/products/real-luxury-bath-foam,https://neomwellbeing.com/pages/wishlist,,Internal Page,Follow,ERR,,html,No,2,80.00
https://neomwellbeing.com/products/real-luxury-bath-foam,https://neomwellbeing.com/,,Internal Page,Follow,ERR,,html,No,0,80.00
https://neomwellbeing.com/products/real-luxury-bath-foam,https://neomwellbeing.com/account/login,Sign in,Internal Page,Follow,ERR,,html,No,2,100.00
https://neomwellbeing.com/products/real-luxury-bath-foam,https://neomwellbeing.com/pages/shop-by-wellbeing-range,Wellbeing Concern,Internal Page,Follow,ERR,,html,No,2,100.00
https://neomwellbeing.com/products/real-luxury-bath-foam,https://neomwellbeing.com/collections/gift-sets,Gifts,Internal Page,Follow,ERR,,html,No,2,100.00
https://neomwellbeing.com/products/real-luxury-bath-foam,https://neomwellbeing.com/pages/about-us,About Us,Internal Page,Follow,ERR,,html,No,2,100.00
https://neomwellbeing.com/products/real-luxury-bath-foam,https://neomwellbeing.com/products/perfect-nights-sleep-bath-foam,Perfect Night's Sleep Bath Foam 200ml,Internal Page,Follow,ERR,,html,No,2,100.00
https://neomwellbeing.com/products/real-luxury-bath-foam,https://neomwellbeing.com/products/perfect-nights-sleep-bath-foam-50ml,Perfect Night's Sleep Bath Foam 50ml,Internal Page,Follow,ERR,,html,No,2,100.00
https://neomwellbeing.com/products/real-luxury-bath-foam,https://neomwellbeing.com/products/real-luxury-standard-scented-candle,,Internal Page,Follow,ERR,,html,No,2,80.00
https://neomwellbeing.com/products/real-luxury-bath-foam,https://neomwellbeing.com/products/real-luxury-magnesium-bath-milk-300ml,,Internal Page,Follow,ERR,,html,No,2,80.00
https://neomwellbeing.com/products/real-luxury-bath-foam,https://neomwellbeing.com/products/real-luxury-room-spray,,Internal Page,Follow,ERR,,html,No,2,80.00
https://neomwellbeing.com/products/real-luxury-bath-foam,https://neomwellbeing.com/products/the-gift-of-bedtime-calm,,Internal Page,Follow,ERR,,html,No,2,80.00
https://neomwellbeing.com/products/real-luxury-bath-foam,https://neomwellbeing.com/products/de-stress-bath-body-set,,Internal Page,Follow,ERR,,html,No,2,80.00
https://neomwellbeing.com/products/real-luxury-bath-foam,https://neomwellbeing.com/products/perfect-nights-sleep-magnesium-body-butter-30ml,,Internal Page,Follow,ERR,,html,No,2,80.00
https://neomwellbeing.com/products/real-luxury-bath-foam,https://neomwellbeing.com/products/real-luxury-magnesium-body-butter,,Internal Page,Follow,ERR,,html,No,2,80.00
https://neomwellbeing.com/products/real-luxury-bath-foam,https://neomwellbeing.com/products/real-luxury-essential-oil-blend-10ml,,Internal Page,Follow,ERR,,html,No,2,80.00
https://neomwellbeing.com/products/real-luxury-bath-foam,https://neomwellbeing.com/products/real-luxury-body-scrub,,Internal Page,Follow,ERR,,html,No,2,80.00
https://neomwellbeing.com/products/real-luxury-bath-foam,https://neomwellbeing.com/pages/postage,,Internal Page,Follow,ERR,,html,No,2,80.00
https://neomwellbeing.com/products/real-luxury-bath-foam,https://neomwellbeing.com/pages/contact-us,,Internal Page,Follow,ERR,,html,No,2,80.00
https://neomwellbeing.com/products/real-luxury-bath-foam,https://neomwellbeing.com/pages/proud-to-be-b-corp,Proud to be B Corp,Internal Page,Follow,ERR,,html,No,2,100.00
https://neomwellbeing.com/products/real-luxury-bath-foam,https://neomwellbeing.com/pages/directors-shareholders,Our Directors,Internal Page,Follow,ERR,,html,No,2,100.00
https://neomwellbeing.com/products/real-luxury-bath-foam,https://neomwellbeing.com/pages/seo-reviews,Reviews,Internal Page,Follow,ERR,,html,No,2,100.00
https://neomwellbeing.com/products/real-luxury-bath-foam,https://neomwellbeing.com/pages/refer-a-friend,Refer a Friend,Internal Page,Follow,ERR,,html,No,2,100.00
https://neomwellbeing.com/products/real-luxury-bath-foam,https://neomwellbeing.com/pages/subscriptions,Subscriptions,Internal Page,Follow,ERR,,html,No,2,100.00
https://neomwellbeing.com/products/real-luxury-bath-foam,https://neomwellbeing.com/pages/become-a-neom-partner,Become a NEOM Partner,Internal Page,Follow,ERR,,html,No,2,100.00
https://neomwellbeing.com/products/real-luxury-bath-foam,https://neomwellbeing.com/pages/neom-ambassadors,NEOM Ambassadors,Internal Page,Follow,ERR,,html,No,2,100.00
https://neomwellbeing.com/products/real-luxury-bath-foam,https://neomwellbeing.com/pages/black-friday,Black Friday,Internal Page,Follow,ERR,,html,No,2,100.00
https://neomwellbeing.com/products/real-luxury-bath-foam,https://neomwellbeing.com/pages/blue-light-card-discounts,NHS & Key Worker Discounts,Internal Page,Follow,ERR,,html,No,2,100.00
https://neomwellbeing.com/products/real-luxury-bath-foam,https://neomwellbeing.com/pages/terms-conditions,Terms & Conditions,Internal Page,Follow,ERR,,html,No,2,100.00
https://neomwellbeing.com/products/real-luxury-bath-foam,https://neomwellbeing.com/pages/modern-slavery-statement,Modern Slavery Statement,Internal Page,Follow,ERR,,html,No,2,100.00
https://neomwellbeing.com/products/real-luxury-bath-foam,https://neomwellbeing.com/pages/privacy-policy,Privacy Policy,Internal Page,Follow,ERR,,html,No,2,100.00
https://neomwellbeing.com/products/real-luxury-bath-foam,https://neomwellbeing.com/pages/cookie-policy,Cookie Policy,Internal Page,Follow,ERR,,html,No,2,100.00
https://neomwellbeing.com/products/real-luxury-bath-foam,https://neomwellbeing.com/pages/sitemap,Sitemap,Internal Page,Follow,ERR,,html,No,2,100.00
https://neomwellbeing.com/products/real-luxury-bath-foam,https://neomwellbeing.com/blogs/sleep,The Better Sleep Hub,Internal Page,Follow,ERR,,html,No,2,100.00
https://neomwellbeing.com/products/real-luxury-bath-foam,https://neomwellbeing.com/blogs/stress,The Less Stress Hub,Internal Page,Follow,ERR,,html,No,2,100.00
https://neomwellbeing.com/products/real-luxury-bath-foam,https://neomwellbeing.com/blogs/mood,The Mood-Boosting Hub,Internal Page,Follow,ERR,,html,No,2,100.00
https://neomwellbeing.com/products/real-luxury-bath-foam,https://neomwellbeing.com/blogs/energy,The More Energy Hub,Internal Page,Follow,ERR,,html,No,2,100.00
https://neomwellbeing.com/products/real-luxury-bath-foam,https://neomwellbeing.com/blogs/news,Trending & News,Internal Page,Follow,ERR,,html,No,2,100.00
https://neomwellbeing.com/products/real-luxury-bath-foam,https://neomwellbeing.com/blogs/product-advice,Product Advice & Gift Guides,Internal Page,Follow,ERR,,html,No,2,100.00
https://neomwellbeing.com/products/real-luxury-scented-candle,https://neomwellbeing.com/products/real-luxury-scented-candle,Skip to content,Internal Page,Follow,ERR,,html,No,2,100.00
https://neomwellbeing.com/products/real-luxury-scented-candle,https://neomwellbeing.com/cart,CONTINUE TO CHECKOUT,Internal Page,Follow,ERR,,html,No,1,100.00
https://neomwellbeing.com/products/real-luxury-scented-candle,https://neomwellbeing.com/collections/body-wash,NEW BODY WASHES. SHOP NOW.,Internal Page,Follow,ERR,,html,No,2,100.00
https://neomwellbeing.com/products/real-luxury-scented-candle,https://neomwellbeing.com/collections/gift-with-purchase,FREE GIFTS WITH ORDERS £65+,Internal Page,Follow,ERR,,html,No,2,100.00
https://neomwellbeing.com/products/real-luxury-scented-candle,https://neomwellbeing.com/collections/bestsellers,FREE  STANDARD UK DELIVERY ON ORDERS £60+,Internal Page,Follow,ERR,,html,No,2,100.00
https://neomwellbeing.com/products/real-luxury-scented-candle,https://neomwellbeing.com/collections/essential-oil-blends,"Essential Oil Blends
                                                                Luxury essential oils
                                                            
                                                            SHOP OILS 


                                                        
                                                    
                                                            
                                                            Essential Oil Blends",Internal Page,Follow,ERR,,html,No,2,100.00
https://neomwellbeing.com/products/real-luxury-scented-candle,https://neomwellbeing.com/collections/the-wellbeing-pod-mini,"Wellbeing Pod Mini+
                                                                To scent small spaces
                                                            
                                                            SHOP POD MINI+ 


                                                        
                                                    
                                                            
                                                            Wellbeing Pod Mini+",Internal Page,Follow,ERR,,html,No,2,100.00
https://neomwellbeing.com/products/real-luxury-scented-candle,https://neomwellbeing.com/collections/the-wellbeing-pod,"Wellbeing Pod
                                                                To scent medium spaces
                                                            
                                                            SHOP POD 


                                                        
                                                    
                                                            
                                                            Wellbeing Pod",Internal Page,Follow,ERR,,html,No,2,100.00
https://neomwellbeing.com/products/real-luxury-scented-candle,https://neomwellbeing.com/collections/wellbeing-pod-luxe,"Wellbeing Pod Luxe
                                                                To scent large spaces
                                                            
                                                            SHOP POD LUXE 


                                                        
                                                    
                                                            
                                                            Wellbeing Pod Luxe",Internal Page,Follow,ERR,,html,No,2,100.00
https://neomwellbeing.com/products/real-luxury-scented-candle,https://neomwellbeing.com/collections/home-fragrance,Shop All Home Fragrance,Internal Page,Follow,ERR,,html,No,2,100.00
https://neomwellbeing.com/products/real-luxury-scented-candle,https://neomwellbeing.com/collections/reed-diffusers,Reed Diffusers,Internal Page,Follow,ERR,,html,No,2,100.00
https://neomwellbeing.com/products/real-luxury-scented-candle,https://neomwellbeing.com/collections/candles,Candles,Internal Page,Follow,ERR,,html,No,2,100.00
https://neomwellbeing.com/products/real-luxury-scented-candle,https://neomwellbeing.com/collections/electric-diffusers,Wellbeing Pods,Internal Page,Follow,ERR,,html,No,2,100.00
https://neomwellbeing.com/products/real-luxury-scented-candle,https://neomwellbeing.com/collections/mists,Room Spray,Internal Page,Follow,ERR,,html,No,2,100.00
https://neomwellbeing.com/products/real-luxury-scented-candle,https://neomwellbeing.com/collections/sleep-mist,Sleep Mist,Internal Page,Follow,ERR,,html,No,2,100.00
https://neomwellbeing.com/products/real-luxury-scented-candle,https://neomwellbeing.com/collections/bath-body,Shop All Bath & Body,Internal Page,Follow,ERR,,html,No,2,100.00
https://neomwellbeing.com/products/real-luxury-scented-candle,https://neomwellbeing.com/collections/bath-oils-foams,Bath Foams & Milks,Internal Page,Follow,ERR,,html,No,2,100.00
https://neomwellbeing.com/products/real-luxury-scented-candle,https://neomwellbeing.com/collections/body-oils-scrubs,"Body Oils, Milks, Scrubs & Polish",Internal Page,Follow,ERR,,html,No,2,100.00
https://neomwellbeing.com/products/real-luxury-scented-candle,https://neomwellbeing.com/collections/travel,Travel Size,Internal Page,Follow,ERR,,html,No,2,100.00
https://neomwellbeing.com/products/real-luxury-scented-candle,https://neomwellbeing.com/collections/body-washes-lotions,"Hand Balms, Washes & Lotions",Internal Page,Follow,ERR,,html,No,2,100.00
https://neomwellbeing.com/products/real-luxury-scented-candle,https://neomwellbeing.com/collections/body-butter,Magnesium Body Butters,Internal Page,Follow,ERR,,html,No,2,100.00
https://neomwellbeing.com/products/real-luxury-scented-candle,https://neomwellbeing.com/collections/essential-oil-roll-on-pulse-points,Essential Oil Roll-On Pens,Internal Page,Follow,ERR,,html,No,2,100.00
https://neomwellbeing.com/products/real-luxury-scented-candle,https://neomwellbeing.com/collections/massage-candles,Massage Candles,Internal Page,Follow,ERR,,html,No,2,100.00
https://neomwellbeing.com/products/real-luxury-scented-candle,https://neomwellbeing.com/collections/magnesium,Magnesium,Internal Page,Follow,ERR,,html,No,2,100.00
https://neomwellbeing.com/products/real-luxury-scented-candle,https://neomwellbeing.com/collections/super-shower-power-shampoo-conditioner,Shop All Haircare,Internal Page,Follow,ERR,,html,No,2,100.00
https://neomwellbeing.com/products/real-luxury-scented-candle,https://neomwellbeing.com/collections/hair-skincare,Shop All Skincare,Internal Page,Follow,ERR,,html,No,2,100.00
https://neomwellbeing.com/products/real-luxury-scented-candle,https://neomwellbeing.com/collections/wonder-balm,Wonder Balms,Internal Page,Follow,ERR,,html,No,2,100.00
https://neomwellbeing.com/products/real-luxury-scented-candle,https://neomwellbeing.com/collections/cleansing-balm,Cleansers,Internal Page,Follow,ERR,,html,No,2,100.00
https://neomwellbeing.com/products/real-luxury-scented-candle,https://neomwellbeing.com/collections/energising-face-mist,Face Mist,Internal Page,Follow,ERR,,html,No,2,100.00
https://neomwellbeing.com/products/real-luxury-scented-candle,https://neomwellbeing.com/collections/scent-to-sleep,"Better Sleep
                                                                Stop, breathe, sleep
                                                            
                                                            SHOP NOW 


                                                        
                                                    
                                                            
                                                            Better Sleep",Internal Page,Follow,ERR,,html,No,2,100.00
https://neomwellbeing.com/products/real-luxury-scented-candle,https://neomwellbeing.com/collections/scent-to-de-stress,"Less Stress
                                                                Feel the tension lift
                                                            
                                                            SHOP NOW 


                                                        
                                                    
                                                            
                                                            Less Stress",Internal Page,Follow,ERR,,html,No,2,100.00
https://neomwellbeing.com/products/real-luxury-scented-candle,https://neomwellbeing.com/collections/scent-to-make-you-happy,"Mood Boost
                                                                Kickstart happy vibes
                                                            
                                                            SHOP NOW 


                                                        
                                                    
                                                            
                                                            Mood Boost",Internal Page,Follow,ERR,,html,No,2,100.00
https://neomwellbeing.com/products/real-luxury-scented-candle,https://neomwellbeing.com/collections/scent-to-boost-your-energy,"Energy Boost
                                                                Supercharge you
                                                            
                                                            SHOP NOW 


                                                        
                                                    
                                                            
                                                            Energy Boost",Internal Page,Follow,ERR,,html,No,2,100.00
https://neomwellbeing.com/products/real-luxury-scented-candle,https://neomwellbeing.com/pages/wellbeing-gifts,Gifts By Occasion,Internal Page,Follow,ERR,,html,No,2,100.00
https://neomwellbeing.com/products/real-luxury-scented-candle,https://neomwellbeing.com/collections/birthday-gifts,Birthday Gifts,Internal Page,Follow,ERR,,html,No,2,100.00
https://neomwellbeing.com/products/real-luxury-scented-candle,https://neomwellbeing.com/collections/parent-to-be-gifts,Parent to Be Gifts,Internal Page,Follow,ERR,,html,No,2,100.00
https://neomwellbeing.com/products/real-luxury-scented-candle,https://neomwellbeing.com/collections/thank-you-gifts,Thank You Gifts,Internal Page,Follow,ERR,,html,No,2,100.00
https://neomwellbeing.com/products/real-luxury-scented-candle,https://neomwellbeing.com/collections/just-because,Just Because Gifts,Internal Page,Follow,ERR,,html,No,2,100.00
https://neomwellbeing.com/products/real-luxury-scented-candle,https://neomwellbeing.com/collections/gifts-for-her,Gifts For Her,Internal Page,Follow,ERR,,html,No,2,100.00
https://neomwellbeing.com/products/real-luxury-scented-candle,https://neomwellbeing.com/collections/gifts-little-luxuries,Gifts Under £25,Internal Page,Follow,ERR,,html,No,2,100.00
https://neomwellbeing.com/products/real-luxury-scented-candle,https://neomwellbeing.com/collections/special-moments,Gifts Under £50,Internal Page,Follow,ERR,,html,No,2,100.00
https://neomwellbeing.com/products/real-luxury-scented-candle,https://neomwellbeing.com/collections/ultimate-gifts,Gifts Under £100,Internal Page,Follow,ERR,,html,No,2,100.00
https://neomwellbeing.com/products/real-luxury-scented-candle,https://neomwellbeing.com/collections/luxury-gifts,Luxury Gifts,Internal Page,Follow,ERR,,html,No,2,100.00
https://neomwellbeing.com/products/real-luxury-scented-candle,https://neomwellbeing.com/collections/gift-boxes-and-gift-bags,Gift Services,Internal Page,Follow,ERR,,html,No,2,100.00
https://neomwellbeing.com/products/real-luxury-scented-candle,https://neomwellbeing.com/pages/build-a-wellbeing-gift,Build A Gift & Save 20%,Internal Page,Follow,ERR,,html,No,2,100.00
https://neomwellbeing.com/products/real-luxury-scented-candle,https://neomwellbeing.com/products/neom-gift-cards,Digital Gift Cards,Internal Page,Follow,ERR,,html,No,2,100.00
https://neomwellbeing.com/products/real-luxury-scented-candle,https://neomwellbeing.com/pages/corporate-gifting,Corporate Gifting,Internal Page,Follow,ERR,,html,No,2,100.00
https://neomwellbeing.com/products/real-luxury-scented-candle,https://neomwellbeing.com/collections/wellbeing-outlet,"Wellbeing Outlet
                                                                Save on natural favourites
                                                            
                                                            SHOP NOW 


                                                        
                                                    
                                                            
                                                            Wellbeing Outlet",Internal Page,Follow,ERR,,html,No,2,100.00
https://neomwellbeing.com/products/real-luxury-scented-candle,https://neomwellbeing.com/collections/supercharged-collections-with-a-saving,"Bundle & Save
                                                                Find the perfect routine
                                                            
                                                            SHOP NOW 


                                                        
                                                    
                                                            
                                                            Bundle & Save",Internal Page,Follow,ERR,,html,No,2,100.00
https://neomwellbeing.com/products/real-luxury-scented-candle,https://neomwellbeing.com/pages/neom-points,Loyalty,Internal Page,Follow,ERR,,html,No,2,100.00
https://neomwellbeing.com/products/real-luxury-scented-candle,https://neomwellbeing.com/pages/our-locations,Our Locations,Internal Page,Follow,ERR,,html,No,2,100.00
https://neomwellbeing.com/products/real-luxury-scented-candle,https://neomwellbeing.com/pages/careers,Careers,Internal Page,Follow,ERR,,html,No,2,100.00
https://neomwellbeing.com/products/real-luxury-scented-candle,https://neomwellbeing.com/blogs/wellbeing,Wellbeing Tips,Internal Page,Follow,ERR,,html,No,2,100.00
https://neomwellbeing.com/products/real-luxury-scented-candle,https://neomwellbeing.com/pages/charity-partnerships,Charity Partnership,Internal Page,Follow,ERR,,html,No,2,100.00
https://neomwellbeing.com/products/real-luxury-scented-candle,https://neomwellbeing.com/pages/awards,Awards,Internal Page,Follow,ERR,,html,No,2,100.00
https://neomwellbeing.com/products/real-luxury-scented-candle,https://neomwellbeing.com/pages/sustainability,"Our Commitment
                                                            LEARN MORE 


                                                        
                                                    
                                                            
                                                            Our Commitment",Internal Page,Follow,ERR,,html,No,2,100.00
https://neomwellbeing.com/products/real-luxury-scented-candle,https://neomwellbeing.com/pages/wishlist,,Internal Page,Follow,ERR,,html,No,2,80.00
https://neomwellbeing.com/products/real-luxury-scented-candle,https://neomwellbeing.com/,,Internal Page,Follow,ERR,,html,No,0,80.00
https://neomwellbeing.com/products/real-luxury-scented-candle,https://neomwellbeing.com/account/login,Sign in,Internal Page,Follow,ERR,,html,No,2,100.00
https://neomwellbeing.com/products/real-luxury-scented-candle,https://neomwellbeing.com/pages/shop-by-wellbeing-range,Wellbeing Concern,Internal Page,Follow,ERR,,html,No,2,100.00
https://neomwellbeing.com/products/real-luxury-scented-candle,https://neomwellbeing.com/collections/gift-sets,Gifts,Internal Page,Follow,ERR,,html,No,2,100.00
https://neomwellbeing.com/products/real-luxury-scented-candle,https://neomwellbeing.com/pages/about-us,About Us,Internal Page,Follow,ERR,,html,No,2,100.00
https://neomwellbeing.com/products/real-luxury-scented-candle,https://neomwellbeing.com/products/black-stainless-steel-wick-trimmer,The perfect partner for your NEOM candle... our exclusive Wick Trimmer keeps your candle burning cleanly and evenly.,Internal Page,Follow,ERR,,html,No,2,100.00
https://neomwellbeing.com/products/real-luxury-scented-candle,https://neomwellbeing.com/products/real-luxury-standard-scented-candle,Real Luxury Scented Candle (1 Wick),Internal Page,Follow,ERR,,html,No,2,100.00
https://neomwellbeing.com/products/real-luxury-scented-candle,https://neomwellbeing.com/products/real-luxury-travel-scented-candle,Real Luxury Scented Candle (Travel),Internal Page,Follow,ERR,,html,No,2,100.00
https://neomwellbeing.com/products/real-luxury-scented-candle,https://neomwellbeing.com/products/real-luxury-reed-diffuser,,Internal Page,Follow,ERR,,html,No,2,80.00
https://neomwellbeing.com/products/real-luxury-scented-candle,https://neomwellbeing.com/products/happiness-luxury-scented-candle,,Internal Page,Follow,ERR,,html,No,2,80.00
https://neomwellbeing.com/products/real-luxury-scented-candle,https://neomwellbeing.com/products/wellbeing-candle-trio,,Internal Page,Follow,ERR,,html,No,2,80.00
https://neomwellbeing.com/products/real-luxury-scented-candle,https://neomwellbeing.com/products/perfect-night-sleep-luxury-scented-candle,,Internal Page,Follow,ERR,,html,No,2,80.00
https://neomwellbeing.com/products/real-luxury-scented-candle,https://neomwellbeing.com/products/complete-bliss-luxury-scented-candle,,Internal Page,Follow,ERR,,html,No,2,80.00
https://neomwellbeing.com/products/real-luxury-scented-candle,https://neomwellbeing.com/products/real-luxury-room-spray,,Internal Page,Follow,ERR,,html,No,2,80.00
https://neomwellbeing.com/products/real-luxury-scented-candle,https://neomwellbeing.com/products/real-luxury-magnesium-body-butter,,Internal Page,Follow,ERR,,html,No,2,80.00
https://neomwellbeing.com/products/real-luxury-scented-candle,https://neomwellbeing.com/products/its-all-rosy-scented-3-wick-candle,,Internal Page,Follow,ERR,,html,No,2,80.00
https://neomwellbeing.com/products/real-luxury-scented-candle,https://neomwellbeing.com/pages/postage,,Internal Page,Follow,ERR,,html,No,2,80.00
https://neomwellbeing.com/products/real-luxury-scented-candle,https://neomwellbeing.com/pages/contact-us,,Internal Page,Follow,ERR,,html,No,2,80.00
https://neomwellbeing.com/products/real-luxury-scented-candle,https://neomwellbeing.com/pages/proud-to-be-b-corp,Proud to be B Corp,Internal Page,Follow,ERR,,html,No,2,100.00
https://neomwellbeing.com/products/real-luxury-scented-candle,https://neomwellbeing.com/pages/directors-shareholders,Our Directors,Internal Page,Follow,ERR,,html,No,2,100.00
https://neomwellbeing.com/products/real-luxury-scented-candle,https://neomwellbeing.com/pages/seo-reviews,Reviews,Internal Page,Follow,ERR,,html,No,2,100.00
https://neomwellbeing.com/products/real-luxury-scented-candle,https://neomwellbeing.com/pages/refer-a-friend,Refer a Friend,Internal Page,Follow,ERR,,html,No,2,100.00
https://neomwellbeing.com/products/real-luxury-scented-candle,https://neomwellbeing.com/pages/subscriptions,Subscriptions,Internal Page,Follow,ERR,,html,No,2,100.00
https://neomwellbeing.com/products/real-luxury-scented-candle,https://neomwellbeing.com/pages/become-a-neom-partner,Become a NEOM Partner,Internal Page,Follow,ERR,,html,No,2,100.00
https://neomwellbeing.com/products/real-luxury-scented-candle,https://neomwellbeing.com/pages/neom-ambassadors,NEOM Ambassadors,Internal Page,Follow,ERR,,html,No,2,100.00
https://neomwellbeing.com/products/real-luxury-scented-candle,https://neomwellbeing.com/pages/black-friday,Black Friday,Internal Page,Follow,ERR,,html,No,2,100.00
https://neomwellbeing.com/products/real-luxury-scented-candle,https://neomwellbeing.com/pages/blue-light-card-discounts,NHS & Key Worker Discounts,Internal Page,Follow,ERR,,html,No,2,100.00
https://neomwellbeing.com/products/real-luxury-scented-candle,https://neomwellbeing.com/pages/terms-conditions,Terms & Conditions,Internal Page,Follow,ERR,,html,No,2,100.00
https://neomwellbeing.com/products/real-luxury-scented-candle,https://neomwellbeing.com/pages/modern-slavery-statement,Modern Slavery Statement,Internal Page,Follow,ERR,,html,No,2,100.00
https://neomwellbeing.com/products/real-luxury-scented-candle,https://neomwellbeing.com/pages/privacy-policy,Privacy Policy,Internal Page,Follow,ERR,,html,No,2,100.00
https://neomwellbeing.com/products/real-luxury-scented-candle,https://neomwellbeing.com/pages/cookie-policy,Cookie Policy,Internal Page,Follow,ERR,,html,No,2,100.00
https://neomwellbeing.com/products/real-luxury-scented-candle,https://neomwellbeing.com/pages/sitemap,Sitemap,Internal Page,Follow,ERR,,html,No,2,100.00
https://neomwellbeing.com/products/real-luxury-scented-candle,https://neomwellbeing.com/blogs/sleep,The Better Sleep Hub,Internal Page,Follow,ERR,,html,No,2,100.00
https://neomwellbeing.com/products/real-luxury-scented-candle,https://neomwellbeing.com/blogs/stress,The Less Stress Hub,Internal Page,Follow,ERR,,html,No,2,100.00
https://neomwellbeing.com/products/real-luxury-scented-candle,https://neomwellbeing.com/blogs/mood,The Mood-Boosting Hub,Internal Page,Follow,ERR,,html,No,2,100.00
https://neomwellbeing.com/products/real-luxury-scented-candle,https://neomwellbeing.com/blogs/energy,The More Energy Hub,Internal Page,Follow,ERR,,html,No,2,100.00
https://neomwellbeing.com/products/real-luxury-scented-candle,https://neomwellbeing.com/blogs/news,Trending & News,Internal Page,Follow,ERR,,html,No,2,100.00
https://neomwellbeing.com/products/real-luxury-scented-candle,https://neomwellbeing.com/blogs/product-advice,Product Advice & Gift Guides,Internal Page,Follow,ERR,,html,No,2,100.00
https://neomwellbeing.com/products/complete-bliss-luxury-scented-candle,https://neomwellbeing.com/products/complete-bliss-luxury-scented-candle,Skip to content,Internal Page,Follow,ERR,,html,No,2,100.00
https://neomwellbeing.com/products/complete-bliss-luxury-scented-candle,https://neomwellbeing.com/cart,CONTINUE TO CHECKOUT,Internal Page,Follow,ERR,,html,No,1,100.00
https://neomwellbeing.com/products/complete-bliss-luxury-scented-candle,https://neomwellbeing.com/collections/body-wash,NEW BODY WASHES. SHOP NOW.,Internal Page,Follow,ERR,,html,No,2,100.00
https://neomwellbeing.com/products/complete-bliss-luxury-scented-candle,https://neomwellbeing.com/collections/gift-with-purchase,FREE GIFTS WITH ORDERS £65+,Internal Page,Follow,ERR,,html,No,2,100.00
https://neomwellbeing.com/products/complete-bliss-luxury-scented-candle,https://neomwellbeing.com/collections/bestsellers,FREE  STANDARD UK DELIVERY ON ORDERS £60+,Internal Page,Follow,ERR,,html,No,2,100.00
https://neomwellbeing.com/products/complete-bliss-luxury-scented-candle,https://neomwellbeing.com/collections/essential-oil-blends,"Essential Oil Blends
                                                                Luxury essential oils
                                                            
                                                            SHOP OILS 


                                                        
                                                    
                                                            
                                                            Essential Oil Blends",Internal Page,Follow,ERR,,html,No,2,100.00
https://neomwellbeing.com/products/complete-bliss-luxury-scented-candle,https://neomwellbeing.com/collections/the-wellbeing-pod-mini,"Wellbeing Pod Mini+
                                                                To scent small spaces
                                                            
                                                            SHOP POD MINI+ 


                                                        
                                                    
                                                            
                                                            Wellbeing Pod Mini+",Internal Page,Follow,ERR,,html,No,2,100.00
https://neomwellbeing.com/products/complete-bliss-luxury-scented-candle,https://neomwellbeing.com/collections/the-wellbeing-pod,"Wellbeing Pod
                                                                To scent medium spaces
                                                            
                                                            SHOP POD 


                                                        
                                                    
                                                            
                                                            Wellbeing Pod",Internal Page,Follow,ERR,,html,No,2,100.00
https://neomwellbeing.com/products/complete-bliss-luxury-scented-candle,https://neomwellbeing.com/collections/wellbeing-pod-luxe,"Wellbeing Pod Luxe
                                                                To scent large spaces
                                                            
                                                            SHOP POD LUXE 


                                                        
                                                    
                                                            
                                                            Wellbeing Pod Luxe",Internal Page,Follow,ERR,,html,No,2,100.00
https://neomwellbeing.com/products/complete-bliss-luxury-scented-candle,https://neomwellbeing.com/collections/home-fragrance,Shop All Home Fragrance,Internal Page,Follow,ERR,,html,No,2,100.00
https://neomwellbeing.com/products/complete-bliss-luxury-scented-candle,https://neomwellbeing.com/collections/reed-diffusers,Reed Diffusers,Internal Page,Follow,ERR,,html,No,2,100.00
https://neomwellbeing.com/products/complete-bliss-luxury-scented-candle,https://neomwellbeing.com/collections/candles,Candles,Internal Page,Follow,ERR,,html,No,2,100.00
https://neomwellbeing.com/products/complete-bliss-luxury-scented-candle,https://neomwellbeing.com/collections/electric-diffusers,Wellbeing Pods,Internal Page,Follow,ERR,,html,No,2,100.00
https://neomwellbeing.com/products/complete-bliss-luxury-scented-candle,https://neomwellbeing.com/collections/mists,Room Spray,Internal Page,Follow,ERR,,html,No,2,100.00
https://neomwellbeing.com/products/complete-bliss-luxury-scented-candle,https://neomwellbeing.com/collections/sleep-mist,Sleep Mist,Internal Page,Follow,ERR,,html,No,2,100.00
https://neomwellbeing.com/products/complete-bliss-luxury-scented-candle,https://neomwellbeing.com/collections/bath-body,Shop All Bath & Body,Internal Page,Follow,ERR,,html,No,2,100.00
https://neomwellbeing.com/products/complete-bliss-luxury-scented-candle,https://neomwellbeing.com/collections/bath-oils-foams,Bath Foams & Milks,Internal Page,Follow,ERR,,html,No,2,100.00
https://neomwellbeing.com/products/complete-bliss-luxury-scented-candle,https://neomwellbeing.com/collections/body-oils-scrubs,"Body Oils, Milks, Scrubs & Polish",Internal Page,Follow,ERR,,html,No,2,100.00
https://neomwellbeing.com/products/complete-bliss-luxury-scented-candle,https://neomwellbeing.com/collections/travel,Travel Size,Internal Page,Follow,ERR,,html,No,2,100.00
https://neomwellbeing.com/products/complete-bliss-luxury-scented-candle,https://neomwellbeing.com/collections/body-washes-lotions,"Hand Balms, Washes & Lotions",Internal Page,Follow,ERR,,html,No,2,100.00
https://neomwellbeing.com/products/complete-bliss-luxury-scented-candle,https://neomwellbeing.com/collections/body-butter,Magnesium Body Butters,Internal Page,Follow,ERR,,html,No,2,100.00
https://neomwellbeing.com/products/complete-bliss-luxury-scented-candle,https://neomwellbeing.com/collections/essential-oil-roll-on-pulse-points,Essential Oil Roll-On Pens,Internal Page,Follow,ERR,,html,No,2,100.00
https://neomwellbeing.com/products/complete-bliss-luxury-scented-candle,https://neomwellbeing.com/collections/massage-candles,Massage Candles,Internal Page,Follow,ERR,,html,No,2,100.00
https://neomwellbeing.com/products/complete-bliss-luxury-scented-candle,https://neomwellbeing.com/collections/magnesium,Magnesium,Internal Page,Follow,ERR,,html,No,2,100.00
https://neomwellbeing.com/products/complete-bliss-luxury-scented-candle,https://neomwellbeing.com/collections/super-shower-power-shampoo-conditioner,Shop All Haircare,Internal Page,Follow,ERR,,html,No,2,100.00
https://neomwellbeing.com/products/complete-bliss-luxury-scented-candle,https://neomwellbeing.com/collections/hair-skincare,Shop All Skincare,Internal Page,Follow,ERR,,html,No,2,100.00
https://neomwellbeing.com/products/complete-bliss-luxury-scented-candle,https://neomwellbeing.com/collections/wonder-balm,Wonder Balms,Internal Page,Follow,ERR,,html,No,2,100.00
https://neomwellbeing.com/products/complete-bliss-luxury-scented-candle,https://neomwellbeing.com/collections/cleansing-balm,Cleansers,Internal Page,Follow,ERR,,html,No,2,100.00
https://neomwellbeing.com/products/complete-bliss-luxury-scented-candle,https://neomwellbeing.com/collections/energising-face-mist,Face Mist,Internal Page,Follow,ERR,,html,No,2,100.00
https://neomwellbeing.com/products/complete-bliss-luxury-scented-candle,https://neomwellbeing.com/collections/scent-to-sleep,"Better Sleep
                                                                Stop, breathe, sleep
                                                            
                                                            SHOP NOW 


                                                        
                                                    
                                                            
                                                            Better Sleep",Internal Page,Follow,ERR,,html,No,2,100.00
https://neomwellbeing.com/products/complete-bliss-luxury-scented-candle,https://neomwellbeing.com/collections/scent-to-de-stress,"Less Stress
                                                                Feel the tension lift
                                                            
                                                            SHOP NOW 


                                                        
                                                    
                                                            
                                                            Less Stress",Internal Page,Follow,ERR,,html,No,2,100.00
https://neomwellbeing.com/products/complete-bliss-luxury-scented-candle,https://neomwellbeing.com/collections/scent-to-make-you-happy,"Mood Boost
                                                                Kickstart happy vibes
                                                            
                                                            SHOP NOW 


                                                        
                                                    
                                                            
                                                            Mood Boost",Internal Page,Follow,ERR,,html,No,2,100.00
https://neomwellbeing.com/products/complete-bliss-luxury-scented-candle,https://neomwellbeing.com/collections/scent-to-boost-your-energy,"Energy Boost
                                                                Supercharge you
                                                            
                                                            SHOP NOW 


                                                        
                                                    
                                                            
                                                            Energy Boost",Internal Page,Follow,ERR,,html,No,2,100.00
https://neomwellbeing.com/products/complete-bliss-luxury-scented-candle,https://neomwellbeing.com/pages/wellbeing-gifts,Gifts By Occasion,Internal Page,Follow,ERR,,html,No,2,100.00
https://neomwellbeing.com/products/complete-bliss-luxury-scented-candle,https://neomwellbeing.com/collections/birthday-gifts,Birthday Gifts,Internal Page,Follow,ERR,,html,No,2,100.00
https://neomwellbeing.com/products/complete-bliss-luxury-scented-candle,https://neomwellbeing.com/collections/parent-to-be-gifts,Parent to Be Gifts,Internal Page,Follow,ERR,,html,No,2,100.00
https://neomwellbeing.com/products/complete-bliss-luxury-scented-candle,https://neomwellbeing.com/collections/thank-you-gifts,Thank You Gifts,Internal Page,Follow,ERR,,html,No,2,100.00
https://neomwellbeing.com/products/complete-bliss-luxury-scented-candle,https://neomwellbeing.com/collections/just-because,Just Because Gifts,Internal Page,Follow,ERR,,html,No,2,100.00
https://neomwellbeing.com/products/complete-bliss-luxury-scented-candle,https://neomwellbeing.com/collections/gifts-for-her,Gifts For Her,Internal Page,Follow,ERR,,html,No,2,100.00
https://neomwellbeing.com/products/complete-bliss-luxury-scented-candle,https://neomwellbeing.com/collections/gifts-little-luxuries,Gifts Under £25,Internal Page,Follow,ERR,,html,No,2,100.00
https://neomwellbeing.com/products/complete-bliss-luxury-scented-candle,https://neomwellbeing.com/collections/special-moments,Gifts Under £50,Internal Page,Follow,ERR,,html,No,2,100.00
https://neomwellbeing.com/products/complete-bliss-luxury-scented-candle,https://neomwellbeing.com/collections/ultimate-gifts,Gifts Under £100,Internal Page,Follow,ERR,,html,No,2,100.00
https://neomwellbeing.com/products/complete-bliss-luxury-scented-candle,https://neomwellbeing.com/collections/luxury-gifts,Luxury Gifts,Internal Page,Follow,ERR,,html,No,2,100.00
https://neomwellbeing.com/products/complete-bliss-luxury-scented-candle,https://neomwellbeing.com/collections/gift-boxes-and-gift-bags,Gift Services,Internal Page,Follow,ERR,,html,No,2,100.00
https://neomwellbeing.com/products/complete-bliss-luxury-scented-candle,https://neomwellbeing.com/pages/build-a-wellbeing-gift,Build A Gift & Save 20%,Internal Page,Follow,ERR,,html,No,2,100.00
https://neomwellbeing.com/products/complete-bliss-luxury-scented-candle,https://neomwellbeing.com/products/neom-gift-cards,Digital Gift Cards,Internal Page,Follow,ERR,,html,No,2,100.00
https://neomwellbeing.com/products/complete-bliss-luxury-scented-candle,https://neomwellbeing.com/pages/corporate-gifting,Corporate Gifting,Internal Page,Follow,ERR,,html,No,2,100.00
https://neomwellbeing.com/products/complete-bliss-luxury-scented-candle,https://neomwellbeing.com/collections/wellbeing-outlet,"Wellbeing Outlet
                                                                Save on natural favourites
                                                            
                                                            SHOP NOW 


                                                        
                                                    
                                                            
                                                            Wellbeing Outlet",Internal Page,Follow,ERR,,html,No,2,100.00
https://neomwellbeing.com/products/complete-bliss-luxury-scented-candle,https://neomwellbeing.com/collections/supercharged-collections-with-a-saving,"Bundle & Save
                                                                Find the perfect routine
                                                            
                                                            SHOP NOW 


                                                        
                                                    
                                                            
                                                            Bundle & Save",Internal Page,Follow,ERR,,html,No,2,100.00
https://neomwellbeing.com/products/complete-bliss-luxury-scented-candle,https://neomwellbeing.com/pages/neom-points,Loyalty,Internal Page,Follow,ERR,,html,No,2,100.00
https://neomwellbeing.com/products/complete-bliss-luxury-scented-candle,https://neomwellbeing.com/pages/our-locations,Our Locations,Internal Page,Follow,ERR,,html,No,2,100.00
https://neomwellbeing.com/products/complete-bliss-luxury-scented-candle,https://neomwellbeing.com/pages/careers,Careers,Internal Page,Follow,ERR,,html,No,2,100.00
https://neomwellbeing.com/products/complete-bliss-luxury-scented-candle,https://neomwellbeing.com/blogs/wellbeing,Wellbeing Tips,Internal Page,Follow,ERR,,html,No,2,100.00
https://neomwellbeing.com/products/complete-bliss-luxury-scented-candle,https://neomwellbeing.com/pages/charity-partnerships,Charity Partnership,Internal Page,Follow,ERR,,html,No,2,100.00
https://neomwellbeing.com/products/complete-bliss-luxury-scented-candle,https://neomwellbeing.com/pages/awards,Awards,Internal Page,Follow,ERR,,html,No,2,100.00
https://neomwellbeing.com/products/complete-bliss-luxury-scented-candle,https://neomwellbeing.com/pages/sustainability,"Our Commitment
                                                            LEARN MORE 


                                                        
                                                    
                                                            
                                                            Our Commitment",Internal Page,Follow,ERR,,html,No,2,100.00
https://neomwellbeing.com/products/complete-bliss-luxury-scented-candle,https://neomwellbeing.com/pages/wishlist,,Internal Page,Follow,ERR,,html,No,2,80.00
https://neomwellbeing.com/products/complete-bliss-luxury-scented-candle,https://neomwellbeing.com/,,Internal Page,Follow,ERR,,html,No,0,80.00
https://neomwellbeing.com/products/complete-bliss-luxury-scented-candle,https://neomwellbeing.com/account/login,Sign in,Internal Page,Follow,ERR,,html,No,2,100.00
https://neomwellbeing.com/products/complete-bliss-luxury-scented-candle,https://neomwellbeing.com/pages/shop-by-wellbeing-range,Wellbeing Concern,Internal Page,Follow,ERR,,html,No,2,100.00
https://neomwellbeing.com/products/complete-bliss-luxury-scented-candle,https://neomwellbeing.com/collections/gift-sets,Gifts,Internal Page,Follow,ERR,,html,No,2,100.00
https://neomwellbeing.com/products/complete-bliss-luxury-scented-candle,https://neomwellbeing.com/pages/about-us,About Us,Internal Page,Follow,ERR,,html,No,2,100.00
https://neomwellbeing.com/products/complete-bliss-luxury-scented-candle,https://neomwellbeing.com/products/black-stainless-steel-wick-trimmer,The perfect partner for your NEOM candle... our exclusive Wick Trimmer keeps your candle burning cleanly and evenly. Shop now.,Internal Page,Follow,ERR,,html,No,2,100.00
https://neomwellbeing.com/products/complete-bliss-luxury-scented-candle,https://neomwellbeing.com/products/complete-bliss-standard-scented-candle,Complete Bliss Scented Candle (1 Wick),Internal Page,Follow,ERR,,html,No,2,100.00
https://neomwellbeing.com/products/complete-bliss-luxury-scented-candle,https://neomwellbeing.com/products/complete-bliss-travel-scented-candle,Complete Bliss Scented Candle (Travel),Internal Page,Follow,ERR,,html,No,2,100.00
https://neomwellbeing.com/products/complete-bliss-luxury-scented-candle,https://neomwellbeing.com/products/feel-refreshed-luxury-scented-candle,,Internal Page,Follow,ERR,,html,No,2,80.00
https://neomwellbeing.com/products/complete-bliss-luxury-scented-candle,https://neomwellbeing.com/products/complete-bliss-essential-oil-blend,,Internal Page,Follow,ERR,,html,No,2,80.00
https://neomwellbeing.com/products/complete-bliss-luxury-scented-candle,https://neomwellbeing.com/products/happiness-luxury-scented-candle,,Internal Page,Follow,ERR,,html,No,2,80.00
https://neomwellbeing.com/products/complete-bliss-luxury-scented-candle,https://neomwellbeing.com/products/real-luxury-standard-scented-candle,,Internal Page,Follow,ERR,,html,No,2,80.00
https://neomwellbeing.com/products/complete-bliss-luxury-scented-candle,https://neomwellbeing.com/products/feel-refreshed-standard-scented-candle,,Internal Page,Follow,ERR,,html,No,2,80.00
https://neomwellbeing.com/products/complete-bliss-luxury-scented-candle,https://neomwellbeing.com/products/real-luxury-scented-candle,,Internal Page,Follow,ERR,,html,No,2,80.00
https://neomwellbeing.com/products/complete-bliss-luxury-scented-candle,https://neomwellbeing.com/products/perfect-night-sleep-luxury-scented-candle,,Internal Page,Follow,ERR,,html,No,2,80.00
https://neomwellbeing.com/products/complete-bliss-luxury-scented-candle,https://neomwellbeing.com/products/bedtime-hero-scented-candle-3-wick,,Internal Page,Follow,ERR,,html,No,2,80.00
https://neomwellbeing.com/products/complete-bliss-luxury-scented-candle,https://neomwellbeing.com/pages/postage,,Internal Page,Follow,ERR,,html,No,2,80.00
https://neomwellbeing.com/products/complete-bliss-luxury-scented-candle,https://neomwellbeing.com/pages/contact-us,,Internal Page,Follow,ERR,,html,No,2,80.00
https://neomwellbeing.com/products/complete-bliss-luxury-scented-candle,https://neomwellbeing.com/pages/proud-to-be-b-corp,Proud to be B Corp,Internal Page,Follow,ERR,,html,No,2,100.00
https://neomwellbeing.com/products/complete-bliss-luxury-scented-candle,https://neomwellbeing.com/pages/directors-shareholders,Our Directors,Internal Page,Follow,ERR,,html,No,2,100.00
https://neomwellbeing.com/products/complete-bliss-luxury-scented-candle,https://neomwellbeing.com/pages/seo-reviews,Reviews,Internal Page,Follow,ERR,,html,No,2,100.00
https://neomwellbeing.com/products/complete-bliss-luxury-scented-candle,https://neomwellbeing.com/pages/refer-a-friend,Refer a Friend,Internal Page,Follow,ERR,,html,No,2,100.00
https://neomwellbeing.com/products/complete-bliss-luxury-scented-candle,https://neomwellbeing.com/pages/subscriptions,Subscriptions,Internal Page,Follow,ERR,,html,No,2,100.00
https://neomwellbeing.com/products/complete-bliss-luxury-scented-candle,https://neomwellbeing.com/pages/become-a-neom-partner,Become a NEOM Partner,Internal Page,Follow,ERR,,html,No,2,100.00
https://neomwellbeing.com/products/complete-bliss-luxury-scented-candle,https://neomwellbeing.com/pages/neom-ambassadors,NEOM Ambassadors,Internal Page,Follow,ERR,,html,No,2,100.00
https://neomwellbeing.com/products/complete-bliss-luxury-scented-candle,https://neomwellbeing.com/pages/black-friday,Black Friday,Internal Page,Follow,ERR,,html,No,2,100.00
https://neomwellbeing.com/products/complete-bliss-luxury-scented-candle,https://neomwellbeing.com/pages/blue-light-card-discounts,NHS & Key Worker Discounts,Internal Page,Follow,ERR,,html,No,2,100.00
https://neomwellbeing.com/products/complete-bliss-luxury-scented-candle,https://neomwellbeing.com/pages/terms-conditions,Terms & Conditions,Internal Page,Follow,ERR,,html,No,2,100.00
https://neomwellbeing.com/products/complete-bliss-luxury-scented-candle,https://neomwellbeing.com/pages/modern-slavery-statement,Modern Slavery Statement,Internal Page,Follow,ERR,,html,No,2,100.00
https://neomwellbeing.com/products/complete-bliss-luxury-scented-candle,https://neomwellbeing.com/pages/privacy-policy,Privacy Policy,Internal Page,Follow,ERR,,html,No,2,100.00
https://neomwellbeing.com/products/complete-bliss-luxury-scented-candle,https://neomwellbeing.com/pages/cookie-policy,Cookie Policy,Internal Page,Follow,ERR,,html,No,2,100.00
https://neomwellbeing.com/products/complete-bliss-luxury-scented-candle,https://neomwellbeing.com/pages/sitemap,Sitemap,Internal Page,Follow,ERR,,html,No,2,100.00
https://neomwellbeing.com/products/complete-bliss-luxury-scented-candle,https://neomwellbeing.com/blogs/sleep,The Better Sleep Hub,Internal Page,Follow,ERR,,html,No,2,100.00
https://neomwellbeing.com/products/complete-bliss-luxury-scented-candle,https://neomwellbeing.com/blogs/stress,The Less Stress Hub,Internal Page,Follow,ERR,,html,No,2,100.00
https://neomwellbeing.com/products/complete-bliss-luxury-scented-candle,https://neomwellbeing.com/blogs/mood,The Mood-Boosting Hub,Internal Page,Follow,ERR,,html,No,2,100.00
https://neomwellbeing.com/products/complete-bliss-luxury-scented-candle,https://neomwellbeing.com/blogs/energy,The More Energy Hub,Internal Page,Follow,ERR,,html,No,2,100.00
https://neomwellbeing.com/products/complete-bliss-luxury-scented-candle,https://neomwellbeing.com/blogs/news,Trending & News,Internal Page,Follow,ERR,,html,No,2,100.00
https://neomwellbeing.com/products/complete-bliss-luxury-scented-candle,https://neomwellbeing.com/blogs/product-advice,Product Advice & Gift Guides,Internal Page,Follow,ERR,,html,No,2,100.00
https://neomwellbeing.com/products/perfect-nights-sleep-mist,https://neomwellbeing.com/products/perfect-nights-sleep-mist,Skip to content,Internal Page,Follow,ERR,,html,No,2,100.00
https://neomwellbeing.com/products/perfect-nights-sleep-mist,https://neomwellbeing.com/cart,CONTINUE TO CHECKOUT,Internal Page,Follow,ERR,,html,No,1,100.00
https://neomwellbeing.com/products/perfect-nights-sleep-mist,https://neomwellbeing.com/collections/body-wash,NEW BODY WASHES. SHOP NOW.,Internal Page,Follow,ERR,,html,No,2,100.00
https://neomwellbeing.com/products/perfect-nights-sleep-mist,https://neomwellbeing.com/collections/gift-with-purchase,FREE GIFTS WITH ORDERS £65+,Internal Page,Follow,ERR,,html,No,2,100.00
https://neomwellbeing.com/products/perfect-nights-sleep-mist,https://neomwellbeing.com/collections/bestsellers,FREE  STANDARD UK DELIVERY ON ORDERS £60+,Internal Page,Follow,ERR,,html,No,2,100.00
https://neomwellbeing.com/products/perfect-nights-sleep-mist,https://neomwellbeing.com/collections/essential-oil-blends,"Essential Oil Blends
                                                                Luxury essential oils
                                                            
                                                            SHOP OILS 


                                                        
                                                    
                                                            
                                                            Essential Oil Blends",Internal Page,Follow,ERR,,html,No,2,100.00
https://neomwellbeing.com/products/perfect-nights-sleep-mist,https://neomwellbeing.com/collections/the-wellbeing-pod-mini,"Wellbeing Pod Mini+
                                                                To scent small spaces
                                                            
                                                            SHOP POD MINI+ 


                                                        
                                                    
                                                            
                                                            Wellbeing Pod Mini+",Internal Page,Follow,ERR,,html,No,2,100.00
https://neomwellbeing.com/products/perfect-nights-sleep-mist,https://neomwellbeing.com/collections/the-wellbeing-pod,"Wellbeing Pod
                                                                To scent medium spaces
                                                            
                                                            SHOP POD 


                                                        
                                                    
                                                            
                                                            Wellbeing Pod",Internal Page,Follow,ERR,,html,No,2,100.00
https://neomwellbeing.com/products/perfect-nights-sleep-mist,https://neomwellbeing.com/collections/wellbeing-pod-luxe,"Wellbeing Pod Luxe
                                                                To scent large spaces
                                                            
                                                            SHOP POD LUXE 


                                                        
                                                    
                                                            
                                                            Wellbeing Pod Luxe",Internal Page,Follow,ERR,,html,No,2,100.00
https://neomwellbeing.com/products/perfect-nights-sleep-mist,https://neomwellbeing.com/collections/home-fragrance,Shop All Home Fragrance,Internal Page,Follow,ERR,,html,No,2,100.00
https://neomwellbeing.com/products/perfect-nights-sleep-mist,https://neomwellbeing.com/collections/reed-diffusers,Reed Diffusers,Internal Page,Follow,ERR,,html,No,2,100.00
https://neomwellbeing.com/products/perfect-nights-sleep-mist,https://neomwellbeing.com/collections/candles,Candles,Internal Page,Follow,ERR,,html,No,2,100.00
https://neomwellbeing.com/products/perfect-nights-sleep-mist,https://neomwellbeing.com/collections/electric-diffusers,Wellbeing Pods,Internal Page,Follow,ERR,,html,No,2,100.00
https://neomwellbeing.com/products/perfect-nights-sleep-mist,https://neomwellbeing.com/collections/mists,Room Spray,Internal Page,Follow,ERR,,html,No,2,100.00
https://neomwellbeing.com/products/perfect-nights-sleep-mist,https://neomwellbeing.com/collections/sleep-mist,Sleep Mist,Internal Page,Follow,ERR,,html,No,2,100.00
https://neomwellbeing.com/products/perfect-nights-sleep-mist,https://neomwellbeing.com/collections/bath-body,Shop All Bath & Body,Internal Page,Follow,ERR,,html,No,2,100.00
https://neomwellbeing.com/products/perfect-nights-sleep-mist,https://neomwellbeing.com/collections/bath-oils-foams,Bath Foams & Milks,Internal Page,Follow,ERR,,html,No,2,100.00
https://neomwellbeing.com/products/perfect-nights-sleep-mist,https://neomwellbeing.com/collections/body-oils-scrubs,"Body Oils, Milks, Scrubs & Polish",Internal Page,Follow,ERR,,html,No,2,100.00
https://neomwellbeing.com/products/perfect-nights-sleep-mist,https://neomwellbeing.com/collections/travel,Travel Size,Internal Page,Follow,ERR,,html,No,2,100.00
https://neomwellbeing.com/products/perfect-nights-sleep-mist,https://neomwellbeing.com/collections/body-washes-lotions,"Hand Balms, Washes & Lotions",Internal Page,Follow,ERR,,html,No,2,100.00
https://neomwellbeing.com/products/perfect-nights-sleep-mist,https://neomwellbeing.com/collections/body-butter,Magnesium Body Butters,Internal Page,Follow,ERR,,html,No,2,100.00
https://neomwellbeing.com/products/perfect-nights-sleep-mist,https://neomwellbeing.com/collections/essential-oil-roll-on-pulse-points,Essential Oil Roll-On Pens,Internal Page,Follow,ERR,,html,No,2,100.00
https://neomwellbeing.com/products/perfect-nights-sleep-mist,https://neomwellbeing.com/collections/massage-candles,Massage Candles,Internal Page,Follow,ERR,,html,No,2,100.00
https://neomwellbeing.com/products/perfect-nights-sleep-mist,https://neomwellbeing.com/collections/magnesium,Magnesium,Internal Page,Follow,ERR,,html,No,2,100.00
https://neomwellbeing.com/products/perfect-nights-sleep-mist,https://neomwellbeing.com/collections/super-shower-power-shampoo-conditioner,Shop All Haircare,Internal Page,Follow,ERR,,html,No,2,100.00
https://neomwellbeing.com/products/perfect-nights-sleep-mist,https://neomwellbeing.com/collections/hair-skincare,Shop All Skincare,Internal Page,Follow,ERR,,html,No,2,100.00
https://neomwellbeing.com/products/perfect-nights-sleep-mist,https://neomwellbeing.com/collections/wonder-balm,Wonder Balms,Internal Page,Follow,ERR,,html,No,2,100.00
https://neomwellbeing.com/products/perfect-nights-sleep-mist,https://neomwellbeing.com/collections/cleansing-balm,Cleansers,Internal Page,Follow,ERR,,html,No,2,100.00
https://neomwellbeing.com/products/perfect-nights-sleep-mist,https://neomwellbeing.com/collections/energising-face-mist,Face Mist,Internal Page,Follow,ERR,,html,No,2,100.00
https://neomwellbeing.com/products/perfect-nights-sleep-mist,https://neomwellbeing.com/collections/scent-to-sleep,"Better Sleep
                                                                Stop, breathe, sleep
                                                            
                                                            SHOP NOW 


                                                        
                                                    
                                                            
                                                            Better Sleep",Internal Page,Follow,ERR,,html,No,2,100.00
https://neomwellbeing.com/products/perfect-nights-sleep-mist,https://neomwellbeing.com/collections/scent-to-de-stress,"Less Stress
                                                                Feel the tension lift
                                                            
                                                            SHOP NOW 


                                                        
                                                    
                                                            
                                                            Less Stress",Internal Page,Follow,ERR,,html,No,2,100.00
https://neomwellbeing.com/products/perfect-nights-sleep-mist,https://neomwellbeing.com/collections/scent-to-make-you-happy,"Mood Boost
                                                                Kickstart happy vibes
                                                            
                                                            SHOP NOW 


                                                        
                                                    
                                                            
                                                            Mood Boost",Internal Page,Follow,ERR,,html,No,2,100.00
https://neomwellbeing.com/products/perfect-nights-sleep-mist,https://neomwellbeing.com/collections/scent-to-boost-your-energy,"Energy Boost
                                                                Supercharge you
                                                            
                                                            SHOP NOW 


                                                        
                                                    
                                                            
                                                            Energy Boost",Internal Page,Follow,ERR,,html,No,2,100.00
https://neomwellbeing.com/products/perfect-nights-sleep-mist,https://neomwellbeing.com/pages/wellbeing-gifts,Gifts By Occasion,Internal Page,Follow,ERR,,html,No,2,100.00
https://neomwellbeing.com/products/perfect-nights-sleep-mist,https://neomwellbeing.com/collections/birthday-gifts,Birthday Gifts,Internal Page,Follow,ERR,,html,No,2,100.00
https://neomwellbeing.com/products/perfect-nights-sleep-mist,https://neomwellbeing.com/collections/parent-to-be-gifts,Parent to Be Gifts,Internal Page,Follow,ERR,,html,No,2,100.00
https://neomwellbeing.com/products/perfect-nights-sleep-mist,https://neomwellbeing.com/collections/thank-you-gifts,Thank You Gifts,Internal Page,Follow,ERR,,html,No,2,100.00
https://neomwellbeing.com/products/perfect-nights-sleep-mist,https://neomwellbeing.com/collections/just-because,Just Because Gifts,Internal Page,Follow,ERR,,html,No,2,100.00
https://neomwellbeing.com/products/perfect-nights-sleep-mist,https://neomwellbeing.com/collections/gifts-for-her,Gifts For Her,Internal Page,Follow,ERR,,html,No,2,100.00
https://neomwellbeing.com/products/perfect-nights-sleep-mist,https://neomwellbeing.com/collections/gifts-little-luxuries,Gifts Under £25,Internal Page,Follow,ERR,,html,No,2,100.00
https://neomwellbeing.com/products/perfect-nights-sleep-mist,https://neomwellbeing.com/collections/special-moments,Gifts Under £50,Internal Page,Follow,ERR,,html,No,2,100.00
https://neomwellbeing.com/products/perfect-nights-sleep-mist,https://neomwellbeing.com/collections/ultimate-gifts,Gifts Under £100,Internal Page,Follow,ERR,,html,No,2,100.00
https://neomwellbeing.com/products/perfect-nights-sleep-mist,https://neomwellbeing.com/collections/luxury-gifts,Luxury Gifts,Internal Page,Follow,ERR,,html,No,2,100.00
https://neomwellbeing.com/products/perfect-nights-sleep-mist,https://neomwellbeing.com/collections/gift-boxes-and-gift-bags,Gift Services,Internal Page,Follow,ERR,,html,No,2,100.00
https://neomwellbeing.com/products/perfect-nights-sleep-mist,https://neomwellbeing.com/pages/build-a-wellbeing-gift,Build A Gift & Save 20%,Internal Page,Follow,ERR,,html,No,2,100.00
https://neomwellbeing.com/products/perfect-nights-sleep-mist,https://neomwellbeing.com/products/neom-gift-cards,Digital Gift Cards,Internal Page,Follow,ERR,,html,No,2,100.00
https://neomwellbeing.com/products/perfect-nights-sleep-mist,https://neomwellbeing.com/pages/corporate-gifting,Corporate Gifting,Internal Page,Follow,ERR,,html,No,2,100.00
https://neomwellbeing.com/products/perfect-nights-sleep-mist,https://neomwellbeing.com/collections/wellbeing-outlet,"Wellbeing Outlet
                                                                Save on natural favourites
                                                            
                                                            SHOP NOW 


                                                        
                                                    
                                                            
                                                            Wellbeing Outlet",Internal Page,Follow,ERR,,html,No,2,100.00
https://neomwellbeing.com/products/perfect-nights-sleep-mist,https://neomwellbeing.com/collections/supercharged-collections-with-a-saving,"Bundle & Save
                                                                Find the perfect routine
                                                            
                                                            SHOP NOW 


                                                        
                                                    
                                                            
                                                            Bundle & Save",Internal Page,Follow,ERR,,html,No,2,100.00
https://neomwellbeing.com/products/perfect-nights-sleep-mist,https://neomwellbeing.com/pages/neom-points,Loyalty,Internal Page,Follow,ERR,,html,No,2,100.00
https://neomwellbeing.com/products/perfect-nights-sleep-mist,https://neomwellbeing.com/pages/our-locations,Our Locations,Internal Page,Follow,ERR,,html,No,2,100.00
https://neomwellbeing.com/products/perfect-nights-sleep-mist,https://neomwellbeing.com/pages/careers,Careers,Internal Page,Follow,ERR,,html,No,2,100.00
https://neomwellbeing.com/products/perfect-nights-sleep-mist,https://neomwellbeing.com/blogs/wellbeing,Wellbeing Tips,Internal Page,Follow,ERR,,html,No,2,100.00
https://neomwellbeing.com/products/perfect-nights-sleep-mist,https://neomwellbeing.com/pages/charity-partnerships,Charity Partnership,Internal Page,Follow,ERR,,html,No,2,100.00
https://neomwellbeing.com/products/perfect-nights-sleep-mist,https://neomwellbeing.com/pages/awards,Awards,Internal Page,Follow,ERR,,html,No,2,100.00
https://neomwellbeing.com/products/perfect-nights-sleep-mist,https://neomwellbeing.com/pages/sustainability,"Our Commitment
                                                            LEARN MORE 


                                                        
                                                    
                                                            
                                                            Our Commitment",Internal Page,Follow,ERR,,html,No,2,100.00
https://neomwellbeing.com/products/perfect-nights-sleep-mist,https://neomwellbeing.com/pages/wishlist,,Internal Page,Follow,ERR,,html,No,2,80.00
https://neomwellbeing.com/products/perfect-nights-sleep-mist,https://neomwellbeing.com/,,Internal Page,Follow,ERR,,html,No,0,80.00
https://neomwellbeing.com/products/perfect-nights-sleep-mist,https://neomwellbeing.com/account/login,Sign in,Internal Page,Follow,ERR,,html,No,2,100.00
https://neomwellbeing.com/products/perfect-nights-sleep-mist,https://neomwellbeing.com/pages/shop-by-wellbeing-range,Wellbeing Concern,Internal Page,Follow,ERR,,html,No,2,100.00
https://neomwellbeing.com/products/perfect-nights-sleep-mist,https://neomwellbeing.com/collections/gift-sets,Gifts,Internal Page,Follow,ERR,,html,No,2,100.00
https://neomwellbeing.com/products/perfect-nights-sleep-mist,https://neomwellbeing.com/pages/about-us,About Us,Internal Page,Follow,ERR,,html,No,2,100.00
https://neomwellbeing.com/products/perfect-nights-sleep-mist,https://neomwellbeing.com/products/perfect-nights-sleep-standard-scented-candle,Perfect Night's Sleep Scented Candle,Internal Page,Follow,ERR,,html,No,2,100.00
https://neomwellbeing.com/products/perfect-nights-sleep-mist,https://neomwellbeing.com/products/perfect-nights-sleep-mist-100ml,Perfect Night's Sleep Mist 100ml,Internal Page,Follow,ERR,,html,No,2,100.00
https://neomwellbeing.com/products/perfect-nights-sleep-mist,https://neomwellbeing.com/products/perfect-nights-sleep-travel-scented-candle,,Internal Page,Follow,ERR,,html,No,2,80.00
https://neomwellbeing.com/products/perfect-nights-sleep-mist,https://neomwellbeing.com/products/perfect-nights-sleep-magnesium-body-butter-30ml,,Internal Page,Follow,ERR,,html,No,2,80.00
https://neomwellbeing.com/products/perfect-nights-sleep-mist,https://neomwellbeing.com/products/perfect-nights-sleep-hand-balm-30ml,,Internal Page,Follow,ERR,,html,No,2,80.00
https://neomwellbeing.com/products/perfect-nights-sleep-mist,https://neomwellbeing.com/products/perfect-night-sleep-luxury-scented-candle,,Internal Page,Follow,ERR,,html,No,2,80.00
https://neomwellbeing.com/products/perfect-nights-sleep-mist,https://neomwellbeing.com/products/lucky-dip-large-drawstring-bag,,Internal Page,Follow,ERR,,html,No,2,80.00
https://neomwellbeing.com/products/perfect-nights-sleep-mist,https://neomwellbeing.com/products/perfect-night-sleep-essential-oil-blend-10ml,,Internal Page,Follow,ERR,,html,No,2,80.00
https://neomwellbeing.com/products/perfect-nights-sleep-mist,https://neomwellbeing.com/products/calming-pen-essential-oil-roll-on,,Internal Page,Follow,ERR,,html,No,2,80.00
https://neomwellbeing.com/products/perfect-nights-sleep-mist,https://neomwellbeing.com/products/wellbeing-pod,,Internal Page,Follow,ERR,,html,No,2,80.00
https://neomwellbeing.com/products/perfect-nights-sleep-mist,https://neomwellbeing.com/pages/postage,,Internal Page,Follow,ERR,,html,No,2,80.00
https://neomwellbeing.com/products/perfect-nights-sleep-mist,https://neomwellbeing.com/pages/contact-us,,Internal Page,Follow,ERR,,html,No,2,80.00
https://neomwellbeing.com/products/perfect-nights-sleep-mist,https://neomwellbeing.com/pages/proud-to-be-b-corp,Proud to be B Corp,Internal Page,Follow,ERR,,html,No,2,100.00
https://neomwellbeing.com/products/perfect-nights-sleep-mist,https://neomwellbeing.com/pages/directors-shareholders,Our Directors,Internal Page,Follow,ERR,,html,No,2,100.00
https://neomwellbeing.com/products/perfect-nights-sleep-mist,https://neomwellbeing.com/pages/seo-reviews,Reviews,Internal Page,Follow,ERR,,html,No,2,100.00
https://neomwellbeing.com/products/perfect-nights-sleep-mist,https://neomwellbeing.com/pages/refer-a-friend,Refer a Friend,Internal Page,Follow,ERR,,html,No,2,100.00
https://neomwellbeing.com/products/perfect-nights-sleep-mist,https://neomwellbeing.com/pages/subscriptions,Subscriptions,Internal Page,Follow,ERR,,html,No,2,100.00
https://neomwellbeing.com/products/perfect-nights-sleep-mist,https://neomwellbeing.com/pages/become-a-neom-partner,Become a NEOM Partner,Internal Page,Follow,ERR,,html,No,2,100.00
https://neomwellbeing.com/products/perfect-nights-sleep-mist,https://neomwellbeing.com/pages/neom-ambassadors,NEOM Ambassadors,Internal Page,Follow,ERR,,html,No,2,100.00
https://neomwellbeing.com/products/perfect-nights-sleep-mist,https://neomwellbeing.com/pages/black-friday,Black Friday,Internal Page,Follow,ERR,,html,No,2,100.00
https://neomwellbeing.com/products/perfect-nights-sleep-mist,https://neomwellbeing.com/pages/blue-light-card-discounts,NHS & Key Worker Discounts,Internal Page,Follow,ERR,,html,No,2,100.00
https://neomwellbeing.com/products/perfect-nights-sleep-mist,https://neomwellbeing.com/pages/terms-conditions,Terms & Conditions,Internal Page,Follow,ERR,,html,No,2,100.00
https://neomwellbeing.com/products/perfect-nights-sleep-mist,https://neomwellbeing.com/pages/modern-slavery-statement,Modern Slavery Statement,Internal Page,Follow,ERR,,html,No,2,100.00
https://neomwellbeing.com/products/perfect-nights-sleep-mist,https://neomwellbeing.com/pages/privacy-policy,Privacy Policy,Internal Page,Follow,ERR,,html,No,2,100.00
https://neomwellbeing.com/products/perfect-nights-sleep-mist,https://neomwellbeing.com/pages/cookie-policy,Cookie Policy,Internal Page,Follow,ERR,,html,No,2,100.00
https://neomwellbeing.com/products/perfect-nights-sleep-mist,https://neomwellbeing.com/pages/sitemap,Sitemap,Internal Page,Follow,ERR,,html,No,2,100.00
https://neomwellbeing.com/products/perfect-nights-sleep-mist,https://neomwellbeing.com/blogs/sleep,The Better Sleep Hub,Internal Page,Follow,ERR,,html,No,2,100.00
https://neomwellbeing.com/products/perfect-nights-sleep-mist,https://neomwellbeing.com/blogs/stress,The Less Stress Hub,Internal Page,Follow,ERR,,html,No,2,100.00
https://neomwellbeing.com/products/perfect-nights-sleep-mist,https://neomwellbeing.com/blogs/mood,The Mood-Boosting Hub,Internal Page,Follow,ERR,,html,No,2,100.00
https://neomwellbeing.com/products/perfect-nights-sleep-mist,https://neomwellbeing.com/blogs/energy,The More Energy Hub,Internal Page,Follow,ERR,,html,No,2,100.00
https://neomwellbeing.com/products/perfect-nights-sleep-mist,https://neomwellbeing.com/blogs/news,Trending & News,Internal Page,Follow,ERR,,html,No,2,100.00
https://neomwellbeing.com/products/perfect-nights-sleep-mist,https://neomwellbeing.com/blogs/product-advice,Product Advice & Gift Guides,Internal Page,Follow,ERR,,html,No,2,100.00
https://neomwellbeing.com/products/perfect-nights-sleep-cleansing-balm,https://neomwellbeing.com/products/perfect-nights-sleep-cleansing-balm,Skip to content,Internal Page,Follow,ERR,,html,No,2,100.00
https://neomwellbeing.com/products/perfect-nights-sleep-cleansing-balm,https://neomwellbeing.com/cart,CONTINUE TO CHECKOUT,Internal Page,Follow,ERR,,html,No,1,100.00
https://neomwellbeing.com/products/perfect-nights-sleep-cleansing-balm,https://neomwellbeing.com/collections/body-wash,NEW BODY WASHES. SHOP NOW.,Internal Page,Follow,ERR,,html,No,2,100.00
https://neomwellbeing.com/products/perfect-nights-sleep-cleansing-balm,https://neomwellbeing.com/collections/gift-with-purchase,FREE GIFTS WITH ORDERS £65+,Internal Page,Follow,ERR,,html,No,2,100.00
https://neomwellbeing.com/products/perfect-nights-sleep-cleansing-balm,https://neomwellbeing.com/collections/bestsellers,FREE  STANDARD UK DELIVERY ON ORDERS £60+,Internal Page,Follow,ERR,,html,No,2,100.00
https://neomwellbeing.com/products/perfect-nights-sleep-cleansing-balm,https://neomwellbeing.com/collections/essential-oil-blends,"Essential Oil Blends
                                                                Luxury essential oils
                                                            
                                                            SHOP OILS 


                                                        
                                                    
                                                            
                                                            Essential Oil Blends",Internal Page,Follow,ERR,,html,No,2,100.00
https://neomwellbeing.com/products/perfect-nights-sleep-cleansing-balm,https://neomwellbeing.com/collections/the-wellbeing-pod-mini,"Wellbeing Pod Mini+
                                                                To scent small spaces
                                                            
                                                            SHOP POD MINI+ 


                                                        
                                                    
                                                            
                                                            Wellbeing Pod Mini+",Internal Page,Follow,ERR,,html,No,2,100.00
https://neomwellbeing.com/products/perfect-nights-sleep-cleansing-balm,https://neomwellbeing.com/collections/the-wellbeing-pod,"Wellbeing Pod
                                                                To scent medium spaces
                                                            
                                                            SHOP POD 


                                                        
                                                    
                                                            
                                                            Wellbeing Pod",Internal Page,Follow,ERR,,html,No,2,100.00
https://neomwellbeing.com/products/perfect-nights-sleep-cleansing-balm,https://neomwellbeing.com/collections/wellbeing-pod-luxe,"Wellbeing Pod Luxe
                                                                To scent large spaces
                                                            
                                                            SHOP POD LUXE 


                                                        
                                                    
                                                            
                                                            Wellbeing Pod Luxe",Internal Page,Follow,ERR,,html,No,2,100.00
https://neomwellbeing.com/products/perfect-nights-sleep-cleansing-balm,https://neomwellbeing.com/collections/home-fragrance,Shop All Home Fragrance,Internal Page,Follow,ERR,,html,No,2,100.00
https://neomwellbeing.com/products/perfect-nights-sleep-cleansing-balm,https://neomwellbeing.com/collections/reed-diffusers,Reed Diffusers,Internal Page,Follow,ERR,,html,No,2,100.00
https://neomwellbeing.com/products/perfect-nights-sleep-cleansing-balm,https://neomwellbeing.com/collections/candles,Candles,Internal Page,Follow,ERR,,html,No,2,100.00
https://neomwellbeing.com/products/perfect-nights-sleep-cleansing-balm,https://neomwellbeing.com/collections/electric-diffusers,Wellbeing Pods,Internal Page,Follow,ERR,,html,No,2,100.00
https://neomwellbeing.com/products/perfect-nights-sleep-cleansing-balm,https://neomwellbeing.com/collections/mists,Room Spray,Internal Page,Follow,ERR,,html,No,2,100.00
https://neomwellbeing.com/products/perfect-nights-sleep-cleansing-balm,https://neomwellbeing.com/collections/sleep-mist,Sleep Mist,Internal Page,Follow,ERR,,html,No,2,100.00
https://neomwellbeing.com/products/perfect-nights-sleep-cleansing-balm,https://neomwellbeing.com/collections/bath-body,Shop All Bath & Body,Internal Page,Follow,ERR,,html,No,2,100.00
https://neomwellbeing.com/products/perfect-nights-sleep-cleansing-balm,https://neomwellbeing.com/collections/bath-oils-foams,Bath Foams & Milks,Internal Page,Follow,ERR,,html,No,2,100.00
https://neomwellbeing.com/products/perfect-nights-sleep-cleansing-balm,https://neomwellbeing.com/collections/body-oils-scrubs,"Body Oils, Milks, Scrubs & Polish",Internal Page,Follow,ERR,,html,No,2,100.00
https://neomwellbeing.com/products/perfect-nights-sleep-cleansing-balm,https://neomwellbeing.com/collections/travel,Travel Size,Internal Page,Follow,ERR,,html,No,2,100.00
https://neomwellbeing.com/products/perfect-nights-sleep-cleansing-balm,https://neomwellbeing.com/collections/body-washes-lotions,"Hand Balms, Washes & Lotions",Internal Page,Follow,ERR,,html,No,2,100.00
https://neomwellbeing.com/products/perfect-nights-sleep-cleansing-balm,https://neomwellbeing.com/collections/body-butter,Magnesium Body Butters,Internal Page,Follow,ERR,,html,No,2,100.00
https://neomwellbeing.com/products/perfect-nights-sleep-cleansing-balm,https://neomwellbeing.com/collections/essential-oil-roll-on-pulse-points,Essential Oil Roll-On Pens,Internal Page,Follow,ERR,,html,No,2,100.00
https://neomwellbeing.com/products/perfect-nights-sleep-cleansing-balm,https://neomwellbeing.com/collections/massage-candles,Massage Candles,Internal Page,Follow,ERR,,html,No,2,100.00
https://neomwellbeing.com/products/perfect-nights-sleep-cleansing-balm,https://neomwellbeing.com/collections/magnesium,Magnesium,Internal Page,Follow,ERR,,html,No,2,100.00
https://neomwellbeing.com/products/perfect-nights-sleep-cleansing-balm,https://neomwellbeing.com/collections/super-shower-power-shampoo-conditioner,Shop All Haircare,Internal Page,Follow,ERR,,html,No,2,100.00
https://neomwellbeing.com/products/perfect-nights-sleep-cleansing-balm,https://neomwellbeing.com/collections/hair-skincare,Shop All Skincare,Internal Page,Follow,ERR,,html,No,2,100.00
https://neomwellbeing.com/products/perfect-nights-sleep-cleansing-balm,https://neomwellbeing.com/collections/wonder-balm,Wonder Balms,Internal Page,Follow,ERR,,html,No,2,100.00
https://neomwellbeing.com/products/perfect-nights-sleep-cleansing-balm,https://neomwellbeing.com/collections/cleansing-balm,Cleansers,Internal Page,Follow,ERR,,html,No,2,100.00
https://neomwellbeing.com/products/perfect-nights-sleep-cleansing-balm,https://neomwellbeing.com/collections/energising-face-mist,Face Mist,Internal Page,Follow,ERR,,html,No,2,100.00
https://neomwellbeing.com/products/perfect-nights-sleep-cleansing-balm,https://neomwellbeing.com/collections/scent-to-sleep,"Better Sleep
                                                                Stop, breathe, sleep
                                                            
                                                            SHOP NOW 


                                                        
                                                    
                                                            
                                                            Better Sleep",Internal Page,Follow,ERR,,html,No,2,100.00
https://neomwellbeing.com/products/perfect-nights-sleep-cleansing-balm,https://neomwellbeing.com/collections/scent-to-de-stress,"Less Stress
                                                                Feel the tension lift
                                                            
                                                            SHOP NOW 


                                                        
                                                    
                                                            
                                                            Less Stress",Internal Page,Follow,ERR,,html,No,2,100.00
https://neomwellbeing.com/products/perfect-nights-sleep-cleansing-balm,https://neomwellbeing.com/collections/scent-to-make-you-happy,"Mood Boost
                                                                Kickstart happy vibes
                                                            
                                                            SHOP NOW 


                                                        
                                                    
                                                            
                                                            Mood Boost",Internal Page,Follow,ERR,,html,No,2,100.00
https://neomwellbeing.com/products/perfect-nights-sleep-cleansing-balm,https://neomwellbeing.com/collections/scent-to-boost-your-energy,"Energy Boost
                                                                Supercharge you
                                                            
                                                            SHOP NOW 


                                                        
                                                    
                                                            
                                                            Energy Boost",Internal Page,Follow,ERR,,html,No,2,100.00
https://neomwellbeing.com/products/perfect-nights-sleep-cleansing-balm,https://neomwellbeing.com/pages/wellbeing-gifts,Gifts By Occasion,Internal Page,Follow,ERR,,html,No,2,100.00
https://neomwellbeing.com/products/perfect-nights-sleep-cleansing-balm,https://neomwellbeing.com/collections/birthday-gifts,Birthday Gifts,Internal Page,Follow,ERR,,html,No,2,100.00
https://neomwellbeing.com/products/perfect-nights-sleep-cleansing-balm,https://neomwellbeing.com/collections/parent-to-be-gifts,Parent to Be Gifts,Internal Page,Follow,ERR,,html,No,2,100.00
https://neomwellbeing.com/products/perfect-nights-sleep-cleansing-balm,https://neomwellbeing.com/collections/thank-you-gifts,Thank You Gifts,Internal Page,Follow,ERR,,html,No,2,100.00
https://neomwellbeing.com/products/perfect-nights-sleep-cleansing-balm,https://neomwellbeing.com/collections/just-because,Just Because Gifts,Internal Page,Follow,ERR,,html,No,2,100.00
https://neomwellbeing.com/products/perfect-nights-sleep-cleansing-balm,https://neomwellbeing.com/collections/gifts-for-her,Gifts For Her,Internal Page,Follow,ERR,,html,No,2,100.00
https://neomwellbeing.com/products/perfect-nights-sleep-cleansing-balm,https://neomwellbeing.com/collections/gifts-little-luxuries,Gifts Under £25,Internal Page,Follow,ERR,,html,No,2,100.00
https://neomwellbeing.com/products/perfect-nights-sleep-cleansing-balm,https://neomwellbeing.com/collections/special-moments,Gifts Under £50,Internal Page,Follow,ERR,,html,No,2,100.00
https://neomwellbeing.com/products/perfect-nights-sleep-cleansing-balm,https://neomwellbeing.com/collections/ultimate-gifts,Gifts Under £100,Internal Page,Follow,ERR,,html,No,2,100.00
https://neomwellbeing.com/products/perfect-nights-sleep-cleansing-balm,https://neomwellbeing.com/collections/luxury-gifts,Luxury Gifts,Internal Page,Follow,ERR,,html,No,2,100.00
https://neomwellbeing.com/products/perfect-nights-sleep-cleansing-balm,https://neomwellbeing.com/collections/gift-boxes-and-gift-bags,Gift Services,Internal Page,Follow,ERR,,html,No,2,100.00
https://neomwellbeing.com/products/perfect-nights-sleep-cleansing-balm,https://neomwellbeing.com/pages/build-a-wellbeing-gift,Build A Gift & Save 20%,Internal Page,Follow,ERR,,html,No,2,100.00
https://neomwellbeing.com/products/perfect-nights-sleep-cleansing-balm,https://neomwellbeing.com/products/neom-gift-cards,Digital Gift Cards,Internal Page,Follow,ERR,,html,No,2,100.00
https://neomwellbeing.com/products/perfect-nights-sleep-cleansing-balm,https://neomwellbeing.com/pages/corporate-gifting,Corporate Gifting,Internal Page,Follow,ERR,,html,No,2,100.00
https://neomwellbeing.com/products/perfect-nights-sleep-cleansing-balm,https://neomwellbeing.com/collections/wellbeing-outlet,"Wellbeing Outlet
                                                                Save on natural favourites
                                                            
                                                            SHOP NOW 


                                                        
                                                    
                                                            
                                                            Wellbeing Outlet",Internal Page,Follow,ERR,,html,No,2,100.00
https://neomwellbeing.com/products/perfect-nights-sleep-cleansing-balm,https://neomwellbeing.com/collections/supercharged-collections-with-a-saving,"Bundle & Save
                                                                Find the perfect routine
                                                            
                                                            SHOP NOW 


                                                        
                                                    
                                                            
                                                            Bundle & Save",Internal Page,Follow,ERR,,html,No,2,100.00
https://neomwellbeing.com/products/perfect-nights-sleep-cleansing-balm,https://neomwellbeing.com/pages/neom-points,Loyalty,Internal Page,Follow,ERR,,html,No,2,100.00
https://neomwellbeing.com/products/perfect-nights-sleep-cleansing-balm,https://neomwellbeing.com/pages/our-locations,Our Locations,Internal Page,Follow,ERR,,html,No,2,100.00
https://neomwellbeing.com/products/perfect-nights-sleep-cleansing-balm,https://neomwellbeing.com/pages/careers,Careers,Internal Page,Follow,ERR,,html,No,2,100.00
https://neomwellbeing.com/products/perfect-nights-sleep-cleansing-balm,https://neomwellbeing.com/blogs/wellbeing,Wellbeing Tips,Internal Page,Follow,ERR,,html,No,2,100.00
https://neomwellbeing.com/products/perfect-nights-sleep-cleansing-balm,https://neomwellbeing.com/pages/charity-partnerships,Charity Partnership,Internal Page,Follow,ERR,,html,No,2,100.00
https://neomwellbeing.com/products/perfect-nights-sleep-cleansing-balm,https://neomwellbeing.com/pages/awards,Awards,Internal Page,Follow,ERR,,html,No,2,100.00
https://neomwellbeing.com/products/perfect-nights-sleep-cleansing-balm,https://neomwellbeing.com/pages/sustainability,"Our Commitment
                                                            LEARN MORE 


                                                        
                                                    
                                                            
                                                            Our Commitment",Internal Page,Follow,ERR,,html,No,2,100.00
https://neomwellbeing.com/products/perfect-nights-sleep-cleansing-balm,https://neomwellbeing.com/pages/wishlist,,Internal Page,Follow,ERR,,html,No,2,80.00
https://neomwellbeing.com/products/perfect-nights-sleep-cleansing-balm,https://neomwellbeing.com/,,Internal Page,Follow,ERR,,html,No,0,80.00
https://neomwellbeing.com/products/perfect-nights-sleep-cleansing-balm,https://neomwellbeing.com/account/login,Sign in,Internal Page,Follow,ERR,,html,No,2,100.00
https://neomwellbeing.com/products/perfect-nights-sleep-cleansing-balm,https://neomwellbeing.com/pages/shop-by-wellbeing-range,Wellbeing Concern,Internal Page,Follow,ERR,,html,No,2,100.00
https://neomwellbeing.com/products/perfect-nights-sleep-cleansing-balm,https://neomwellbeing.com/collections/gift-sets,Gifts,Internal Page,Follow,ERR,,html,No,2,100.00
https://neomwellbeing.com/products/perfect-nights-sleep-cleansing-balm,https://neomwellbeing.com/pages/about-us,About Us,Internal Page,Follow,ERR,,html,No,2,100.00
https://neomwellbeing.com/products/perfect-nights-sleep-cleansing-balm,https://neomwellbeing.com/products/perfect-nights-sleep-wonder-balm,,Internal Page,Follow,ERR,,html,No,2,80.00
https://neomwellbeing.com/products/perfect-nights-sleep-cleansing-balm,https://neomwellbeing.com/products/perfect-nights-sleep-mist-100ml,,Internal Page,Follow,ERR,,html,No,2,80.00
https://neomwellbeing.com/products/perfect-nights-sleep-cleansing-balm,https://neomwellbeing.com/products/perfect-nights-sleep-hand-balm-30ml,,Internal Page,Follow,ERR,,html,No,2,80.00
https://neomwellbeing.com/products/perfect-nights-sleep-cleansing-balm,https://neomwellbeing.com/products/perfect-nights-sleep-bath-foam-50ml,,Internal Page,Follow,ERR,,html,No,2,80.00
https://neomwellbeing.com/products/perfect-nights-sleep-cleansing-balm,https://neomwellbeing.com/products/perfect-nights-sleep-magnesium-body-butter,,Internal Page,Follow,ERR,,html,No,2,80.00
https://neomwellbeing.com/products/perfect-nights-sleep-cleansing-balm,https://neomwellbeing.com/products/real-luxury-multi-mineral-body-milk-30ml,,Internal Page,Follow,ERR,,html,No,2,80.00
https://neomwellbeing.com/products/perfect-nights-sleep-cleansing-balm,https://neomwellbeing.com/products/perfect-nights-sleep-travel-scented-candle,,Internal Page,Follow,ERR,,html,No,2,80.00
https://neomwellbeing.com/products/perfect-nights-sleep-cleansing-balm,https://neomwellbeing.com/products/perfect-nights-sleep-bath-foam,,Internal Page,Follow,ERR,,html,No,2,80.00
https://neomwellbeing.com/products/perfect-nights-sleep-cleansing-balm,https://neomwellbeing.com/products/super-shower-power-body-polish-coffee-scrub,,Internal Page,Follow,ERR,,html,No,2,80.00
https://neomwellbeing.com/products/perfect-nights-sleep-cleansing-balm,https://neomwellbeing.com/products/big-day-energy-face-mist,,Internal Page,Follow,ERR,,html,No,2,80.00
https://neomwellbeing.com/products/perfect-nights-sleep-cleansing-balm,https://neomwellbeing.com/pages/postage,,Internal Page,Follow,ERR,,html,No,2,80.00
https://neomwellbeing.com/products/perfect-nights-sleep-cleansing-balm,https://neomwellbeing.com/pages/contact-us,,Internal Page,Follow,ERR,,html,No,2,80.00
https://neomwellbeing.com/products/perfect-nights-sleep-cleansing-balm,https://neomwellbeing.com/pages/proud-to-be-b-corp,Proud to be B Corp,Internal Page,Follow,ERR,,html,No,2,100.00
https://neomwellbeing.com/products/perfect-nights-sleep-cleansing-balm,https://neomwellbeing.com/pages/directors-shareholders,Our Directors,Internal Page,Follow,ERR,,html,No,2,100.00
https://neomwellbeing.com/products/perfect-nights-sleep-cleansing-balm,https://neomwellbeing.com/pages/seo-reviews,Reviews,Internal Page,Follow,ERR,,html,No,2,100.00
https://neomwellbeing.com/products/perfect-nights-sleep-cleansing-balm,https://neomwellbeing.com/pages/refer-a-friend,Refer a Friend,Internal Page,Follow,ERR,,html,No,2,100.00
https://neomwellbeing.com/products/perfect-nights-sleep-cleansing-balm,https://neomwellbeing.com/pages/subscriptions,Subscriptions,Internal Page,Follow,ERR,,html,No,2,100.00
https://neomwellbeing.com/products/perfect-nights-sleep-cleansing-balm,https://neomwellbeing.com/pages/become-a-neom-partner,Become a NEOM Partner,Internal Page,Follow,ERR,,html,No,2,100.00
https://neomwellbeing.com/products/perfect-nights-sleep-cleansing-balm,https://neomwellbeing.com/pages/neom-ambassadors,NEOM Ambassadors,Internal Page,Follow,ERR,,html,No,2,100.00
https://neomwellbeing.com/products/perfect-nights-sleep-cleansing-balm,https://neomwellbeing.com/pages/black-friday,Black Friday,Internal Page,Follow,ERR,,html,No,2,100.00
https://neomwellbeing.com/products/perfect-nights-sleep-cleansing-balm,https://neomwellbeing.com/pages/blue-light-card-discounts,NHS & Key Worker Discounts,Internal Page,Follow,ERR,,html,No,2,100.00
https://neomwellbeing.com/products/perfect-nights-sleep-cleansing-balm,https://neomwellbeing.com/pages/terms-conditions,Terms & Conditions,Internal Page,Follow,ERR,,html,No,2,100.00
https://neomwellbeing.com/products/perfect-nights-sleep-cleansing-balm,https://neomwellbeing.com/pages/modern-slavery-statement,Modern Slavery Statement,Internal Page,Follow,ERR,,html,No,2,100.00
https://neomwellbeing.com/products/perfect-nights-sleep-cleansing-balm,https://neomwellbeing.com/pages/privacy-policy,Privacy Policy,Internal Page,Follow,ERR,,html,No,2,100.00
https://neomwellbeing.com/products/perfect-nights-sleep-cleansing-balm,https://neomwellbeing.com/pages/cookie-policy,Cookie Policy,Internal Page,Follow,ERR,,html,No,2,100.00
https://neomwellbeing.com/products/perfect-nights-sleep-cleansing-balm,https://neomwellbeing.com/pages/sitemap,Sitemap,Internal Page,Follow,ERR,,html,No,2,100.00
https://neomwellbeing.com/products/perfect-nights-sleep-cleansing-balm,https://neomwellbeing.com/blogs/sleep,The Better Sleep Hub,Internal Page,Follow,ERR,,html,No,2,100.00
https://neomwellbeing.com/products/perfect-nights-sleep-cleansing-balm,https://neomwellbeing.com/blogs/stress,The Less Stress Hub,Internal Page,Follow,ERR,,html,No,2,100.00
https://neomwellbeing.com/products/perfect-nights-sleep-cleansing-balm,https://neomwellbeing.com/blogs/mood,The Mood-Boosting Hub,Internal Page,Follow,ERR,,html,No,2,100.00
https://neomwellbeing.com/products/perfect-nights-sleep-cleansing-balm,https://neomwellbeing.com/blogs/energy,The More Energy Hub,Internal Page,Follow,ERR,,html,No,2,100.00
https://neomwellbeing.com/products/perfect-nights-sleep-cleansing-balm,https://neomwellbeing.com/blogs/news,Trending & News,Internal Page,Follow,ERR,,html,No,2,100.00
https://neomwellbeing.com/products/perfect-nights-sleep-cleansing-balm,https://neomwellbeing.com/blogs/product-advice,Product Advice & Gift Guides,Internal Page,Follow,ERR,,html,No,2,100.00
https://neomwellbeing.com/products/supercharged-real-luxury-body-oil,https://neomwellbeing.com/products/supercharged-real-luxury-body-oil,Skip to content,Internal Page,Follow,ERR,,html,No,2,100.00
https://neomwellbeing.com/products/supercharged-real-luxury-body-oil,https://neomwellbeing.com/cart,CONTINUE TO CHECKOUT,Internal Page,Follow,ERR,,html,No,1,100.00
https://neomwellbeing.com/products/supercharged-real-luxury-body-oil,https://neomwellbeing.com/collections/body-wash,NEW BODY WASHES. SHOP NOW.,Internal Page,Follow,ERR,,html,No,2,100.00
https://neomwellbeing.com/products/supercharged-real-luxury-body-oil,https://neomwellbeing.com/collections/gift-with-purchase,FREE GIFTS WITH ORDERS £65+,Internal Page,Follow,ERR,,html,No,2,100.00
https://neomwellbeing.com/products/supercharged-real-luxury-body-oil,https://neomwellbeing.com/collections/bestsellers,FREE  STANDARD UK DELIVERY ON ORDERS £60+,Internal Page,Follow,ERR,,html,No,2,100.00
https://neomwellbeing.com/products/supercharged-real-luxury-body-oil,https://neomwellbeing.com/collections/essential-oil-blends,"Essential Oil Blends
                                                                Luxury essential oils
                                                            
                                                            SHOP OILS 


                                                        
                                                    
                                                            
                                                            Essential Oil Blends",Internal Page,Follow,ERR,,html,No,2,100.00
https://neomwellbeing.com/products/supercharged-real-luxury-body-oil,https://neomwellbeing.com/collections/the-wellbeing-pod-mini,"Wellbeing Pod Mini+
                                                                To scent small spaces
                                                            
                                                            SHOP POD MINI+ 


                                                        
                                                    
                                                            
                                                            Wellbeing Pod Mini+",Internal Page,Follow,ERR,,html,No,2,100.00
https://neomwellbeing.com/products/supercharged-real-luxury-body-oil,https://neomwellbeing.com/collections/the-wellbeing-pod,"Wellbeing Pod
                                                                To scent medium spaces
                                                            
                                                            SHOP POD 


                                                        
                                                    
                                                            
                                                            Wellbeing Pod",Internal Page,Follow,ERR,,html,No,2,100.00
https://neomwellbeing.com/products/supercharged-real-luxury-body-oil,https://neomwellbeing.com/collections/wellbeing-pod-luxe,"Wellbeing Pod Luxe
                                                                To scent large spaces
                                                            
                                                            SHOP POD LUXE 


                                                        
                                                    
                                                            
                                                            Wellbeing Pod Luxe",Internal Page,Follow,ERR,,html,No,2,100.00
https://neomwellbeing.com/products/supercharged-real-luxury-body-oil,https://neomwellbeing.com/collections/home-fragrance,Shop All Home Fragrance,Internal Page,Follow,ERR,,html,No,2,100.00
https://neomwellbeing.com/products/supercharged-real-luxury-body-oil,https://neomwellbeing.com/collections/reed-diffusers,Reed Diffusers,Internal Page,Follow,ERR,,html,No,2,100.00
https://neomwellbeing.com/products/supercharged-real-luxury-body-oil,https://neomwellbeing.com/collections/candles,Candles,Internal Page,Follow,ERR,,html,No,2,100.00
https://neomwellbeing.com/products/supercharged-real-luxury-body-oil,https://neomwellbeing.com/collections/electric-diffusers,Wellbeing Pods,Internal Page,Follow,ERR,,html,No,2,100.00
https://neomwellbeing.com/products/supercharged-real-luxury-body-oil,https://neomwellbeing.com/collections/mists,Room Spray,Internal Page,Follow,ERR,,html,No,2,100.00
https://neomwellbeing.com/products/supercharged-real-luxury-body-oil,https://neomwellbeing.com/collections/sleep-mist,Sleep Mist,Internal Page,Follow,ERR,,html,No,2,100.00
https://neomwellbeing.com/products/supercharged-real-luxury-body-oil,https://neomwellbeing.com/collections/bath-body,Shop All Bath & Body,Internal Page,Follow,ERR,,html,No,2,100.00
https://neomwellbeing.com/products/supercharged-real-luxury-body-oil,https://neomwellbeing.com/collections/bath-oils-foams,Bath Foams & Milks,Internal Page,Follow,ERR,,html,No,2,100.00
https://neomwellbeing.com/products/supercharged-real-luxury-body-oil,https://neomwellbeing.com/collections/body-oils-scrubs,"Body Oils, Milks, Scrubs & Polish",Internal Page,Follow,ERR,,html,No,2,100.00
https://neomwellbeing.com/products/supercharged-real-luxury-body-oil,https://neomwellbeing.com/collections/travel,Travel Size,Internal Page,Follow,ERR,,html,No,2,100.00
https://neomwellbeing.com/products/supercharged-real-luxury-body-oil,https://neomwellbeing.com/collections/body-washes-lotions,"Hand Balms, Washes & Lotions",Internal Page,Follow,ERR,,html,No,2,100.00
https://neomwellbeing.com/products/supercharged-real-luxury-body-oil,https://neomwellbeing.com/collections/body-butter,Magnesium Body Butters,Internal Page,Follow,ERR,,html,No,2,100.00
https://neomwellbeing.com/products/supercharged-real-luxury-body-oil,https://neomwellbeing.com/collections/essential-oil-roll-on-pulse-points,Essential Oil Roll-On Pens,Internal Page,Follow,ERR,,html,No,2,100.00
https://neomwellbeing.com/products/supercharged-real-luxury-body-oil,https://neomwellbeing.com/collections/massage-candles,Massage Candles,Internal Page,Follow,ERR,,html,No,2,100.00
https://neomwellbeing.com/products/supercharged-real-luxury-body-oil,https://neomwellbeing.com/collections/magnesium,Magnesium,Internal Page,Follow,ERR,,html,No,2,100.00
https://neomwellbeing.com/products/supercharged-real-luxury-body-oil,https://neomwellbeing.com/collections/super-shower-power-shampoo-conditioner,Shop All Haircare,Internal Page,Follow,ERR,,html,No,2,100.00
https://neomwellbeing.com/products/supercharged-real-luxury-body-oil,https://neomwellbeing.com/collections/hair-skincare,Shop All Skincare,Internal Page,Follow,ERR,,html,No,2,100.00
https://neomwellbeing.com/products/supercharged-real-luxury-body-oil,https://neomwellbeing.com/collections/wonder-balm,Wonder Balms,Internal Page,Follow,ERR,,html,No,2,100.00
https://neomwellbeing.com/products/supercharged-real-luxury-body-oil,https://neomwellbeing.com/collections/cleansing-balm,Cleansers,Internal Page,Follow,ERR,,html,No,2,100.00
https://neomwellbeing.com/products/supercharged-real-luxury-body-oil,https://neomwellbeing.com/collections/energising-face-mist,Face Mist,Internal Page,Follow,ERR,,html,No,2,100.00
https://neomwellbeing.com/products/supercharged-real-luxury-body-oil,https://neomwellbeing.com/collections/scent-to-sleep,"Better Sleep
                                                                Stop, breathe, sleep
                                                            
                                                            SHOP NOW 


                                                        
                                                    
                                                            
                                                            Better Sleep",Internal Page,Follow,ERR,,html,No,2,100.00
https://neomwellbeing.com/products/supercharged-real-luxury-body-oil,https://neomwellbeing.com/collections/scent-to-de-stress,"Less Stress
                                                                Feel the tension lift
                                                            
                                                            SHOP NOW 


                                                        
                                                    
                                                            
                                                            Less Stress",Internal Page,Follow,ERR,,html,No,2,100.00
https://neomwellbeing.com/products/supercharged-real-luxury-body-oil,https://neomwellbeing.com/collections/scent-to-make-you-happy,"Mood Boost
                                                                Kickstart happy vibes
                                                            
                                                            SHOP NOW 


                                                        
                                                    
                                                            
                                                            Mood Boost",Internal Page,Follow,ERR,,html,No,2,100.00
https://neomwellbeing.com/products/supercharged-real-luxury-body-oil,https://neomwellbeing.com/collections/scent-to-boost-your-energy,"Energy Boost
                                                                Supercharge you
                                                            
                                                            SHOP NOW 


                                                        
                                                    
                                                            
                                                            Energy Boost",Internal Page,Follow,ERR,,html,No,2,100.00
https://neomwellbeing.com/products/supercharged-real-luxury-body-oil,https://neomwellbeing.com/pages/wellbeing-gifts,Gifts By Occasion,Internal Page,Follow,ERR,,html,No,2,100.00
https://neomwellbeing.com/products/supercharged-real-luxury-body-oil,https://neomwellbeing.com/collections/birthday-gifts,Birthday Gifts,Internal Page,Follow,ERR,,html,No,2,100.00
https://neomwellbeing.com/products/supercharged-real-luxury-body-oil,https://neomwellbeing.com/collections/parent-to-be-gifts,Parent to Be Gifts,Internal Page,Follow,ERR,,html,No,2,100.00
https://neomwellbeing.com/products/supercharged-real-luxury-body-oil,https://neomwellbeing.com/collections/thank-you-gifts,Thank You Gifts,Internal Page,Follow,ERR,,html,No,2,100.00
https://neomwellbeing.com/products/supercharged-real-luxury-body-oil,https://neomwellbeing.com/collections/just-because,Just Because Gifts,Internal Page,Follow,ERR,,html,No,2,100.00
https://neomwellbeing.com/products/supercharged-real-luxury-body-oil,https://neomwellbeing.com/collections/gifts-for-her,Gifts For Her,Internal Page,Follow,ERR,,html,No,2,100.00
https://neomwellbeing.com/products/supercharged-real-luxury-body-oil,https://neomwellbeing.com/collections/gifts-little-luxuries,Gifts Under £25,Internal Page,Follow,ERR,,html,No,2,100.00
https://neomwellbeing.com/products/supercharged-real-luxury-body-oil,https://neomwellbeing.com/collections/special-moments,Gifts Under £50,Internal Page,Follow,ERR,,html,No,2,100.00
https://neomwellbeing.com/products/supercharged-real-luxury-body-oil,https://neomwellbeing.com/collections/ultimate-gifts,Gifts Under £100,Internal Page,Follow,ERR,,html,No,2,100.00
https://neomwellbeing.com/products/supercharged-real-luxury-body-oil,https://neomwellbeing.com/collections/luxury-gifts,Luxury Gifts,Internal Page,Follow,ERR,,html,No,2,100.00
https://neomwellbeing.com/products/supercharged-real-luxury-body-oil,https://neomwellbeing.com/collections/gift-boxes-and-gift-bags,Gift Services,Internal Page,Follow,ERR,,html,No,2,100.00
https://neomwellbeing.com/products/supercharged-real-luxury-body-oil,https://neomwellbeing.com/pages/build-a-wellbeing-gift,Build A Gift & Save 20%,Internal Page,Follow,ERR,,html,No,2,100.00
https://neomwellbeing.com/products/supercharged-real-luxury-body-oil,https://neomwellbeing.com/products/neom-gift-cards,Digital Gift Cards,Internal Page,Follow,ERR,,html,No,2,100.00
https://neomwellbeing.com/products/supercharged-real-luxury-body-oil,https://neomwellbeing.com/pages/corporate-gifting,Corporate Gifting,Internal Page,Follow,ERR,,html,No,2,100.00
https://neomwellbeing.com/products/supercharged-real-luxury-body-oil,https://neomwellbeing.com/collections/wellbeing-outlet,"Wellbeing Outlet
                                                                Save on natural favourites
                                                            
                                                            SHOP NOW 


                                                        
                                                    
                                                            
                                                            Wellbeing Outlet",Internal Page,Follow,ERR,,html,No,2,100.00
https://neomwellbeing.com/products/supercharged-real-luxury-body-oil,https://neomwellbeing.com/collections/supercharged-collections-with-a-saving,"Bundle & Save
                                                                Find the perfect routine
                                                            
                                                            SHOP NOW 


                                                        
                                                    
                                                            
                                                            Bundle & Save",Internal Page,Follow,ERR,,html,No,2,100.00
https://neomwellbeing.com/products/supercharged-real-luxury-body-oil,https://neomwellbeing.com/pages/neom-points,Loyalty,Internal Page,Follow,ERR,,html,No,2,100.00
https://neomwellbeing.com/products/supercharged-real-luxury-body-oil,https://neomwellbeing.com/pages/our-locations,Our Locations,Internal Page,Follow,ERR,,html,No,2,100.00
https://neomwellbeing.com/products/supercharged-real-luxury-body-oil,https://neomwellbeing.com/pages/careers,Careers,Internal Page,Follow,ERR,,html,No,2,100.00
https://neomwellbeing.com/products/supercharged-real-luxury-body-oil,https://neomwellbeing.com/blogs/wellbeing,Wellbeing Tips,Internal Page,Follow,ERR,,html,No,2,100.00
https://neomwellbeing.com/products/supercharged-real-luxury-body-oil,https://neomwellbeing.com/pages/charity-partnerships,Charity Partnership,Internal Page,Follow,ERR,,html,No,2,100.00
https://neomwellbeing.com/products/supercharged-real-luxury-body-oil,https://neomwellbeing.com/pages/awards,Awards,Internal Page,Follow,ERR,,html,No,2,100.00
https://neomwellbeing.com/products/supercharged-real-luxury-body-oil,https://neomwellbeing.com/pages/sustainability,"Our Commitment
                                                            LEARN MORE 


                                                        
                                                    
                                                            
                                                            Our Commitment",Internal Page,Follow,ERR,,html,No,2,100.00
https://neomwellbeing.com/products/supercharged-real-luxury-body-oil,https://neomwellbeing.com/pages/wishlist,,Internal Page,Follow,ERR,,html,No,2,80.00
https://neomwellbeing.com/products/supercharged-real-luxury-body-oil,https://neomwellbeing.com/,,Internal Page,Follow,ERR,,html,No,0,80.00
https://neomwellbeing.com/products/supercharged-real-luxury-body-oil,https://neomwellbeing.com/account/login,Sign in,Internal Page,Follow,ERR,,html,No,2,100.00
https://neomwellbeing.com/products/supercharged-real-luxury-body-oil,https://neomwellbeing.com/pages/shop-by-wellbeing-range,Wellbeing Concern,Internal Page,Follow,ERR,,html,No,2,100.00
https://neomwellbeing.com/products/supercharged-real-luxury-body-oil,https://neomwellbeing.com/collections/gift-sets,Gifts,Internal Page,Follow,ERR,,html,No,2,100.00
https://neomwellbeing.com/products/supercharged-real-luxury-body-oil,https://neomwellbeing.com/pages/about-us,About Us,Internal Page,Follow,ERR,,html,No,2,100.00
https://neomwellbeing.com/products/supercharged-real-luxury-body-oil,https://neomwellbeing.com/products/real-luxury-bath-foam,,Internal Page,Follow,ERR,,html,No,2,80.00
https://neomwellbeing.com/products/supercharged-real-luxury-body-oil,https://neomwellbeing.com/products/real-luxury-magnesium-body-butter,,Internal Page,Follow,ERR,,html,No,2,80.00
https://neomwellbeing.com/products/supercharged-real-luxury-body-oil,https://neomwellbeing.com/products/real-luxury-room-spray,,Internal Page,Follow,ERR,,html,No,2,80.00
https://neomwellbeing.com/products/supercharged-real-luxury-body-oil,https://neomwellbeing.com/products/perfect-nights-sleep-wonder-balm,,Internal Page,Follow,ERR,,html,No,2,80.00
https://neomwellbeing.com/products/supercharged-real-luxury-body-oil,https://neomwellbeing.com/products/real-luxury-body-scrub,,Internal Page,Follow,ERR,,html,No,2,80.00
https://neomwellbeing.com/products/supercharged-real-luxury-body-oil,https://neomwellbeing.com/products/pro-vitamin-d3-dry-body-oil,,Internal Page,Follow,ERR,,html,No,2,80.00
https://neomwellbeing.com/products/supercharged-real-luxury-body-oil,https://neomwellbeing.com/products/real-luxury-essential-oil-blend-10ml,,Internal Page,Follow,ERR,,html,No,2,80.00
https://neomwellbeing.com/products/supercharged-real-luxury-body-oil,https://neomwellbeing.com/products/real-luxury-magnesium-bath-milk-300ml,,Internal Page,Follow,ERR,,html,No,2,80.00
https://neomwellbeing.com/products/supercharged-real-luxury-body-oil,https://neomwellbeing.com/products/real-luxury-multi-mineral-body-milk-30ml,,Internal Page,Follow,ERR,,html,No,2,80.00
https://neomwellbeing.com/products/supercharged-real-luxury-body-oil,https://neomwellbeing.com/products/real-luxury-multi-mineral-body-milk-200ml,,Internal Page,Follow,ERR,,html,No,2,80.00
https://neomwellbeing.com/products/supercharged-real-luxury-body-oil,https://neomwellbeing.com/pages/postage,,Internal Page,Follow,ERR,,html,No,2,80.00
https://neomwellbeing.com/products/supercharged-real-luxury-body-oil,https://neomwellbeing.com/pages/contact-us,,Internal Page,Follow,ERR,,html,No,2,80.00
https://neomwellbeing.com/products/supercharged-real-luxury-body-oil,https://neomwellbeing.com/pages/proud-to-be-b-corp,Proud to be B Corp,Internal Page,Follow,ERR,,html,No,2,100.00
https://neomwellbeing.com/products/supercharged-real-luxury-body-oil,https://neomwellbeing.com/pages/directors-shareholders,Our Directors,Internal Page,Follow,ERR,,html,No,2,100.00
https://neomwellbeing.com/products/supercharged-real-luxury-body-oil,https://neomwellbeing.com/pages/seo-reviews,Reviews,Internal Page,Follow,ERR,,html,No,2,100.00
https://neomwellbeing.com/products/supercharged-real-luxury-body-oil,https://neomwellbeing.com/pages/refer-a-friend,Refer a Friend,Internal Page,Follow,ERR,,html,No,2,100.00
https://neomwellbeing.com/products/supercharged-real-luxury-body-oil,https://neomwellbeing.com/pages/subscriptions,Subscriptions,Internal Page,Follow,ERR,,html,No,2,100.00
https://neomwellbeing.com/products/supercharged-real-luxury-body-oil,https://neomwellbeing.com/pages/become-a-neom-partner,Become a NEOM Partner,Internal Page,Follow,ERR,,html,No,2,100.00
https://neomwellbeing.com/products/supercharged-real-luxury-body-oil,https://neomwellbeing.com/pages/neom-ambassadors,NEOM Ambassadors,Internal Page,Follow,ERR,,html,No,2,100.00
https://neomwellbeing.com/products/supercharged-real-luxury-body-oil,https://neomwellbeing.com/pages/black-friday,Black Friday,Internal Page,Follow,ERR,,html,No,2,100.00
https://neomwellbeing.com/products/supercharged-real-luxury-body-oil,https://neomwellbeing.com/pages/blue-light-card-discounts,NHS & Key Worker Discounts,Internal Page,Follow,ERR,,html,No,2,100.00
https://neomwellbeing.com/products/supercharged-real-luxury-body-oil,https://neomwellbeing.com/pages/terms-conditions,Terms & Conditions,Internal Page,Follow,ERR,,html,No,2,100.00
https://neomwellbeing.com/products/supercharged-real-luxury-body-oil,https://neomwellbeing.com/pages/modern-slavery-statement,Modern Slavery Statement,Internal Page,Follow,ERR,,html,No,2,100.00
https://neomwellbeing.com/products/supercharged-real-luxury-body-oil,https://neomwellbeing.com/pages/privacy-policy,Privacy Policy,Internal Page,Follow,ERR,,html,No,2,100.00
https://neomwellbeing.com/products/supercharged-real-luxury-body-oil,https://neomwellbeing.com/pages/cookie-policy,Cookie Policy,Internal Page,Follow,ERR,,html,No,2,100.00
https://neomwellbeing.com/products/supercharged-real-luxury-body-oil,https://neomwellbeing.com/pages/sitemap,Sitemap,Internal Page,Follow,ERR,,html,No,2,100.00
https://neomwellbeing.com/products/supercharged-real-luxury-body-oil,https://neomwellbeing.com/blogs/sleep,The Better Sleep Hub,Internal Page,Follow,ERR,,html,No,2,100.00
https://neomwellbeing.com/products/supercharged-real-luxury-body-oil,https://neomwellbeing.com/blogs/stress,The Less Stress Hub,Internal Page,Follow,ERR,,html,No,2,100.00
https://neomwellbeing.com/products/supercharged-real-luxury-body-oil,https://neomwellbeing.com/blogs/mood,The Mood-Boosting Hub,Internal Page,Follow,ERR,,html,No,2,100.00
https://neomwellbeing.com/products/supercharged-real-luxury-body-oil,https://neomwellbeing.com/blogs/energy,The More Energy Hub,Internal Page,Follow,ERR,,html,No,2,100.00
https://neomwellbeing.com/products/supercharged-real-luxury-body-oil,https://neomwellbeing.com/blogs/news,Trending & News,Internal Page,Follow,ERR,,html,No,2,100.00
https://neomwellbeing.com/products/supercharged-real-luxury-body-oil,https://neomwellbeing.com/blogs/product-advice,Product Advice & Gift Guides,Internal Page,Follow,ERR,,html,No,2,100.00
