Source URL,Target URL,Link Text,Link Type,Follow Type,HTTP Status,Redirect Chain,Content Type,In Navigation,Link Depth,Link Quality Score
https://www.leica-microsystems.com/,https://www.leica-microsystems.com/shop/,Online Shop,Internal Page,Follow,ERR,,html,No,1,100.00
https://www.leica-microsystems.com/,https://www.leica-microsystems.com/,Leica Microsystems Logo,Internal Page,Follow,ERR,,html,No,0,100.00
https://www.leica-microsystems.com/,https://www.leica-microsystems.com/products/,Products,Internal Page,Follow,ERR,,html,No,1,100.00
https://www.leica-microsystems.com/,https://www.leica-microsystems.com/products/atto-tec-consumables/,ATTO-TEC Consumables,Internal Page,Follow,ERR,,html,No,2,100.00
https://www.leica-microsystems.com/,https://www.leica-microsystems.com/products/atto-tec-consumables/spatial-biology-reagents/,Spatial Biology Reagents,Internal Page,Follow,ERR,,html,No,3,100.00
https://www.leica-microsystems.com/,https://www.leica-microsystems.com/products/atto-tec-consumables/fluorescent-labels/,Fluorescent Labels,Internal Page,Follow,ERR,,html,No,3,100.00
https://www.leica-microsystems.com/,https://www.leica-microsystems.com/products/atto-tec-consumables/fluorescence-quenchers/,Fluorescence Quenchers,Internal Page,Follow,ERR,,html,No,3,100.00
https://www.leica-microsystems.com/,https://www.leica-microsystems.com/products/atto-tec-consumables/large-stokes-dyes/,Large Stokes Dyes,Internal Page,Follow,ERR,,html,No,3,100.00
https://www.leica-microsystems.com/,https://www.leica-microsystems.com/products/atto-tec-consumables/redox-label/,Redox-Label,Internal Page,Follow,ERR,,html,No,3,100.00
https://www.leica-microsystems.com/,https://www.leica-microsystems.com/products/light-microscopes/,Light Microscopes,Internal Page,Follow,ERR,,html,No,2,100.00
https://www.leica-microsystems.com/,https://www.leica-microsystems.com/products/light-microscopes/upright-microscopes/,Upright Microscopes,Internal Page,Follow,ERR,,html,No,3,100.00
https://www.leica-microsystems.com/,https://www.leica-microsystems.com/products/light-microscopes/inverted-microscopes/,Inverted Microscopes,Internal Page,Follow,ERR,,html,No,3,100.00
https://www.leica-microsystems.com/,https://www.leica-microsystems.com/products/light-microscopes/stereo-microscopes/,Stereo Microscopes,Internal Page,Follow,ERR,,html,No,3,100.00
https://www.leica-microsystems.com/,https://www.leica-microsystems.com/products/confocal-microscopes/,Confocal Microscopes,Internal Page,Follow,ERR,,html,No,2,100.00
https://www.leica-microsystems.com/,https://www.leica-microsystems.com/products/light-sheet-microscopes/,Light Sheet Microscopes,Internal Page,Follow,ERR,,html,No,2,100.00
https://www.leica-microsystems.com/,https://www.leica-microsystems.com/products/digital-microscopes/,Digital Microscopes,Internal Page,Follow,ERR,,html,No,2,100.00
https://www.leica-microsystems.com/,https://www.leica-microsystems.com/products/surgical-microscopes/,Surgical Microscopes,Internal Page,Follow,ERR,,html,No,2,100.00
https://www.leica-microsystems.com/,https://www.leica-microsystems.com/products/sample-preparation-for-electron-microscopy/,Sample Preparation for Electron Microscopy,Internal Page,Follow,ERR,,html,No,2,100.00
https://www.leica-microsystems.com/,https://www.leica-microsystems.com/objectivefinder/,Objectivefinder,Internal Page,Follow,ERR,,html,No,1,100.00
https://www.leica-microsystems.com/,https://www.leica-microsystems.com/products/microscope-software/,Microscope Software,Internal Page,Follow,ERR,,html,No,2,100.00
https://www.leica-microsystems.com/,https://www.leica-microsystems.com/products/microscope-cameras/,Microscope Cameras,Internal Page,Follow,ERR,,html,No,2,100.00
https://www.leica-microsystems.com/,https://www.leica-microsystems.com/products/microscope-accessories/,Microscope Parts & Accessories,Internal Page,Follow,ERR,,html,No,2,100.00
https://www.leica-microsystems.com/,https://www.leica-microsystems.com/products/microscope-accessories/microscope-objective-lens/,Microscope Objective Lens,Internal Page,Follow,ERR,,html,No,3,100.00
https://www.leica-microsystems.com/,https://www.leica-microsystems.com/products/microscope-accessories/led-illumination/,Illumination,Internal Page,Follow,ERR,,html,No,3,100.00
https://www.leica-microsystems.com/,https://www.leica-microsystems.com/products/microscope-accessories/ergonomic-accessories-for-stereo-microscopes-and-macroscopes/,Ergonomic Accessories,Internal Page,Follow,ERR,,html,No,3,100.00
https://www.leica-microsystems.com/,https://www.leica-microsystems.com/products/microscope-accessories/incubation-systems-and-stages/,Incubation Systems and Stages,Internal Page,Follow,ERR,,html,No,3,100.00
https://www.leica-microsystems.com/,https://www.leica-microsystems.com/products/microscope-accessories/leitz-system-supplier-for-oem/,Leitz Optic Center,Internal Page,Follow,ERR,,html,No,3,100.00
https://www.leica-microsystems.com/,https://www.leica-microsystems.com/applications/,Applications,Internal Page,Follow,ERR,,html,No,1,100.00
https://www.leica-microsystems.com/,https://www.leica-microsystems.com/applications/medical/,Medical Specialties,Internal Page,Follow,ERR,,html,No,2,100.00
https://www.leica-microsystems.com/,https://www.leica-microsystems.com/applications/medical/neurosurgery/,Neurosurgery,Internal Page,Follow,ERR,,html,No,3,100.00
https://www.leica-microsystems.com/,https://www.leica-microsystems.com/applications/medical/ent/,ENT,Internal Page,Follow,ERR,,html,No,3,100.00
https://www.leica-microsystems.com/,https://www.leica-microsystems.com/applications/medical/plastic-reconstructive-surgery/,Plastic Surgery,Internal Page,Follow,ERR,,html,No,3,100.00
https://www.leica-microsystems.com/,https://www.leica-microsystems.com/applications/medical/ophthalmology/,Ophthalmology,Internal Page,Follow,ERR,,html,No,3,100.00
https://www.leica-microsystems.com/,https://www.leica-microsystems.com/applications/medical/dental-surgical-microscopy/,Dentistry,Internal Page,Follow,ERR,,html,No,3,100.00
https://www.leica-microsystems.com/,https://www.leica-microsystems.com/applications/clinical-laboratories/,Pathology,Internal Page,Follow,ERR,,html,No,2,100.00
https://www.leica-microsystems.com/,https://www.leica-microsystems.com/applications/life-science/,Life Science Research,Internal Page,Follow,ERR,,html,No,2,100.00
https://www.leica-microsystems.com/,https://www.leica-microsystems.com/applications/life-science/biopharma/,Biopharma,Internal Page,Follow,ERR,,html,No,3,100.00
https://www.leica-microsystems.com/,https://www.leica-microsystems.com/applications/life-science/em-sample-prep-workflows-uses/,EM Sample Prep Workflows & Uses,Internal Page,Follow,ERR,,html,No,3,100.00
https://www.leica-microsystems.com/,https://www.leica-microsystems.com/applications/life-science/advanced-tissue-imaging-analysis/,Advanced Tissue Imaging & Analysis,Internal Page,Follow,ERR,,html,No,3,100.00
https://www.leica-microsystems.com/,https://www.leica-microsystems.com/applications/life-science/organoids-and-3d-cell-culture/,Organoids & 3D Cell Culture,Internal Page,Follow,ERR,,html,No,3,100.00
https://www.leica-microsystems.com/,https://www.leica-microsystems.com/applications/life-science/cell-culture/,Cell Culture,Internal Page,Follow,ERR,,html,No,3,100.00
https://www.leica-microsystems.com/,https://www.leica-microsystems.com/applications/life-science/cellular-analysis/,Cellular Analysis,Internal Page,Follow,ERR,,html,No,3,100.00
https://www.leica-microsystems.com/,https://www.leica-microsystems.com/applications/life-science/cell-biology/,Cell Biology,Internal Page,Follow,ERR,,html,No,3,100.00
https://www.leica-microsystems.com/,https://www.leica-microsystems.com/applications/life-science/correlative-light-and-electron-microscopy-clem/,Correlative Light & Electron Microscopy,Internal Page,Follow,ERR,,html,No,3,100.00
https://www.leica-microsystems.com/,https://www.leica-microsystems.com/applications/industrial-microscopy-markets/,Industrial Microscopy,Internal Page,Follow,ERR,,html,No,2,100.00
https://www.leica-microsystems.com/,https://www.leica-microsystems.com/applications/industrial-microscopy-markets/metal-industry/,Metal Industry,Internal Page,Follow,ERR,,html,No,3,100.00
https://www.leica-microsystems.com/,https://www.leica-microsystems.com/applications/industrial-microscopy-markets/electronics-semiconductor/,Electronics & Semiconductor Industry,Internal Page,Follow,ERR,,html,No,3,100.00
https://www.leica-microsystems.com/,https://www.leica-microsystems.com/applications/industrial-microscopy-markets/battery-manufacturing/,Battery Manufacturing,Internal Page,Follow,ERR,,html,No,3,100.00
https://www.leica-microsystems.com/,https://www.leica-microsystems.com/applications/industrial-microscopy-markets/automotive-aerospace/,Automotive & Aerospace,Internal Page,Follow,ERR,,html,No,3,100.00
https://www.leica-microsystems.com/,https://www.leica-microsystems.com/applications/industrial-microscopy-markets/medical-device-qa-qc/,Medical Device QA QC,Internal Page,Follow,ERR,,html,No,3,100.00
https://www.leica-microsystems.com/,https://www.leica-microsystems.com/applications/industrial-microscopy-markets/industrial-applications/,Industrial Applications,Internal Page,Follow,ERR,,html,No,3,100.00
https://www.leica-microsystems.com/,https://www.leica-microsystems.com/applications/clinical-laboratories/clinical-pathology/,Clinical Pathology,Internal Page,Follow,ERR,,html,No,3,100.00
https://www.leica-microsystems.com/,https://www.leica-microsystems.com/applications/clinical-laboratories/anatomic-pathology/,Anatomic Pathology,Internal Page,Follow,ERR,,html,No,3,100.00
https://www.leica-microsystems.com/,https://www.leica-microsystems.com/applications/forensic-science/,Forensic Science,Internal Page,Follow,ERR,,html,No,2,100.00
https://www.leica-microsystems.com/,https://www.leica-microsystems.com/applications/education/,Education,Internal Page,Follow,ERR,,html,No,2,100.00
https://www.leica-microsystems.com/,https://www.leica-microsystems.com/service/,Service,Internal Page,Follow,ERR,,html,No,1,100.00
https://www.leica-microsystems.com/,https://www.leica-microsystems.com/science-lab/,Learn & Share,Internal Page,Follow,ERR,,html,No,1,100.00
https://www.leica-microsystems.com/,https://www.leica-microsystems.com/science-lab/medical/,Medical Specialties,Internal Page,Follow,ERR,,html,No,2,100.00
https://www.leica-microsystems.com/,https://www.leica-microsystems.com/science-lab/medical/the-guide-to-augmented-reality-in-microsurgery/,Guide to AR in Microsurgery,Internal Page,Follow,ERR,,html,No,3,100.00
https://www.leica-microsystems.com/,https://www.leica-microsystems.com/science-lab/medical/aneurysm-clipping-assessing-perforators-in-real-time-with-ar-fluorescence/,AR Fluorescence for Aneurysm Clipping: Perforators,Internal Page,Follow,ERR,,html,No,3,100.00
https://www.leica-microsystems.com/,https://www.leica-microsystems.com/science-lab/medical/real-time-oct-imaging-impact-corneal-surgery/,Real-Time OCT Impact Corneal Surgery,Internal Page,Follow,ERR,,html,No,3,100.00
https://www.leica-microsystems.com/,https://www.leica-microsystems.com/science-lab/medical/tympanoplasty-surgery-optimal-approaches-and-tools/,Approaches and Tools for Tympanoplasty Surgery,Internal Page,Follow,ERR,,html,No,3,100.00
https://www.leica-microsystems.com/,https://www.leica-microsystems.com/science-lab/medical/a-guide-to-oct/,A Guide to OCT,Internal Page,Follow,ERR,,html,No,3,100.00
https://www.leica-microsystems.com/,https://www.leica-microsystems.com/science-lab/medical/how-to-drape-a-surgical-microscope/,How to Drape a Surgical Microscope,Internal Page,Follow,ERR,,html,No,3,100.00
https://www.leica-microsystems.com/,https://www.leica-microsystems.com/science-lab/medical/ophthalmology-visualization-in-complex-cataract-surgery/,Visualization in Complex Cataract Surgery,Internal Page,Follow,ERR,,html,No,3,100.00
https://www.leica-microsystems.com/,https://www.leica-microsystems.com/science-lab/life-science/,Life Science Research,Internal Page,Follow,ERR,,html,No,2,100.00
https://www.leica-microsystems.com/,https://www.leica-microsystems.com/science-lab/microscopy-basics/a-guide-to-fluorescence-microscopy/,A Guide to Fluorescence Microscopy,Internal Page,Follow,ERR,,html,No,3,100.00
https://www.leica-microsystems.com/,https://www.leica-microsystems.com/science-lab/life-science/a-guide-to-spatial-biology/,A Guide to Spatial Biology,Internal Page,Follow,ERR,,html,No,3,100.00
https://www.leica-microsystems.com/,https://www.leica-microsystems.com/science-lab/life-science/guide-to-live-cell-imaging/,Guide to Live-Cell Imaging,Internal Page,Follow,ERR,,html,No,3,100.00
https://www.leica-microsystems.com/,https://www.leica-microsystems.com/science-lab/life-science/a-guide-to-c-elegans-research-working-with-nematodes/,Guide to C. elegans Research,Internal Page,Follow,ERR,,html,No,3,100.00
https://www.leica-microsystems.com/,https://www.leica-microsystems.com/science-lab/life-science/a-guide-to-using-microscopy-for-drosophila-fruit-fly-research/,Using Microscopy in Drosophila Research,Internal Page,Follow,ERR,,html,No,3,100.00
https://www.leica-microsystems.com/,https://www.leica-microsystems.com/science-lab/life-science/a-guide-to-fluorescence-lifetime-imaging-microscopy-flim/,A Guide to FLIM,Internal Page,Follow,ERR,,html,No,3,100.00
https://www.leica-microsystems.com/,https://www.leica-microsystems.com/science-lab/life-science/how-to-do-a-proper-cell-culture-quick-check/,Cell Culture Quick Check Essentials,Internal Page,Follow,ERR,,html,No,3,100.00
https://www.leica-microsystems.com/,https://www.leica-microsystems.com/science-lab/life-science/microscope-resolution-concepts-factors-and-calculation/,"Microscope Resolution: Concepts, Factors and Calculation",Internal Page,Follow,ERR,,html,No,3,100.00
https://www.leica-microsystems.com/,https://www.leica-microsystems.com/science-lab/life-science/selecting-the-right-dissecting-microscope/,Dissection,Internal Page,Follow,ERR,,html,No,3,100.00
https://www.leica-microsystems.com/,https://www.leica-microsystems.com/science-lab/life-science/essential-guide-to-ultramicrotomy/,Essential Guide to Ultramicrotomy,Internal Page,Follow,ERR,,html,No,3,100.00
https://www.leica-microsystems.com/,https://www.leica-microsystems.com/science-lab/life-science/sample-preparation-for-em-a-practical-guide-to-coating-and-freeze-fracturing/,Sample Preparation for EM: A Practical Guide to Coating and Freeze-Fracturing,Internal Page,Follow,ERR,,html,No,3,100.00
https://www.leica-microsystems.com/,https://www.leica-microsystems.com/science-lab/life-science/a-guide-to-darkfield-microscopes/,Guide to Darkfield Microscopes,Internal Page,Follow,ERR,,html,No,3,100.00
https://www.leica-microsystems.com/,https://www.leica-microsystems.com/science-lab/life-science/a-guide-to-phase-contrast/,Guide to Phase Contrast,Internal Page,Follow,ERR,,html,No,3,100.00
https://www.leica-microsystems.com/,https://www.leica-microsystems.com/science-lab/life-science/a-guide-to-cryo-electron-tomography/,Guide to Cryo-Electron Tomography,Internal Page,Follow,ERR,,html,No,3,100.00
https://www.leica-microsystems.com/,https://www.leica-microsystems.com/science-lab/life-science/a-guide-to-super-resolution/,Guide to Super-Resolution,Internal Page,Follow,ERR,,html,No,3,100.00
https://www.leica-microsystems.com/,https://www.leica-microsystems.com/science-lab/life-science/guide-to-microscopy-in-cancer-research/,Guide to Microscopy in Cancer Research,Internal Page,Follow,ERR,,html,No,3,100.00
https://www.leica-microsystems.com/,https://www.leica-microsystems.com/science-lab/life-science/a-guide-to-neuroscience-research/,A Guide to Neuroscience Research,Internal Page,Follow,ERR,,html,No,3,100.00
https://www.leica-microsystems.com/,https://www.leica-microsystems.com/science-lab/life-science/ion-beam-milling-guide-enhancing-surface-quality-for-high-resolution-imaging-and-analysis/,Ion Beam Milling Guide: Enhancing Surface Quality for High-Resolution Imaging and Analysis,Internal Page,Follow,ERR,,html,No,3,100.00
https://www.leica-microsystems.com/,https://www.leica-microsystems.com/science-lab/life-science/a-guide-to-model-organisms-in-research/,Guide to Model Organisms in Research,Internal Page,Follow,ERR,,html,No,3,100.00
https://www.leica-microsystems.com/,https://www.leica-microsystems.com/science-lab/life-science/a-guide-to-zebrafish-research/,A Guide to Zebrafish Research,Internal Page,Follow,ERR,,html,No,3,100.00
https://www.leica-microsystems.com/,https://www.leica-microsystems.com/science-lab/life-science/virology-research-guide/,A Practical Guide to Virology Research,Internal Page,Follow,ERR,,html,No,3,100.00
https://www.leica-microsystems.com/,https://www.leica-microsystems.com/science-lab/industrial/,Industrial Microscopy,Internal Page,Follow,ERR,,html,No,2,100.00
https://www.leica-microsystems.com/,https://www.leica-microsystems.com/science-lab/industrial/factors-to-consider-when-selecting-clinical-microscopes/,Clinical Microscope Selection Guide,Internal Page,Follow,ERR,,html,No,3,100.00
https://www.leica-microsystems.com/,https://www.leica-microsystems.com/science-lab/industrial/battery-particle-detection-during-the-production-process/,Battery Particle Detection During the Production Process,Internal Page,Follow,ERR,,html,No,3,100.00
https://www.leica-microsystems.com/,https://www.leica-microsystems.com/science-lab/industrial/a-guide-to-polarized-light-microscopy/,A Guide to Polarized Light Microscopy,Internal Page,Follow,ERR,,html,No,3,100.00
https://www.leica-microsystems.com/,https://www.leica-microsystems.com/science-lab/industrial/key-factors-to-consider-when-selecting-a-stereo-microscope/,How to Select the Right Stereo Microscope,Internal Page,Follow,ERR,,html,No,3,100.00
https://www.leica-microsystems.com/,https://www.leica-microsystems.com/science-lab/industrial/technical-terms-for-digital-microscope-cameras-and-image-analysis/,Digital Microscope Camera & Imaging Technical Terms,Internal Page,Follow,ERR,,html,No,3,100.00
https://www.leica-microsystems.com/,https://www.leica-microsystems.com/science-lab/industrial/he-staining-in-microscopy/,H&E Staining in Microscopy,Internal Page,Follow,ERR,,html,No,3,100.00
https://www.leica-microsystems.com/,https://www.leica-microsystems.com/science-lab/authors/,Authors,Internal Page,Follow,ERR,,html,No,2,100.00
https://www.leica-microsystems.com/,https://www.leica-microsystems.com/science-lab/institutions/,Institutions,Internal Page,Follow,ERR,,html,No,2,100.00
https://www.leica-microsystems.com/,https://www.leica-microsystems.com/science-lab/webinars/,Webinars,Internal Page,Follow,ERR,,html,No,2,100.00
https://www.leica-microsystems.com/,https://www.leica-microsystems.com/science-lab/collaborations/,Collaborations,Internal Page,Follow,ERR,,html,No,2,100.00
https://www.leica-microsystems.com/,https://www.leica-microsystems.com/science-lab/collaborations/micron-bioimaging-facility-at-university-of-oxford/,Micron Bioimaging Facility at the University of Oxford,Internal Page,Follow,ERR,,html,No,3,100.00
https://www.leica-microsystems.com/,https://www.leica-microsystems.com/science-lab/collaborations/the-boston-and-san-francisco-innovation-hubs/,Boston and San Francisco Innovation Hubs,Internal Page,Follow,ERR,,html,No,3,100.00
https://www.leica-microsystems.com/,https://www.leica-microsystems.com/science-lab/collaborations/embl-imaging-centre/,EMBL Imaging Centre Collaboration,Internal Page,Follow,ERR,,html,No,3,100.00
https://www.leica-microsystems.com/,https://www.leica-microsystems.com/science-lab/collaborations/imperial-college-london/,Imperial College London & Leica Microsystems Imaging Hub,Internal Page,Follow,ERR,,html,No,3,100.00
https://www.leica-microsystems.com/,https://www.leica-microsystems.com/company/about-us/,Company,Internal Page,Follow,ERR,,html,No,2,100.00
https://www.leica-microsystems.com/,https://www.leica-microsystems.com/company/about-us/integrity-and-compliance/,Integrity and Compliance,Internal Page,Follow,ERR,,html,No,3,100.00
https://www.leica-microsystems.com/,https://www.leica-microsystems.com/company/about-us/what-we-stand-for/,Vision & Mission,Internal Page,Follow,ERR,,html,No,3,100.00
https://www.leica-microsystems.com/,https://www.leica-microsystems.com/company/about-us/sustainability/,Sustainability,Internal Page,Follow,ERR,,html,No,3,100.00
https://www.leica-microsystems.com/,https://www.leica-microsystems.com/company/about-us/leadership-corner/,Leadership Corner,Internal Page,Follow,ERR,,html,No,3,100.00
https://www.leica-microsystems.com/,https://www.leica-microsystems.com/company/about-us/our-history/,Our History,Internal Page,Follow,ERR,,html,No,3,100.00
https://www.leica-microsystems.com/,https://www.leica-microsystems.com/contact/ideation/,Ideation,Internal Page,Follow,ERR,,html,No,2,100.00
https://www.leica-microsystems.com/,https://www.leica-microsystems.com/company/news/,News,Internal Page,Follow,ERR,,html,No,2,100.00
https://www.leica-microsystems.com/,https://www.leica-microsystems.com/company/events/,Events,Internal Page,Follow,ERR,,html,No,2,100.00
https://www.leica-microsystems.com/,https://www.leica-microsystems.com/company/certificates/,Certificates,Internal Page,Follow,ERR,,html,No,2,100.00
https://www.leica-microsystems.com/,https://www.leica-microsystems.com/company/product-security/,Product Security,Internal Page,Follow,ERR,,html,No,2,100.00
https://www.leica-microsystems.com/,https://www.leica-microsystems.com/company/product-security/product-security-updates/,Product Security Updates,Internal Page,Follow,ERR,,html,No,3,100.00
https://www.leica-microsystems.com/,https://www.leica-microsystems.com/company/quality-policy/,Quality Policy,Internal Page,Follow,ERR,,html,No,2,100.00
https://www.leica-microsystems.com/,https://www.leica-microsystems.com/company/sales-service-terms-and-conditions/,Terms and Conditions,Internal Page,Follow,ERR,,html,No,2,100.00
https://www.leica-microsystems.com/,https://www.leica-microsystems.com/contact/contact-us-online/,Contact Us,Internal Page,Follow,ERR,,html,No,2,100.00
https://www.leica-microsystems.com/,https://www.leica-microsystems.com/products/light-microscopes/p/mateo/,Mateo Digital Microscopes,Internal Page,Follow,ERR,,html,No,4,100.00
https://www.leica-microsystems.com/,https://www.leica-microsystems.com/products/surgical-microscopes/p/myveo/,MyVeo All-In-One Surgical Visualization Headset,Internal Page,Follow,ERR,,html,No,4,100.00
https://www.leica-microsystems.com/,https://www.leica-microsystems.com/products/sample-preparation-for-electron-microscopy/p/uc-enuity/,UC Enuity Ultramicrotome,Internal Page,Follow,ERR,,html,No,4,100.00
https://www.leica-microsystems.com/,https://www.leica-microsystems.com/products/light-microscopes/stereo-microscopes/p/ivesta-3/,Ivesta 3 Greenough Stereo Microscopes,Internal Page,Follow,ERR,,html,No,5,100.00
https://www.leica-microsystems.com/,https://www.leica-microsystems.com/products/microscope-software/p/aivia/,Aivia AI Image Analysis Software,Internal Page,Follow,ERR,,html,No,4,100.00
https://www.leica-microsystems.com/,https://www.leica-microsystems.com/products/light-microscopes/p/dmi8/,Advanced Imaging – DMi8 Inverted Microscope Platform,Internal Page,Follow,ERR,,html,No,4,100.00
https://www.leica-microsystems.com/,https://www.leica-microsystems.com/science-lab/life-science/researchers-insights-microscopy-in-cancer-research/,,Internal Page,Follow,ERR,,html,No,3,80.00
https://www.leica-microsystems.com/,https://www.leica-microsystems.com/science-lab/life-science/predictive-service-prevents-downtime-in-ghent/,,Internal Page,Follow,ERR,,html,No,3,80.00
https://www.leica-microsystems.com/,https://www.leica-microsystems.com/science-lab/tag/confocal-microscopy/,Confocal Microscopy,Internal Page,Follow,ERR,,html,No,3,100.00
https://www.leica-microsystems.com/,https://www.leica-microsystems.com/science-lab/medical/4-key-benefits-of-3d-digital-microscopy-in-ophthalmic-surgery/,,Internal Page,Follow,ERR,,html,No,3,80.00
https://www.leica-microsystems.com/,https://www.leica-microsystems.com/science-lab/tag/ophthalmology/,Ophthalmology,Internal Page,Follow,ERR,,html,No,3,100.00
https://www.leica-microsystems.com/,https://www.leica-microsystems.com/science-lab/life-science/high-pressure-freezing-protocols-for-ultrastructural-3d-em/,,Internal Page,Follow,ERR,,html,No,3,80.00
https://www.leica-microsystems.com/,https://www.leica-microsystems.com/science-lab/tag/high-pressure-freezing/,High Pressure Freezing,Internal Page,Follow,ERR,,html,No,3,100.00
https://www.leica-microsystems.com/,https://www.leica-microsystems.com/science-lab/life-science/ultramicrotome-uc-enuity-in-practice-stable-15nm-sections-at-zfe/,,Internal Page,Follow,ERR,,html,No,3,80.00
https://www.leica-microsystems.com/,https://www.leica-microsystems.com/science-lab/tag/em-sample-preparation/,EM Sample Preparation,Internal Page,Follow,ERR,,html,No,3,100.00
https://www.leica-microsystems.com/,https://www.leica-microsystems.com/science-lab/industrial/ensuring-glass-quality-with-the-polarization-microscopy-advantage/,,Internal Page,Follow,ERR,,html,No,3,80.00
https://www.leica-microsystems.com/,https://www.leica-microsystems.com/science-lab/tag/polarization/,Polarization,Internal Page,Follow,ERR,,html,No,3,100.00
https://www.leica-microsystems.com/,https://www.leica-microsystems.com/science-lab/medical/expert-techniques-for-superior-visualization-in-cataract-surgery/,,Internal Page,Follow,ERR,,html,No,3,80.00
https://www.leica-microsystems.com/,https://www.leica-microsystems.com/science-lab/tag/cataract-surgery/,Cataract Surgery,Internal Page,Follow,ERR,,html,No,3,100.00
https://www.leica-microsystems.com/,https://www.leica-microsystems.com/science-lab/life-science/eliminating-electrostatic-interference-in-laser-microdissection/,,Internal Page,Follow,ERR,,html,No,3,80.00
https://www.leica-microsystems.com/,https://www.leica-microsystems.com/science-lab/tag/laser-microdissection/,Laser Microdissection (LMD),Internal Page,Follow,ERR,,html,No,3,100.00
https://www.leica-microsystems.com/,https://www.leica-microsystems.com/science-lab/life-science/history-developments-and-trends-of-microscopy-in-cancer-research/,,Internal Page,Follow,ERR,,html,No,3,80.00
https://www.leica-microsystems.com/,https://www.leica-microsystems.com/science-lab/life-science/overview-of-fluorescent-dyes-in-terms-of-applications-and-properties/,,Internal Page,Follow,ERR,,html,No,3,80.00
https://www.leica-microsystems.com/,https://www.leica-microsystems.com/science-lab/tag/fluorescence/,Fluorescence,Internal Page,Follow,ERR,,html,No,3,100.00
https://www.leica-microsystems.com/,https://www.leica-microsystems.com/company/news/news-details/leica-microsystems-ceo-german-chancellor-visit-to-china/,,Internal Page,Follow,ERR,,html,No,4,80.00
https://www.leica-microsystems.com/,https://www.leica-microsystems.com/company/news/news-details/diamond-dent-trading-co-is-new-partner-in-saudi-arabia/,,Internal Page,Follow,ERR,,html,No,4,80.00
https://www.leica-microsystems.com/,https://www.leica-microsystems.com/company/news/news-details/lowering-barriers-to-scalable-multiplex-spatial-biology/,,Internal Page,Follow,ERR,,html,No,4,80.00
https://www.leica-microsystems.com/,https://www.leica-microsystems.com/company/news/news-details/fast-and-complex-biological-dynamics-resolved-in-3d-with-standard-sample-carriers/,,Internal Page,Follow,ERR,,html,No,4,80.00
https://www.leica-microsystems.com/,https://www.leica-microsystems.com/company/news/news-details/bvi-iberia-authorized-partner-in-portugal/,,Internal Page,Follow,ERR,,html,No,4,80.00
https://www.leica-microsystems.com/,https://www.leica-microsystems.com/contact/contact-us-online-product-information/,"Product Information
        
          
          I need a demo, configuration or price info.",Internal Page,Follow,ERR,,html,No,2,100.00
https://www.leica-microsystems.com/,https://www.leica-microsystems.com/contact/contact-us-online-service-support/,"Service & Repair
        
          
          I need repair, technical service, spare parts or service contract.",Internal Page,Follow,ERR,,html,No,2,100.00
https://www.leica-microsystems.com/,https://www.leica-microsystems.com/contact/contact-us-online-application-support/,"Application Support
        
          
          I need assistance/training in how to operate my system properly, or how to run a specific application with my system.",Internal Page,Follow,ERR,,html,No,2,100.00
https://www.leica-microsystems.com/,https://www.leica-microsystems.com/company/imprint/,Imprint,Internal Page,Follow,ERR,,html,No,2,100.00
https://www.leica-microsystems.com/,https://www.leica-microsystems.com/company/cookie-notice/,Cookie Notice,Internal Page,Follow,ERR,,html,No,2,100.00
https://www.leica-microsystems.com/,https://www.leica-microsystems.com/company/privacy-policy/,Privacy Policy,Internal Page,Follow,ERR,,html,No,2,100.00
https://www.leica-microsystems.com/,https://www.leica-microsystems.com/company/do-not-sell-or-share-my-data/,Do Not Sell or Share my Data,Internal Page,Follow,ERR,,html,No,2,100.00
https://www.leica-microsystems.com/,https://www.leica-microsystems.com/company/terms-of-use/,Terms of Use,Internal Page,Follow,ERR,,html,No,2,100.00
https://www.leica-microsystems.com/science-lab/,https://www.leica-microsystems.com/shop/,Online Shop,Internal Page,Follow,ERR,,html,No,1,100.00
https://www.leica-microsystems.com/science-lab/,https://www.leica-microsystems.com/,Leica Microsystems Logo,Internal Page,Follow,ERR,,html,No,0,100.00
https://www.leica-microsystems.com/science-lab/,https://www.leica-microsystems.com/products/,Products,Internal Page,Follow,ERR,,html,No,1,100.00
https://www.leica-microsystems.com/science-lab/,https://www.leica-microsystems.com/products/atto-tec-consumables/,ATTO-TEC Consumables,Internal Page,Follow,ERR,,html,No,2,100.00
https://www.leica-microsystems.com/science-lab/,https://www.leica-microsystems.com/products/atto-tec-consumables/spatial-biology-reagents/,Spatial Biology Reagents,Internal Page,Follow,ERR,,html,No,3,100.00
https://www.leica-microsystems.com/science-lab/,https://www.leica-microsystems.com/products/atto-tec-consumables/fluorescent-labels/,Fluorescent Labels,Internal Page,Follow,ERR,,html,No,3,100.00
https://www.leica-microsystems.com/science-lab/,https://www.leica-microsystems.com/products/atto-tec-consumables/fluorescence-quenchers/,Fluorescence Quenchers,Internal Page,Follow,ERR,,html,No,3,100.00
https://www.leica-microsystems.com/science-lab/,https://www.leica-microsystems.com/products/atto-tec-consumables/large-stokes-dyes/,Large Stokes Dyes,Internal Page,Follow,ERR,,html,No,3,100.00
https://www.leica-microsystems.com/science-lab/,https://www.leica-microsystems.com/products/atto-tec-consumables/redox-label/,Redox-Label,Internal Page,Follow,ERR,,html,No,3,100.00
https://www.leica-microsystems.com/science-lab/,https://www.leica-microsystems.com/products/light-microscopes/,Light Microscopes,Internal Page,Follow,ERR,,html,No,2,100.00
https://www.leica-microsystems.com/science-lab/,https://www.leica-microsystems.com/products/light-microscopes/upright-microscopes/,Upright Microscopes,Internal Page,Follow,ERR,,html,No,3,100.00
https://www.leica-microsystems.com/science-lab/,https://www.leica-microsystems.com/products/light-microscopes/inverted-microscopes/,Inverted Microscopes,Internal Page,Follow,ERR,,html,No,3,100.00
https://www.leica-microsystems.com/science-lab/,https://www.leica-microsystems.com/products/light-microscopes/stereo-microscopes/,Stereo Microscopes,Internal Page,Follow,ERR,,html,No,3,100.00
https://www.leica-microsystems.com/science-lab/,https://www.leica-microsystems.com/products/confocal-microscopes/,Confocal Microscopes,Internal Page,Follow,ERR,,html,No,2,100.00
https://www.leica-microsystems.com/science-lab/,https://www.leica-microsystems.com/products/light-sheet-microscopes/,Light Sheet Microscopes,Internal Page,Follow,ERR,,html,No,2,100.00
https://www.leica-microsystems.com/science-lab/,https://www.leica-microsystems.com/products/digital-microscopes/,Digital Microscopes,Internal Page,Follow,ERR,,html,No,2,100.00
https://www.leica-microsystems.com/science-lab/,https://www.leica-microsystems.com/products/surgical-microscopes/,Surgical Microscopes,Internal Page,Follow,ERR,,html,No,2,100.00
https://www.leica-microsystems.com/science-lab/,https://www.leica-microsystems.com/products/sample-preparation-for-electron-microscopy/,Sample Preparation for Electron Microscopy,Internal Page,Follow,ERR,,html,No,2,100.00
https://www.leica-microsystems.com/science-lab/,https://www.leica-microsystems.com/objectivefinder/,Objectivefinder,Internal Page,Follow,ERR,,html,No,1,100.00
https://www.leica-microsystems.com/science-lab/,https://www.leica-microsystems.com/products/microscope-software/,Microscope Software,Internal Page,Follow,ERR,,html,No,2,100.00
https://www.leica-microsystems.com/science-lab/,https://www.leica-microsystems.com/products/microscope-cameras/,Microscope Cameras,Internal Page,Follow,ERR,,html,No,2,100.00
https://www.leica-microsystems.com/science-lab/,https://www.leica-microsystems.com/products/microscope-accessories/,Microscope Parts & Accessories,Internal Page,Follow,ERR,,html,No,2,100.00
https://www.leica-microsystems.com/science-lab/,https://www.leica-microsystems.com/products/microscope-accessories/microscope-objective-lens/,Microscope Objective Lens,Internal Page,Follow,ERR,,html,No,3,100.00
https://www.leica-microsystems.com/science-lab/,https://www.leica-microsystems.com/products/microscope-accessories/led-illumination/,Illumination,Internal Page,Follow,ERR,,html,No,3,100.00
https://www.leica-microsystems.com/science-lab/,https://www.leica-microsystems.com/products/microscope-accessories/ergonomic-accessories-for-stereo-microscopes-and-macroscopes/,Ergonomic Accessories,Internal Page,Follow,ERR,,html,No,3,100.00
https://www.leica-microsystems.com/science-lab/,https://www.leica-microsystems.com/products/microscope-accessories/incubation-systems-and-stages/,Incubation Systems and Stages,Internal Page,Follow,ERR,,html,No,3,100.00
https://www.leica-microsystems.com/science-lab/,https://www.leica-microsystems.com/products/microscope-accessories/leitz-system-supplier-for-oem/,Leitz Optic Center,Internal Page,Follow,ERR,,html,No,3,100.00
https://www.leica-microsystems.com/science-lab/,https://www.leica-microsystems.com/applications/,Applications,Internal Page,Follow,ERR,,html,No,1,100.00
https://www.leica-microsystems.com/science-lab/,https://www.leica-microsystems.com/applications/medical/,Medical Specialties,Internal Page,Follow,ERR,,html,No,2,100.00
https://www.leica-microsystems.com/science-lab/,https://www.leica-microsystems.com/applications/medical/neurosurgery/,Neurosurgery,Internal Page,Follow,ERR,,html,No,3,100.00
https://www.leica-microsystems.com/science-lab/,https://www.leica-microsystems.com/applications/medical/ent/,ENT,Internal Page,Follow,ERR,,html,No,3,100.00
https://www.leica-microsystems.com/science-lab/,https://www.leica-microsystems.com/applications/medical/plastic-reconstructive-surgery/,Plastic Surgery,Internal Page,Follow,ERR,,html,No,3,100.00
https://www.leica-microsystems.com/science-lab/,https://www.leica-microsystems.com/applications/medical/ophthalmology/,Ophthalmology,Internal Page,Follow,ERR,,html,No,3,100.00
https://www.leica-microsystems.com/science-lab/,https://www.leica-microsystems.com/applications/medical/dental-surgical-microscopy/,Dentistry,Internal Page,Follow,ERR,,html,No,3,100.00
https://www.leica-microsystems.com/science-lab/,https://www.leica-microsystems.com/applications/clinical-laboratories/,Pathology,Internal Page,Follow,ERR,,html,No,2,100.00
https://www.leica-microsystems.com/science-lab/,https://www.leica-microsystems.com/applications/life-science/,Life Science Research,Internal Page,Follow,ERR,,html,No,2,100.00
https://www.leica-microsystems.com/science-lab/,https://www.leica-microsystems.com/applications/life-science/biopharma/,Biopharma,Internal Page,Follow,ERR,,html,No,3,100.00
https://www.leica-microsystems.com/science-lab/,https://www.leica-microsystems.com/applications/life-science/em-sample-prep-workflows-uses/,EM Sample Prep Workflows & Uses,Internal Page,Follow,ERR,,html,No,3,100.00
https://www.leica-microsystems.com/science-lab/,https://www.leica-microsystems.com/applications/life-science/advanced-tissue-imaging-analysis/,Advanced Tissue Imaging & Analysis,Internal Page,Follow,ERR,,html,No,3,100.00
https://www.leica-microsystems.com/science-lab/,https://www.leica-microsystems.com/applications/life-science/organoids-and-3d-cell-culture/,Organoids & 3D Cell Culture,Internal Page,Follow,ERR,,html,No,3,100.00
https://www.leica-microsystems.com/science-lab/,https://www.leica-microsystems.com/applications/life-science/cell-culture/,Cell Culture,Internal Page,Follow,ERR,,html,No,3,100.00
https://www.leica-microsystems.com/science-lab/,https://www.leica-microsystems.com/applications/life-science/cellular-analysis/,Cellular Analysis,Internal Page,Follow,ERR,,html,No,3,100.00
https://www.leica-microsystems.com/science-lab/,https://www.leica-microsystems.com/applications/life-science/cell-biology/,Cell Biology,Internal Page,Follow,ERR,,html,No,3,100.00
https://www.leica-microsystems.com/science-lab/,https://www.leica-microsystems.com/applications/life-science/correlative-light-and-electron-microscopy-clem/,Correlative Light & Electron Microscopy,Internal Page,Follow,ERR,,html,No,3,100.00
https://www.leica-microsystems.com/science-lab/,https://www.leica-microsystems.com/applications/industrial-microscopy-markets/,Industrial Microscopy,Internal Page,Follow,ERR,,html,No,2,100.00
https://www.leica-microsystems.com/science-lab/,https://www.leica-microsystems.com/applications/industrial-microscopy-markets/metal-industry/,Metal Industry,Internal Page,Follow,ERR,,html,No,3,100.00
https://www.leica-microsystems.com/science-lab/,https://www.leica-microsystems.com/applications/industrial-microscopy-markets/electronics-semiconductor/,Electronics & Semiconductor Industry,Internal Page,Follow,ERR,,html,No,3,100.00
https://www.leica-microsystems.com/science-lab/,https://www.leica-microsystems.com/applications/industrial-microscopy-markets/battery-manufacturing/,Battery Manufacturing,Internal Page,Follow,ERR,,html,No,3,100.00
https://www.leica-microsystems.com/science-lab/,https://www.leica-microsystems.com/applications/industrial-microscopy-markets/automotive-aerospace/,Automotive & Aerospace,Internal Page,Follow,ERR,,html,No,3,100.00
https://www.leica-microsystems.com/science-lab/,https://www.leica-microsystems.com/applications/industrial-microscopy-markets/medical-device-qa-qc/,Medical Device QA QC,Internal Page,Follow,ERR,,html,No,3,100.00
https://www.leica-microsystems.com/science-lab/,https://www.leica-microsystems.com/applications/industrial-microscopy-markets/industrial-applications/,Industrial Applications,Internal Page,Follow,ERR,,html,No,3,100.00
https://www.leica-microsystems.com/science-lab/,https://www.leica-microsystems.com/applications/clinical-laboratories/clinical-pathology/,Clinical Pathology,Internal Page,Follow,ERR,,html,No,3,100.00
https://www.leica-microsystems.com/science-lab/,https://www.leica-microsystems.com/applications/clinical-laboratories/anatomic-pathology/,Anatomic Pathology,Internal Page,Follow,ERR,,html,No,3,100.00
https://www.leica-microsystems.com/science-lab/,https://www.leica-microsystems.com/applications/forensic-science/,Forensic Science,Internal Page,Follow,ERR,,html,No,2,100.00
https://www.leica-microsystems.com/science-lab/,https://www.leica-microsystems.com/applications/education/,Education,Internal Page,Follow,ERR,,html,No,2,100.00
https://www.leica-microsystems.com/science-lab/,https://www.leica-microsystems.com/service/,Service,Internal Page,Follow,ERR,,html,No,1,100.00
https://www.leica-microsystems.com/science-lab/,https://www.leica-microsystems.com/science-lab/,Learn & Share,Internal Page,Follow,ERR,,html,No,1,100.00
https://www.leica-microsystems.com/science-lab/,https://www.leica-microsystems.com/science-lab/medical/,Medical Specialties,Internal Page,Follow,ERR,,html,No,2,100.00
https://www.leica-microsystems.com/science-lab/,https://www.leica-microsystems.com/science-lab/medical/the-guide-to-augmented-reality-in-microsurgery/,Guide to AR in Microsurgery,Internal Page,Follow,ERR,,html,No,3,100.00
https://www.leica-microsystems.com/science-lab/,https://www.leica-microsystems.com/science-lab/medical/aneurysm-clipping-assessing-perforators-in-real-time-with-ar-fluorescence/,AR Fluorescence for Aneurysm Clipping: Perforators,Internal Page,Follow,ERR,,html,No,3,100.00
https://www.leica-microsystems.com/science-lab/,https://www.leica-microsystems.com/science-lab/medical/real-time-oct-imaging-impact-corneal-surgery/,Real-Time OCT Impact Corneal Surgery,Internal Page,Follow,ERR,,html,No,3,100.00
https://www.leica-microsystems.com/science-lab/,https://www.leica-microsystems.com/science-lab/medical/tympanoplasty-surgery-optimal-approaches-and-tools/,Approaches and Tools for Tympanoplasty Surgery,Internal Page,Follow,ERR,,html,No,3,100.00
https://www.leica-microsystems.com/science-lab/,https://www.leica-microsystems.com/science-lab/medical/a-guide-to-oct/,A Guide to OCT,Internal Page,Follow,ERR,,html,No,3,100.00
https://www.leica-microsystems.com/science-lab/,https://www.leica-microsystems.com/science-lab/medical/how-to-drape-a-surgical-microscope/,How to Drape a Surgical Microscope,Internal Page,Follow,ERR,,html,No,3,100.00
https://www.leica-microsystems.com/science-lab/,https://www.leica-microsystems.com/science-lab/medical/ophthalmology-visualization-in-complex-cataract-surgery/,Visualization in Complex Cataract Surgery,Internal Page,Follow,ERR,,html,No,3,100.00
https://www.leica-microsystems.com/science-lab/,https://www.leica-microsystems.com/science-lab/life-science/,Life Science Research,Internal Page,Follow,ERR,,html,No,2,100.00
https://www.leica-microsystems.com/science-lab/,https://www.leica-microsystems.com/science-lab/microscopy-basics/a-guide-to-fluorescence-microscopy/,A Guide to Fluorescence Microscopy,Internal Page,Follow,ERR,,html,No,3,100.00
https://www.leica-microsystems.com/science-lab/,https://www.leica-microsystems.com/science-lab/life-science/a-guide-to-spatial-biology/,A Guide to Spatial Biology,Internal Page,Follow,ERR,,html,No,3,100.00
https://www.leica-microsystems.com/science-lab/,https://www.leica-microsystems.com/science-lab/life-science/guide-to-live-cell-imaging/,Guide to Live-Cell Imaging,Internal Page,Follow,ERR,,html,No,3,100.00
https://www.leica-microsystems.com/science-lab/,https://www.leica-microsystems.com/science-lab/life-science/a-guide-to-c-elegans-research-working-with-nematodes/,Guide to C. elegans Research,Internal Page,Follow,ERR,,html,No,3,100.00
https://www.leica-microsystems.com/science-lab/,https://www.leica-microsystems.com/science-lab/life-science/a-guide-to-using-microscopy-for-drosophila-fruit-fly-research/,Using Microscopy in Drosophila Research,Internal Page,Follow,ERR,,html,No,3,100.00
https://www.leica-microsystems.com/science-lab/,https://www.leica-microsystems.com/science-lab/life-science/a-guide-to-fluorescence-lifetime-imaging-microscopy-flim/,A Guide to FLIM,Internal Page,Follow,ERR,,html,No,3,100.00
https://www.leica-microsystems.com/science-lab/,https://www.leica-microsystems.com/science-lab/life-science/how-to-do-a-proper-cell-culture-quick-check/,Cell Culture Quick Check Essentials,Internal Page,Follow,ERR,,html,No,3,100.00
https://www.leica-microsystems.com/science-lab/,https://www.leica-microsystems.com/science-lab/life-science/microscope-resolution-concepts-factors-and-calculation/,"Microscope Resolution: Concepts, Factors and Calculation",Internal Page,Follow,ERR,,html,No,3,100.00
https://www.leica-microsystems.com/science-lab/,https://www.leica-microsystems.com/science-lab/life-science/selecting-the-right-dissecting-microscope/,Dissection,Internal Page,Follow,ERR,,html,No,3,100.00
https://www.leica-microsystems.com/science-lab/,https://www.leica-microsystems.com/science-lab/life-science/essential-guide-to-ultramicrotomy/,Essential Guide to Ultramicrotomy,Internal Page,Follow,ERR,,html,No,3,100.00
https://www.leica-microsystems.com/science-lab/,https://www.leica-microsystems.com/science-lab/life-science/sample-preparation-for-em-a-practical-guide-to-coating-and-freeze-fracturing/,Sample Preparation for EM: A Practical Guide to Coating and Freeze-Fracturing,Internal Page,Follow,ERR,,html,No,3,100.00
https://www.leica-microsystems.com/science-lab/,https://www.leica-microsystems.com/science-lab/life-science/a-guide-to-darkfield-microscopes/,Guide to Darkfield Microscopes,Internal Page,Follow,ERR,,html,No,3,100.00
https://www.leica-microsystems.com/science-lab/,https://www.leica-microsystems.com/science-lab/life-science/a-guide-to-phase-contrast/,Guide to Phase Contrast,Internal Page,Follow,ERR,,html,No,3,100.00
https://www.leica-microsystems.com/science-lab/,https://www.leica-microsystems.com/science-lab/life-science/a-guide-to-cryo-electron-tomography/,Guide to Cryo-Electron Tomography,Internal Page,Follow,ERR,,html,No,3,100.00
https://www.leica-microsystems.com/science-lab/,https://www.leica-microsystems.com/science-lab/life-science/a-guide-to-super-resolution/,Guide to Super-Resolution,Internal Page,Follow,ERR,,html,No,3,100.00
https://www.leica-microsystems.com/science-lab/,https://www.leica-microsystems.com/science-lab/life-science/guide-to-microscopy-in-cancer-research/,Guide to Microscopy in Cancer Research,Internal Page,Follow,ERR,,html,No,3,100.00
https://www.leica-microsystems.com/science-lab/,https://www.leica-microsystems.com/science-lab/life-science/a-guide-to-neuroscience-research/,A Guide to Neuroscience Research,Internal Page,Follow,ERR,,html,No,3,100.00
https://www.leica-microsystems.com/science-lab/,https://www.leica-microsystems.com/science-lab/life-science/ion-beam-milling-guide-enhancing-surface-quality-for-high-resolution-imaging-and-analysis/,Ion Beam Milling Guide: Enhancing Surface Quality for High-Resolution Imaging and Analysis,Internal Page,Follow,ERR,,html,No,3,100.00
https://www.leica-microsystems.com/science-lab/,https://www.leica-microsystems.com/science-lab/life-science/a-guide-to-model-organisms-in-research/,Guide to Model Organisms in Research,Internal Page,Follow,ERR,,html,No,3,100.00
https://www.leica-microsystems.com/science-lab/,https://www.leica-microsystems.com/science-lab/life-science/a-guide-to-zebrafish-research/,A Guide to Zebrafish Research,Internal Page,Follow,ERR,,html,No,3,100.00
https://www.leica-microsystems.com/science-lab/,https://www.leica-microsystems.com/science-lab/life-science/virology-research-guide/,A Practical Guide to Virology Research,Internal Page,Follow,ERR,,html,No,3,100.00
https://www.leica-microsystems.com/science-lab/,https://www.leica-microsystems.com/science-lab/industrial/,Industrial Microscopy,Internal Page,Follow,ERR,,html,No,2,100.00
https://www.leica-microsystems.com/science-lab/,https://www.leica-microsystems.com/science-lab/industrial/factors-to-consider-when-selecting-clinical-microscopes/,Clinical Microscope Selection Guide,Internal Page,Follow,ERR,,html,No,3,100.00
https://www.leica-microsystems.com/science-lab/,https://www.leica-microsystems.com/science-lab/industrial/battery-particle-detection-during-the-production-process/,Battery Particle Detection During the Production Process,Internal Page,Follow,ERR,,html,No,3,100.00
https://www.leica-microsystems.com/science-lab/,https://www.leica-microsystems.com/science-lab/industrial/a-guide-to-polarized-light-microscopy/,A Guide to Polarized Light Microscopy,Internal Page,Follow,ERR,,html,No,3,100.00
https://www.leica-microsystems.com/science-lab/,https://www.leica-microsystems.com/science-lab/industrial/key-factors-to-consider-when-selecting-a-stereo-microscope/,How to Select the Right Stereo Microscope,Internal Page,Follow,ERR,,html,No,3,100.00
https://www.leica-microsystems.com/science-lab/,https://www.leica-microsystems.com/science-lab/industrial/technical-terms-for-digital-microscope-cameras-and-image-analysis/,Digital Microscope Camera & Imaging Technical Terms,Internal Page,Follow,ERR,,html,No,3,100.00
https://www.leica-microsystems.com/science-lab/,https://www.leica-microsystems.com/science-lab/industrial/he-staining-in-microscopy/,H&E Staining in Microscopy,Internal Page,Follow,ERR,,html,No,3,100.00
https://www.leica-microsystems.com/science-lab/,https://www.leica-microsystems.com/science-lab/authors/,Authors,Internal Page,Follow,ERR,,html,No,2,100.00
https://www.leica-microsystems.com/science-lab/,https://www.leica-microsystems.com/science-lab/institutions/,Institutions,Internal Page,Follow,ERR,,html,No,2,100.00
https://www.leica-microsystems.com/science-lab/,https://www.leica-microsystems.com/science-lab/webinars/,Webinars,Internal Page,Follow,ERR,,html,No,2,100.00
https://www.leica-microsystems.com/science-lab/,https://www.leica-microsystems.com/science-lab/collaborations/,Collaborations,Internal Page,Follow,ERR,,html,No,2,100.00
https://www.leica-microsystems.com/science-lab/,https://www.leica-microsystems.com/science-lab/collaborations/micron-bioimaging-facility-at-university-of-oxford/,Micron Bioimaging Facility at the University of Oxford,Internal Page,Follow,ERR,,html,No,3,100.00
https://www.leica-microsystems.com/science-lab/,https://www.leica-microsystems.com/science-lab/collaborations/the-boston-and-san-francisco-innovation-hubs/,Boston and San Francisco Innovation Hubs,Internal Page,Follow,ERR,,html,No,3,100.00
https://www.leica-microsystems.com/science-lab/,https://www.leica-microsystems.com/science-lab/collaborations/embl-imaging-centre/,EMBL Imaging Centre Collaboration,Internal Page,Follow,ERR,,html,No,3,100.00
https://www.leica-microsystems.com/science-lab/,https://www.leica-microsystems.com/science-lab/collaborations/imperial-college-london/,Imperial College London & Leica Microsystems Imaging Hub,Internal Page,Follow,ERR,,html,No,3,100.00
https://www.leica-microsystems.com/science-lab/,https://www.leica-microsystems.com/company/about-us/,Company,Internal Page,Follow,ERR,,html,No,2,100.00
https://www.leica-microsystems.com/science-lab/,https://www.leica-microsystems.com/company/about-us/integrity-and-compliance/,Integrity and Compliance,Internal Page,Follow,ERR,,html,No,3,100.00
https://www.leica-microsystems.com/science-lab/,https://www.leica-microsystems.com/company/about-us/what-we-stand-for/,Vision & Mission,Internal Page,Follow,ERR,,html,No,3,100.00
https://www.leica-microsystems.com/science-lab/,https://www.leica-microsystems.com/company/about-us/sustainability/,Sustainability,Internal Page,Follow,ERR,,html,No,3,100.00
https://www.leica-microsystems.com/science-lab/,https://www.leica-microsystems.com/company/about-us/leadership-corner/,Leadership Corner,Internal Page,Follow,ERR,,html,No,3,100.00
https://www.leica-microsystems.com/science-lab/,https://www.leica-microsystems.com/company/about-us/our-history/,Our History,Internal Page,Follow,ERR,,html,No,3,100.00
https://www.leica-microsystems.com/science-lab/,https://www.leica-microsystems.com/contact/ideation/,Ideation,Internal Page,Follow,ERR,,html,No,2,100.00
https://www.leica-microsystems.com/science-lab/,https://www.leica-microsystems.com/company/news/,News,Internal Page,Follow,ERR,,html,No,2,100.00
https://www.leica-microsystems.com/science-lab/,https://www.leica-microsystems.com/company/events/,Events,Internal Page,Follow,ERR,,html,No,2,100.00
https://www.leica-microsystems.com/science-lab/,https://www.leica-microsystems.com/company/certificates/,Certificates,Internal Page,Follow,ERR,,html,No,2,100.00
https://www.leica-microsystems.com/science-lab/,https://www.leica-microsystems.com/company/product-security/,Product Security,Internal Page,Follow,ERR,,html,No,2,100.00
https://www.leica-microsystems.com/science-lab/,https://www.leica-microsystems.com/company/product-security/product-security-updates/,Product Security Updates,Internal Page,Follow,ERR,,html,No,3,100.00
https://www.leica-microsystems.com/science-lab/,https://www.leica-microsystems.com/company/quality-policy/,Quality Policy,Internal Page,Follow,ERR,,html,No,2,100.00
https://www.leica-microsystems.com/science-lab/,https://www.leica-microsystems.com/company/sales-service-terms-and-conditions/,Terms and Conditions,Internal Page,Follow,ERR,,html,No,2,100.00
https://www.leica-microsystems.com/science-lab/,https://www.leica-microsystems.com/contact/contact-us-online/,Contact Us,Internal Page,Follow,ERR,,html,No,2,100.00
https://www.leica-microsystems.com/science-lab/,https://www.leica-microsystems.com/products/light-microscopes/p/mateo/,Mateo Digital Microscopes,Internal Page,Follow,ERR,,html,No,4,100.00
https://www.leica-microsystems.com/science-lab/,https://www.leica-microsystems.com/products/surgical-microscopes/p/myveo/,MyVeo All-In-One Surgical Visualization Headset,Internal Page,Follow,ERR,,html,No,4,100.00
https://www.leica-microsystems.com/science-lab/,https://www.leica-microsystems.com/products/sample-preparation-for-electron-microscopy/p/uc-enuity/,UC Enuity Ultramicrotome,Internal Page,Follow,ERR,,html,No,4,100.00
https://www.leica-microsystems.com/science-lab/,https://www.leica-microsystems.com/products/light-microscopes/stereo-microscopes/p/ivesta-3/,Ivesta 3 Greenough Stereo Microscopes,Internal Page,Follow,ERR,,html,No,5,100.00
https://www.leica-microsystems.com/science-lab/,https://www.leica-microsystems.com/science-lab/tag/3d-imaging/,3D Imaging,Internal Page,Follow,ERR,,html,No,3,100.00
https://www.leica-microsystems.com/science-lab/,https://www.leica-microsystems.com/science-lab/tag/advanced-microscopy-techniques/,Advanced Microscopy Techniques,Internal Page,Follow,ERR,,html,No,3,100.00
https://www.leica-microsystems.com/science-lab/,https://www.leica-microsystems.com/science-lab/tag/advanced-tissue-imaging-and-analysis/,Advanced Tissue Imaging and Analysis,Internal Page,Follow,ERR,,html,No,3,100.00
https://www.leica-microsystems.com/science-lab/,https://www.leica-microsystems.com/science-lab/tag/anatomic-pathology/,Anatomic Pathology,Internal Page,Follow,ERR,,html,No,3,100.00
https://www.leica-microsystems.com/science-lab/,https://www.leica-microsystems.com/science-lab/tag/application-note/,Application Note,Internal Page,Follow,ERR,,html,No,3,100.00
https://www.leica-microsystems.com/science-lab/,https://www.leica-microsystems.com/science-lab/tag/ar-surgery/,AR Surgery,Internal Page,Follow,ERR,,html,No,3,100.00
https://www.leica-microsystems.com/science-lab/,https://www.leica-microsystems.com/science-lab/tag/conservation/,Art Conservation,Internal Page,Follow,ERR,,html,No,3,100.00
https://www.leica-microsystems.com/science-lab/,https://www.leica-microsystems.com/science-lab/tag/ai-image-analysis/,Artificial Intelligence,Internal Page,Follow,ERR,,html,No,3,100.00
https://www.leica-microsystems.com/science-lab/,https://www.leica-microsystems.com/science-lab/tag/assembly/,Assembly & Rework,Internal Page,Follow,ERR,,html,No,3,100.00
https://www.leica-microsystems.com/science-lab/,https://www.leica-microsystems.com/science-lab/tag/augmented-reality/,Augmented Reality,Internal Page,Follow,ERR,,html,No,3,100.00
https://www.leica-microsystems.com/science-lab/,https://www.leica-microsystems.com/science-lab/tag/automated-microscopes/,Automated Microscopy,Internal Page,Follow,ERR,,html,No,3,100.00
https://www.leica-microsystems.com/science-lab/,https://www.leica-microsystems.com/science-lab/tag/transportation/,Automotive & Aerospace,Internal Page,Follow,ERR,,html,No,3,100.00
https://www.leica-microsystems.com/science-lab/,https://www.leica-microsystems.com/science-lab/tag/basic-microscopy-techniques/,Basic Microscopy Techniques,Internal Page,Follow,ERR,,html,No,3,100.00
https://www.leica-microsystems.com/science-lab/,https://www.leica-microsystems.com/science-lab/tag/basics-in-microscopy/,Basics in Microscopy,Internal Page,Follow,ERR,,html,No,3,100.00
https://www.leica-microsystems.com/science-lab/,https://www.leica-microsystems.com/science-lab/tag/battery-manufacturing/,Battery Manufacturing,Internal Page,Follow,ERR,,html,No,3,100.00
https://www.leica-microsystems.com/science-lab/,https://www.leica-microsystems.com/science-lab/tag/biopharma/,Biopharma,Internal Page,Follow,ERR,,html,No,3,100.00
https://www.leica-microsystems.com/science-lab/,https://www.leica-microsystems.com/science-lab/tag/boston-innovation-hub/,Boston Innovation Hub,Internal Page,Follow,ERR,,html,No,3,100.00
https://www.leica-microsystems.com/science-lab/,https://www.leica-microsystems.com/science-lab/tag/cameras/,Cameras,Internal Page,Follow,ERR,,html,No,3,100.00
https://www.leica-microsystems.com/science-lab/,https://www.leica-microsystems.com/science-lab/tag/cancer-research/,Cancer Research,Internal Page,Follow,ERR,,html,No,3,100.00
https://www.leica-microsystems.com/science-lab/,https://www.leica-microsystems.com/science-lab/tag/cataract-surgery/,Cataract Surgery,Internal Page,Follow,ERR,,html,No,3,100.00
https://www.leica-microsystems.com/science-lab/,https://www.leica-microsystems.com/science-lab/tag/cell-biology/,Cell Biology,Internal Page,Follow,ERR,,html,No,3,100.00
https://www.leica-microsystems.com/science-lab/,https://www.leica-microsystems.com/science-lab/tag/cell-culture/,Cell Culture,Internal Page,Follow,ERR,,html,No,3,100.00
https://www.leica-microsystems.com/science-lab/,https://www.leica-microsystems.com/science-lab/tag/cellular-analysis/,Cellular Analysis,Internal Page,Follow,ERR,,html,No,3,100.00
https://www.leica-microsystems.com/science-lab/,https://www.leica-microsystems.com/science-lab/tag/centre-of-excellence-oxford/,Centre of Excellence Oxford,Internal Page,Follow,ERR,,html,No,3,100.00
https://www.leica-microsystems.com/science-lab/,https://www.leica-microsystems.com/science-lab/tag/cleaning/,Cleaning,Internal Page,Follow,ERR,,html,No,3,100.00
https://www.leica-microsystems.com/science-lab/,https://www.leica-microsystems.com/science-lab/tag/cleanliness-analysis/,Cleanliness Analysis,Internal Page,Follow,ERR,,html,No,3,100.00
https://www.leica-microsystems.com/science-lab/,https://www.leica-microsystems.com/science-lab/tag/clem/,CLEM,Internal Page,Follow,ERR,,html,No,3,100.00
https://www.leica-microsystems.com/science-lab/,https://www.leica-microsystems.com/science-lab/tag/clinical-microscopy/,Clinical Pathology,Internal Page,Follow,ERR,,html,No,3,100.00
https://www.leica-microsystems.com/science-lab/,https://www.leica-microsystems.com/science-lab/tag/coating/,Coating,Internal Page,Follow,ERR,,html,No,3,100.00
https://www.leica-microsystems.com/science-lab/,https://www.leica-microsystems.com/science-lab/tag/coherent-raman-scattering-crs/,Coherent Raman Scattering (CRS),Internal Page,Follow,ERR,,html,No,3,100.00
https://www.leica-microsystems.com/science-lab/,https://www.leica-microsystems.com/science-lab/tag/confocal-microscopy/,Confocal Microscopy,Internal Page,Follow,ERR,,html,No,3,100.00
https://www.leica-microsystems.com/science-lab/,https://www.leica-microsystems.com/science-lab/tag/contrast-methods-in-light-microscopy/,Contrast Methods in Light Microscopy,Internal Page,Follow,ERR,,html,No,3,100.00
https://www.leica-microsystems.com/science-lab/,https://www.leica-microsystems.com/science-lab/tag/cornea-surgery/,Cornea Surgery,Internal Page,Follow,ERR,,html,No,3,100.00
https://www.leica-microsystems.com/science-lab/,https://www.leica-microsystems.com/science-lab/tag/cross-section-analysis-for-electronics/,Cross-Section Analysis for Electronics,Internal Page,Follow,ERR,,html,No,3,100.00
https://www.leica-microsystems.com/science-lab/,https://www.leica-microsystems.com/science-lab/tag/cryo-electron-microscopy/,Cryo Electron Microscopy,Internal Page,Follow,ERR,,html,No,3,100.00
https://www.leica-microsystems.com/science-lab/,https://www.leica-microsystems.com/science-lab/tag/cryo-sem/,Cryo SEM,Internal Page,Follow,ERR,,html,No,3,100.00
https://www.leica-microsystems.com/science-lab/,https://www.leica-microsystems.com/science-lab/tag/darkfield-microscopes/,Darkfield Microscopy,Internal Page,Follow,ERR,,html,No,3,100.00
https://www.leica-microsystems.com/science-lab/,https://www.leica-microsystems.com/science-lab/tag/dentistry/,Dentistry,Internal Page,Follow,ERR,,html,No,3,100.00
https://www.leica-microsystems.com/science-lab/,https://www.leica-microsystems.com/science-lab/tag/depth-of-field/,Depth of Field,Internal Page,Follow,ERR,,html,No,3,100.00
https://www.leica-microsystems.com/science-lab/,https://www.leica-microsystems.com/science-lab/tag/dic-microscopes/,DIC Microscopy,Internal Page,Follow,ERR,,html,No,3,100.00
https://www.leica-microsystems.com/science-lab/,https://www.leica-microsystems.com/science-lab/tag/diffraction-limit/,Diffraction Limit,Internal Page,Follow,ERR,,html,No,3,100.00
https://www.leica-microsystems.com/science-lab/,https://www.leica-microsystems.com/science-lab/tag/digital-microscopy/,Digital Microscopy,Internal Page,Follow,ERR,,html,No,3,100.00
https://www.leica-microsystems.com/science-lab/,https://www.leica-microsystems.com/science-lab/tag/dissection/,Dissection,Internal Page,Follow,ERR,,html,No,3,100.00
https://www.leica-microsystems.com/science-lab/,https://www.leica-microsystems.com/science-lab/tag/drosophila-research/,Drosophila Research,Internal Page,Follow,ERR,,html,No,3,100.00
https://www.leica-microsystems.com/science-lab/,https://www.leica-microsystems.com/science-lab/tag/education/,Education,Internal Page,Follow,ERR,,html,No,3,100.00
https://www.leica-microsystems.com/science-lab/,https://www.leica-microsystems.com/science-lab/tag/electron-microscope/,Electron Microscopy,Internal Page,Follow,ERR,,html,No,3,100.00
https://www.leica-microsystems.com/science-lab/,https://www.leica-microsystems.com/science-lab/tag/semiconductor/,Electronics & Semiconductor Industry,Internal Page,Follow,ERR,,html,No,3,100.00
https://www.leica-microsystems.com/science-lab/,https://www.leica-microsystems.com/science-lab/tag/em-sample-preparation/,EM Sample Preparation,Internal Page,Follow,ERR,,html,No,3,100.00
https://www.leica-microsystems.com/science-lab/,https://www.leica-microsystems.com/science-lab/tag/embl-imaging-centre/,EMBL Imaging Centre,Internal Page,Follow,ERR,,html,No,3,100.00
https://www.leica-microsystems.com/science-lab/,https://www.leica-microsystems.com/science-lab/tag/ergonomics/,Ergonomics,Internal Page,Follow,ERR,,html,No,3,100.00
https://www.leica-microsystems.com/science-lab/,https://www.leica-microsystems.com/science-lab/tag/f-techniques/,F-Techniques,Internal Page,Follow,ERR,,html,No,3,100.00
https://www.leica-microsystems.com/science-lab/,https://www.leica-microsystems.com/science-lab/tag/flim/,FLIM (Fluorescence Lifetime Imaging Microscopy),Internal Page,Follow,ERR,,html,No,3,100.00
https://www.leica-microsystems.com/science-lab/,https://www.leica-microsystems.com/science-lab/tag/fluorescence/,Fluorescence,Internal Page,Follow,ERR,,html,No,3,100.00
https://www.leica-microsystems.com/science-lab/,https://www.leica-microsystems.com/science-lab/tag/fluorescent-protein/,Fluorescent Protein,Internal Page,Follow,ERR,,html,No,3,100.00
https://www.leica-microsystems.com/science-lab/,https://www.leica-microsystems.com/science-lab/tag/fluorophore/,Fluorophore,Internal Page,Follow,ERR,,html,No,3,100.00
https://www.leica-microsystems.com/science-lab/,https://www.leica-microsystems.com/science-lab/tag/fluosync/,FluoSync,Internal Page,Follow,ERR,,html,No,3,100.00
https://www.leica-microsystems.com/science-lab/,https://www.leica-microsystems.com/science-lab/tag/forensic-science/,Forensic Science,Internal Page,Follow,ERR,,html,No,3,100.00
https://www.leica-microsystems.com/science-lab/,https://www.leica-microsystems.com/science-lab/tag/frap/,FRAP,Internal Page,Follow,ERR,,html,No,3,100.00
https://www.leica-microsystems.com/science-lab/,https://www.leica-microsystems.com/science-lab/tag/fret/,FRET,Internal Page,Follow,ERR,,html,No,3,100.00
https://www.leica-microsystems.com/science-lab/,https://www.leica-microsystems.com/science-lab/tag/glaucoma-surgery/,Glaucoma Surgery,Internal Page,Follow,ERR,,html,No,3,100.00
https://www.leica-microsystems.com/science-lab/,https://www.leica-microsystems.com/science-lab/tag/grains/,Grains,Internal Page,Follow,ERR,,html,No,3,100.00
https://www.leica-microsystems.com/science-lab/,https://www.leica-microsystems.com/science-lab/tag/gynaecology-and-urology/,Gynaecology and Urology,Internal Page,Follow,ERR,,html,No,3,100.00
https://www.leica-microsystems.com/science-lab/,https://www.leica-microsystems.com/science-lab/tag/high-pressure-freezing/,High Pressure Freezing,Internal Page,Follow,ERR,,html,No,3,100.00
https://www.leica-microsystems.com/science-lab/,https://www.leica-microsystems.com/science-lab/tag/history/,History,Internal Page,Follow,ERR,,html,No,3,100.00
https://www.leica-microsystems.com/science-lab/,https://www.leica-microsystems.com/science-lab/tag/hyd/,HyD,Internal Page,Follow,ERR,,html,No,3,100.00
https://www.leica-microsystems.com/science-lab/,https://www.leica-microsystems.com/science-lab/tag/image-acquisition/,Image Acquisition,Internal Page,Follow,ERR,,html,No,3,100.00
https://www.leica-microsystems.com/science-lab/,https://www.leica-microsystems.com/science-lab/tag/image-analysis/,Image Analysis,Internal Page,Follow,ERR,,html,No,3,100.00
https://www.leica-microsystems.com/science-lab/,https://www.leica-microsystems.com/science-lab/tag/image-restoration-and-deconvolution/,Image Optimization and Deconvolution,Internal Page,Follow,ERR,,html,No,3,100.00
https://www.leica-microsystems.com/science-lab/,https://www.leica-microsystems.com/science-lab/tag/immunofluorescence/,Immunofluorescence,Internal Page,Follow,ERR,,html,No,3,100.00
https://www.leica-microsystems.com/science-lab/,https://www.leica-microsystems.com/science-lab/tag/imperial-imaging-hub/,Imperial Imaging Hub,Internal Page,Follow,ERR,,html,No,3,100.00
https://www.leica-microsystems.com/science-lab/,https://www.leica-microsystems.com/science-lab/tag/in-vivo-whole-organism-imaging/,In vivo Whole-Organism Imaging,Internal Page,Follow,ERR,,html,No,3,100.00
https://www.leica-microsystems.com/science-lab/,https://www.leica-microsystems.com/science-lab/tag/industry-and-manufacturing/,Industrial Microscopy,Internal Page,Follow,ERR,,html,No,3,100.00
https://www.leica-microsystems.com/science-lab/,https://www.leica-microsystems.com/science-lab/tag/inspection-microscopes/,Inspection Microscopy,Internal Page,Follow,ERR,,html,No,3,100.00
https://www.leica-microsystems.com/science-lab/,https://www.leica-microsystems.com/science-lab/tag/intraoperative-oct/,Intraoperative OCT,Internal Page,Follow,ERR,,html,No,3,100.00
https://www.leica-microsystems.com/science-lab/,https://www.leica-microsystems.com/science-lab/tag/inverted-microscopy/,Inverted Microscopy,Internal Page,Follow,ERR,,html,No,3,100.00
https://www.leica-microsystems.com/science-lab/,https://www.leica-microsystems.com/science-lab/tag/ion-beam-milling/,Ion Beam Milling,Internal Page,Follow,ERR,,html,No,3,100.00
https://www.leica-microsystems.com/science-lab/,https://www.leica-microsystems.com/science-lab/tag/label-free/,Label-free,Internal Page,Follow,ERR,,html,No,3,100.00
https://www.leica-microsystems.com/science-lab/,https://www.leica-microsystems.com/science-lab/tag/laser-induced-breakdown-spectroscopy/,Laser Induced Breakdown Spectroscopy (LIBS),Internal Page,Follow,ERR,,html,No,3,100.00
https://www.leica-microsystems.com/science-lab/,https://www.leica-microsystems.com/science-lab/tag/laser-microdissection/,Laser Microdissection (LMD),Internal Page,Follow,ERR,,html,No,3,100.00
https://www.leica-microsystems.com/science-lab/,https://www.leica-microsystems.com/science-lab/tag/life-science/,Life Science Research,Internal Page,Follow,ERR,,html,No,3,100.00
https://www.leica-microsystems.com/science-lab/,https://www.leica-microsystems.com/science-lab/tag/light-microscopy/,Light Microscopy,Internal Page,Follow,ERR,,html,No,3,100.00
https://www.leica-microsystems.com/science-lab/,https://www.leica-microsystems.com/science-lab/tag/light-sheet-microscopy/,Light Sheet Microscopy,Internal Page,Follow,ERR,,html,No,3,100.00
https://www.leica-microsystems.com/science-lab/,https://www.leica-microsystems.com/science-lab/tag/live-cell-imaging/,Live Cell Imaging,Internal Page,Follow,ERR,,html,No,3,100.00
https://www.leica-microsystems.com/science-lab/,https://www.leica-microsystems.com/science-lab/tag/material-science-analysis/,Material Science & Analysis,Internal Page,Follow,ERR,,html,No,3,100.00
https://www.leica-microsystems.com/science-lab/,https://www.leica-microsystems.com/science-lab/tag/measurement-microscopes/,Measurement Microscopy,Internal Page,Follow,ERR,,html,No,3,100.00
https://www.leica-microsystems.com/science-lab/,https://www.leica-microsystems.com/science-lab/tag/medical/,Medical Specialties,Internal Page,Follow,ERR,,html,No,3,100.00
https://www.leica-microsystems.com/science-lab/,https://www.leica-microsystems.com/science-lab/tag/metal/,Metal Industry,Internal Page,Follow,ERR,,html,No,3,100.00
https://www.leica-microsystems.com/science-lab/,https://www.leica-microsystems.com/science-lab/tag/metallography/,Metallography,Internal Page,Follow,ERR,,html,No,3,100.00
https://www.leica-microsystems.com/science-lab/,https://www.leica-microsystems.com/science-lab/tag/microelectronics/,Microelectronics,Internal Page,Follow,ERR,,html,No,3,100.00
https://www.leica-microsystems.com/science-lab/,https://www.leica-microsystems.com/science-lab/tag/microhubimaging/,Microhub Imaging,Internal Page,Follow,ERR,,html,No,3,100.00
https://www.leica-microsystems.com/science-lab/,https://www.leica-microsystems.com/science-lab/tag/software/,Microscope Imaging Software,Internal Page,Follow,ERR,,html,No,3,100.00
https://www.leica-microsystems.com/science-lab/,https://www.leica-microsystems.com/science-lab/tag/microsurgery/,Microsurgery,Internal Page,Follow,ERR,,html,No,3,100.00
https://www.leica-microsystems.com/science-lab/,https://www.leica-microsystems.com/science-lab/tag/model-organism/,Model Organism,Internal Page,Follow,ERR,,html,No,3,100.00
https://www.leica-microsystems.com/science-lab/,https://www.leica-microsystems.com/science-lab/tag/multiphoton-microscopy/,Multiphoton Microscopy,Internal Page,Follow,ERR,,html,No,3,100.00
https://www.leica-microsystems.com/science-lab/,https://www.leica-microsystems.com/science-lab/tag/neuro-oncology/,Neuro-Oncology,Internal Page,Follow,ERR,,html,No,3,100.00
https://www.leica-microsystems.com/science-lab/,https://www.leica-microsystems.com/science-lab/tag/neurodegenerative-disease/,Neurodegenerative Diseases,Internal Page,Follow,ERR,,html,No,3,100.00
https://www.leica-microsystems.com/science-lab/,https://www.leica-microsystems.com/science-lab/tag/neuroscience/,Neuroscience,Internal Page,Follow,ERR,,html,No,3,100.00
https://www.leica-microsystems.com/science-lab/,https://www.leica-microsystems.com/science-lab/tag/neurosurgery/,Neurosurgery,Internal Page,Follow,ERR,,html,No,3,100.00
https://www.leica-microsystems.com/science-lab/,https://www.leica-microsystems.com/science-lab/tag/neurovascular-surgery/,Neurovascular Surgery,Internal Page,Follow,ERR,,html,No,3,100.00
https://www.leica-microsystems.com/science-lab/,https://www.leica-microsystems.com/science-lab/tag/numerical-aperture/,Numerical Aperture,Internal Page,Follow,ERR,,html,No,3,100.00
https://www.leica-microsystems.com/science-lab/,https://www.leica-microsystems.com/science-lab/tag/objective/,Objective Lens,Internal Page,Follow,ERR,,html,No,3,100.00
https://www.leica-microsystems.com/science-lab/,https://www.leica-microsystems.com/science-lab/tag/ophthalmology/,Ophthalmology,Internal Page,Follow,ERR,,html,No,3,100.00
https://www.leica-microsystems.com/science-lab/,https://www.leica-microsystems.com/science-lab/tag/oct/,Optical Coherence Tomography (OCT),Internal Page,Follow,ERR,,html,No,3,100.00
https://www.leica-microsystems.com/science-lab/,https://www.leica-microsystems.com/science-lab/tag/optics/,Optics,Internal Page,Follow,ERR,,html,No,3,100.00
https://www.leica-microsystems.com/science-lab/,https://www.leica-microsystems.com/science-lab/tag/organoids-3d-cell-culture/,Organoids + 3D Cell Culture,Internal Page,Follow,ERR,,html,No,3,100.00
https://www.leica-microsystems.com/science-lab/,https://www.leica-microsystems.com/science-lab/tag/otolaryngology-ent/,Otolaryngology (ENT),Internal Page,Follow,ERR,,html,No,3,100.00
https://www.leica-microsystems.com/science-lab/,https://www.leica-microsystems.com/science-lab/tag/pathology-microscopy/,Pathology Microscopy,Internal Page,Follow,ERR,,html,No,3,100.00
https://www.leica-microsystems.com/science-lab/,https://www.leica-microsystems.com/science-lab/tag/phase-contrast-microscopes/,Phase Contrast Microscopes,Internal Page,Follow,ERR,,html,No,3,100.00
https://www.leica-microsystems.com/science-lab/,https://www.leica-microsystems.com/science-lab/tag/plastic-reconstructive/,Plastic Reconstructive,Internal Page,Follow,ERR,,html,No,3,100.00
https://www.leica-microsystems.com/science-lab/,https://www.leica-microsystems.com/science-lab/tag/polarization/,Polarization,Internal Page,Follow,ERR,,html,No,3,100.00
https://www.leica-microsystems.com/science-lab/,https://www.leica-microsystems.com/science-lab/tag/pcb/,Printed Circuit Board (PCB),Internal Page,Follow,ERR,,html,No,3,100.00
https://www.leica-microsystems.com/science-lab/,https://www.leica-microsystems.com/science-lab/tag/quality-assurance/,Quality Assurance / Quality Control,Internal Page,Follow,ERR,,html,No,3,100.00
https://www.leica-microsystems.com/science-lab/,https://www.leica-microsystems.com/science-lab/tag/quantitative-imaging/,Quantitative Imaging,Internal Page,Follow,ERR,,html,No,3,100.00
https://www.leica-microsystems.com/science-lab/,https://www.leica-microsystems.com/science-lab/tag/red-reflex/,Red Reflex,Internal Page,Follow,ERR,,html,No,3,100.00
https://www.leica-microsystems.com/science-lab/,https://www.leica-microsystems.com/science-lab/tag/resolution/,Resolution,Internal Page,Follow,ERR,,html,No,3,100.00
https://www.leica-microsystems.com/science-lab/,https://www.leica-microsystems.com/science-lab/tag/retina-surgery/,Retina Surgery,Internal Page,Follow,ERR,,html,No,3,100.00
https://www.leica-microsystems.com/science-lab/,https://www.leica-microsystems.com/science-lab/tag/sample-preparation/,Sample Preparation,Internal Page,Follow,ERR,,html,No,3,100.00
https://www.leica-microsystems.com/science-lab/,https://www.leica-microsystems.com/science-lab/tag/san-francisco-innovation-hub/,San Francisco Innovation Hub,Internal Page,Follow,ERR,,html,No,3,100.00
https://www.leica-microsystems.com/science-lab/,https://www.leica-microsystems.com/science-lab/tag/sem/,SEM,Internal Page,Follow,ERR,,html,No,3,100.00
https://www.leica-microsystems.com/science-lab/,https://www.leica-microsystems.com/science-lab/tag/servicetag/,Service,Internal Page,Follow,ERR,,html,No,3,100.00
https://www.leica-microsystems.com/science-lab/,https://www.leica-microsystems.com/science-lab/tag/spatial-biology/,Spatial Multiplexing,Internal Page,Follow,ERR,,html,No,3,100.00
https://www.leica-microsystems.com/science-lab/,https://www.leica-microsystems.com/science-lab/tag/spine/,Spine Surgery,Internal Page,Follow,ERR,,html,No,3,100.00
https://www.leica-microsystems.com/science-lab/,https://www.leica-microsystems.com/science-lab/tag/staining/,Staining,Internal Page,Follow,ERR,,html,No,3,100.00
https://www.leica-microsystems.com/science-lab/,https://www.leica-microsystems.com/science-lab/tag/sted/,STED,Internal Page,Follow,ERR,,html,No,3,100.00
https://www.leica-microsystems.com/science-lab/,https://www.leica-microsystems.com/science-lab/tag/steel-quality/,Steel Quality,Internal Page,Follow,ERR,,html,No,3,100.00
https://www.leica-microsystems.com/science-lab/,https://www.leica-microsystems.com/science-lab/tag/stellaris-modalities/,STELLARIS Functionalities,Internal Page,Follow,ERR,,html,No,3,100.00
https://www.leica-microsystems.com/science-lab/,https://www.leica-microsystems.com/science-lab/tag/stereo-microscopy/,Stereo Microscopy,Internal Page,Follow,ERR,,html,No,3,100.00
https://www.leica-microsystems.com/science-lab/,https://www.leica-microsystems.com/science-lab/tag/super-resolution/,Super-Resolution,Internal Page,Follow,ERR,,html,No,3,100.00
https://www.leica-microsystems.com/science-lab/,https://www.leica-microsystems.com/science-lab/tag/surgical-microscopy/,Surgical Microscopy,Internal Page,Follow,ERR,,html,No,3,100.00
https://www.leica-microsystems.com/science-lab/,https://www.leica-microsystems.com/science-lab/tag/tem/,TEM,Internal Page,Follow,ERR,,html,No,3,100.00
https://www.leica-microsystems.com/science-lab/,https://www.leica-microsystems.com/science-lab/tag/thunder-imaging/,THUNDER Imaging,Internal Page,Follow,ERR,,html,No,3,100.00
https://www.leica-microsystems.com/science-lab/,https://www.leica-microsystems.com/science-lab/tag/tirf/,TIRF,Internal Page,Follow,ERR,,html,No,3,100.00
https://www.leica-microsystems.com/science-lab/,https://www.leica-microsystems.com/science-lab/tag/ultramicrotomy/,Ultramicrotomy,Internal Page,Follow,ERR,,html,No,3,100.00
https://www.leica-microsystems.com/science-lab/,https://www.leica-microsystems.com/science-lab/tag/upright-microscopy/,Upright Microscopy,Internal Page,Follow,ERR,,html,No,3,100.00
https://www.leica-microsystems.com/science-lab/,https://www.leica-microsystems.com/science-lab/tag/virology/,Virology,Internal Page,Follow,ERR,,html,No,3,100.00
https://www.leica-microsystems.com/science-lab/,https://www.leica-microsystems.com/science-lab/tag/widefield-microscopy/,Widefield Microscopy,Internal Page,Follow,ERR,,html,No,3,100.00
https://www.leica-microsystems.com/science-lab/,https://www.leica-microsystems.com/science-lab/tag/zebrafish-research/,Zebrafish Research,Internal Page,Follow,ERR,,html,No,3,100.00
https://www.leica-microsystems.com/science-lab/,https://www.leica-microsystems.com/science-lab/type/articles/,Articles,Internal Page,Follow,ERR,,html,No,3,100.00
https://www.leica-microsystems.com/science-lab/,https://www.leica-microsystems.com/science-lab/type/tutorials/,Tutorials,Internal Page,Follow,ERR,,html,No,3,100.00
https://www.leica-microsystems.com/science-lab/,https://www.leica-microsystems.com/science-lab/type/webinars/,Webinars,Internal Page,Follow,ERR,,html,No,3,100.00
https://www.leica-microsystems.com/science-lab/,https://www.leica-microsystems.com/science-lab/type/galleries/,Galleries,Internal Page,Follow,ERR,,html,No,3,100.00
https://www.leica-microsystems.com/science-lab/,https://www.leica-microsystems.com/science-lab/type/interview/,Interviews,Internal Page,Follow,ERR,,html,No,3,100.00
https://www.leica-microsystems.com/science-lab/,https://www.leica-microsystems.com/science-lab/type/whitepaper/,Whitepapers,Internal Page,Follow,ERR,,html,No,3,100.00
https://www.leica-microsystems.com/science-lab/,https://www.leica-microsystems.com/science-lab/type/case-study/,Case Studies,Internal Page,Follow,ERR,,html,No,3,100.00
https://www.leica-microsystems.com/science-lab/,https://www.leica-microsystems.com/science-lab/type/guides/,Guides,Internal Page,Follow,ERR,,html,No,3,100.00
https://www.leica-microsystems.com/science-lab/,https://www.leica-microsystems.com/science-lab/product/leica-a60-f/,A60 F & A60 S,Internal Page,Follow,ERR,,html,No,3,100.00
https://www.leica-microsystems.com/science-lab/,https://www.leica-microsystems.com/science-lab/product/leica-a60-h/,A60 H,Internal Page,Follow,ERR,,html,No,3,100.00
https://www.leica-microsystems.com/science-lab/,https://www.leica-microsystems.com/science-lab/product/arveo-8/,ARveo 8,Internal Page,Follow,ERR,,html,No,3,100.00
https://www.leica-microsystems.com/science-lab/,https://www.leica-microsystems.com/science-lab/product/arveo-8x/,ARveo 8x,Internal Page,Follow,ERR,,html,No,3,100.00
https://www.leica-microsystems.com/science-lab/,https://www.leica-microsystems.com/science-lab/product/airteach/,AirTeach,Internal Page,Follow,ERR,,html,No,3,100.00
https://www.leica-microsystems.com/science-lab/,https://www.leica-microsystems.com/science-lab/product/aivia/,Aivia,Internal Page,Follow,ERR,,html,No,3,100.00
https://www.leica-microsystems.com/science-lab/,https://www.leica-microsystems.com/science-lab/product/cell-dive/,Cell DIVE,Internal Page,Follow,ERR,,html,No,3,100.00
https://www.leica-microsystems.com/science-lab/,https://www.leica-microsystems.com/science-lab/product/las-x-cleanliness-expert/,Cleanliness Analysis Systems,Internal Page,Follow,ERR,,html,No,3,100.00
https://www.leica-microsystems.com/science-lab/,https://www.leica-microsystems.com/science-lab/product/leica-dm-il-led/,DM IL LED,Internal Page,Follow,ERR,,html,No,3,100.00
https://www.leica-microsystems.com/science-lab/,https://www.leica-microsystems.com/science-lab/product/leica-dm-ilm/,DM ILM,Internal Page,Follow,ERR,,html,No,3,100.00
https://www.leica-microsystems.com/science-lab/,https://www.leica-microsystems.com/science-lab/product/leica-dm1000/,DM1000,Internal Page,Follow,ERR,,html,No,3,100.00
https://www.leica-microsystems.com/science-lab/,https://www.leica-microsystems.com/science-lab/product/leica-dm1000-led/,DM1000 LED,Internal Page,Follow,ERR,,html,No,3,100.00
https://www.leica-microsystems.com/science-lab/,https://www.leica-microsystems.com/science-lab/product/leica-dm4-m/,DM4 M,Internal Page,Follow,ERR,,html,No,3,100.00
https://www.leica-microsystems.com/science-lab/,https://www.leica-microsystems.com/science-lab/product/leica-dm4-p/,"DM4 P, DM750 P & Visoria P",Internal Page,Follow,ERR,,html,No,3,100.00
https://www.leica-microsystems.com/science-lab/,https://www.leica-microsystems.com/science-lab/product/leica-dm500/,DM500,Internal Page,Follow,ERR,,html,No,3,100.00
https://www.leica-microsystems.com/science-lab/,https://www.leica-microsystems.com/science-lab/product/libs-module/,DM6 M LIBS,Internal Page,Follow,ERR,,html,No,3,100.00
https://www.leica-microsystems.com/science-lab/,https://www.leica-microsystems.com/science-lab/product/leica-dm750/,DM750,Internal Page,Follow,ERR,,html,No,3,100.00
https://www.leica-microsystems.com/science-lab/,https://www.leica-microsystems.com/science-lab/product/leica-dm750-m/,DM750 M,Internal Page,Follow,ERR,,html,No,3,100.00
https://www.leica-microsystems.com/science-lab/,https://www.leica-microsystems.com/science-lab/product/dm8000-12000/,DM8000 M & DM12000 M,Internal Page,Follow,ERR,,html,No,3,100.00
https://www.leica-microsystems.com/science-lab/,https://www.leica-microsystems.com/science-lab/product/leica-dmi1/,DMi1,Internal Page,Follow,ERR,,html,No,3,100.00
https://www.leica-microsystems.com/science-lab/,https://www.leica-microsystems.com/science-lab/product/dmi8/,DMi8,Internal Page,Follow,ERR,,html,No,3,100.00
https://www.leica-microsystems.com/science-lab/,https://www.leica-microsystems.com/science-lab/product/leica-dvm6/,DVM6,Internal Page,Follow,ERR,,html,No,3,100.00
https://www.leica-microsystems.com/science-lab/,https://www.leica-microsystems.com/science-lab/product/leica-el6000/,EL6000,Internal Page,Follow,ERR,,html,No,3,100.00
https://www.leica-microsystems.com/science-lab/,https://www.leica-microsystems.com/science-lab/product/leica-em-ac20/,EM AC20,Internal Page,Follow,ERR,,html,No,3,100.00
https://www.leica-microsystems.com/science-lab/,https://www.leica-microsystems.com/science-lab/product/leica-em-ace200/,EM ACE200,Internal Page,Follow,ERR,,html,No,3,100.00
https://www.leica-microsystems.com/science-lab/,https://www.leica-microsystems.com/science-lab/product/leica-em-ace600/,EM ACE600,Internal Page,Follow,ERR,,html,No,3,100.00
https://www.leica-microsystems.com/science-lab/,https://www.leica-microsystems.com/science-lab/product/leica-em-afs2/,EM AFS2,Internal Page,Follow,ERR,,html,No,3,100.00
https://www.leica-microsystems.com/science-lab/,https://www.leica-microsystems.com/science-lab/product/leica-em-cpd300/,EM CPD300,Internal Page,Follow,ERR,,html,No,3,100.00
https://www.leica-microsystems.com/science-lab/,https://www.leica-microsystems.com/science-lab/product/leica-em-ctd/,EM CTD,Internal Page,Follow,ERR,,html,No,3,100.00
https://www.leica-microsystems.com/science-lab/,https://www.leica-microsystems.com/science-lab/product/leica-em-gp2/,EM GP2,Internal Page,Follow,ERR,,html,No,3,100.00
https://www.leica-microsystems.com/science-lab/,https://www.leica-microsystems.com/science-lab/product/leica-em-ice/,EM ICE,Internal Page,Follow,ERR,,html,No,3,100.00
https://www.leica-microsystems.com/science-lab/,https://www.leica-microsystems.com/science-lab/product/leica-em-kmr3/,EM KMR3,Internal Page,Follow,ERR,,html,No,3,100.00
https://www.leica-microsystems.com/science-lab/,https://www.leica-microsystems.com/science-lab/product/leica-em-rapid/,EM RAPID,Internal Page,Follow,ERR,,html,No,3,100.00
https://www.leica-microsystems.com/science-lab/,https://www.leica-microsystems.com/science-lab/product/leica-em-tic-3x/,EM TIC 3X,Internal Page,Follow,ERR,,html,No,3,100.00
https://www.leica-microsystems.com/science-lab/,https://www.leica-microsystems.com/science-lab/product/leica-em-tp/,EM TP,Internal Page,Follow,ERR,,html,No,3,100.00
https://www.leica-microsystems.com/science-lab/,https://www.leica-microsystems.com/science-lab/product/leica-em-txp/,EM TXP,Internal Page,Follow,ERR,,html,No,3,100.00
https://www.leica-microsystems.com/science-lab/,https://www.leica-microsystems.com/science-lab/product/leica-em-vct500/,EM VCT500,Internal Page,Follow,ERR,,html,No,3,100.00
https://www.leica-microsystems.com/science-lab/,https://www.leica-microsystems.com/science-lab/product/leica-ez4/,EZ4,Internal Page,Follow,ERR,,html,No,3,100.00
https://www.leica-microsystems.com/science-lab/,https://www.leica-microsystems.com/science-lab/product/emspira-3/,Emspira 3,Internal Page,Follow,ERR,,html,No,3,100.00
https://www.leica-microsystems.com/science-lab/,https://www.leica-microsystems.com/science-lab/product/enfocus/,EnFocus,Internal Page,Follow,ERR,,html,No,3,100.00
https://www.leica-microsystems.com/science-lab/,https://www.leica-microsystems.com/science-lab/product/enersight/,Enersight,Internal Page,Follow,ERR,,html,No,3,100.00
https://www.leica-microsystems.com/science-lab/,https://www.leica-microsystems.com/science-lab/product/leica-fl400/,FL400,Internal Page,Follow,ERR,,html,No,3,100.00
https://www.leica-microsystems.com/science-lab/,https://www.leica-microsystems.com/science-lab/product/leica-fl560/,FL560,Internal Page,Follow,ERR,,html,No,3,100.00
https://www.leica-microsystems.com/science-lab/,https://www.leica-microsystems.com/science-lab/product/leica-fl800/,FL800,Internal Page,Follow,ERR,,html,No,3,100.00
https://www.leica-microsystems.com/science-lab/,https://www.leica-microsystems.com/science-lab/product/leica-fs-c/,FS C & FS M,Internal Page,Follow,ERR,,html,No,3,100.00
https://www.leica-microsystems.com/science-lab/,https://www.leica-microsystems.com/science-lab/product/leica-fs-m/,FS M,Internal Page,Follow,ERR,,html,No,3,100.00
https://www.leica-microsystems.com/science-lab/,https://www.leica-microsystems.com/science-lab/product/leica-fs4000-led/,FS4000 LED,Internal Page,Follow,ERR,,html,No,3,100.00
https://www.leica-microsystems.com/science-lab/,https://www.leica-microsystems.com/science-lab/product/flexacam-c3/,Flexacam C3,Internal Page,Follow,ERR,,html,No,3,100.00
https://www.leica-microsystems.com/science-lab/,https://www.leica-microsystems.com/science-lab/product/flexacam-c5-i5/,Flexacam c5 & i5,Internal Page,Follow,ERR,,html,No,3,100.00
https://www.leica-microsystems.com/science-lab/,https://www.leica-microsystems.com/science-lab/product/glow400/,GLOW400,Internal Page,Follow,ERR,,html,No,3,100.00
https://www.leica-microsystems.com/science-lab/,https://www.leica-microsystems.com/science-lab/product/glow800/,GLOW800,Internal Page,Follow,ERR,,html,No,3,100.00
https://www.leica-microsystems.com/science-lab/,https://www.leica-microsystems.com/science-lab/product/leica-hcs-a/,HCS A,Internal Page,Follow,ERR,,html,No,3,100.00
https://www.leica-microsystems.com/science-lab/,https://www.leica-microsystems.com/science-lab/product/ivesta-3/,Ivesta 3,Internal Page,Follow,ERR,,html,No,3,100.00
https://www.leica-microsystems.com/science-lab/,https://www.leica-microsystems.com/science-lab/product/k5/,K5,Internal Page,Follow,ERR,,html,No,3,100.00
https://www.leica-microsystems.com/science-lab/,https://www.leica-microsystems.com/science-lab/product/k5c/,K5C,Internal Page,Follow,ERR,,html,No,3,100.00
https://www.leica-microsystems.com/science-lab/,https://www.leica-microsystems.com/science-lab/product/k7/,K7,Internal Page,Follow,ERR,,html,No,3,100.00
https://www.leica-microsystems.com/science-lab/,https://www.leica-microsystems.com/science-lab/product/k8/,K8,Internal Page,Follow,ERR,,html,No,3,100.00
https://www.leica-microsystems.com/science-lab/,https://www.leica-microsystems.com/science-lab/product/leica-las-x-id/,LAS X Industry,Internal Page,Follow,ERR,,html,No,3,100.00
https://www.leica-microsystems.com/science-lab/,https://www.leica-microsystems.com/science-lab/product/las-x-id-modules/,LAS X Materials Science Modules,Internal Page,Follow,ERR,,html,No,3,100.00
https://www.leica-microsystems.com/science-lab/,https://www.leica-microsystems.com/science-lab/product/las-x-steel-expert/,LAS X Steel Expert,Internal Page,Follow,ERR,,html,No,3,100.00
https://www.leica-microsystems.com/science-lab/,https://www.leica-microsystems.com/science-lab/product/leica-las-x-widefield-systems/,LAS X Widefield Systems,Internal Page,Follow,ERR,,html,No,3,100.00
https://www.leica-microsystems.com/science-lab/,https://www.leica-microsystems.com/science-lab/product/leica-led3000-rl/,LED3000 RL,Internal Page,Follow,ERR,,html,No,3,100.00
https://www.leica-microsystems.com/science-lab/,https://www.leica-microsystems.com/science-lab/product/leica-led3000-sli/,LED3000 SLI,Internal Page,Follow,ERR,,html,No,3,100.00
https://www.leica-microsystems.com/science-lab/,https://www.leica-microsystems.com/science-lab/product/leica-led5000-sli/,LED5000 SLI,Internal Page,Follow,ERR,,html,No,3,100.00
https://www.leica-microsystems.com/science-lab/,https://www.leica-microsystems.com/science-lab/product/leica-lmd-software/,LMD Software,Internal Page,Follow,ERR,,html,No,3,100.00
https://www.leica-microsystems.com/science-lab/,https://www.leica-microsystems.com/science-lab/product/leica-dm6-b/,DM4 B & DM6 B,Internal Page,Follow,ERR,,html,No,3,100.00
https://www.leica-microsystems.com/science-lab/,https://www.leica-microsystems.com/science-lab/product/leica-dm6-m/,DM4 M & DM6 M,Internal Page,Follow,ERR,,html,No,3,100.00
https://www.leica-microsystems.com/science-lab/,https://www.leica-microsystems.com/science-lab/product/leica-dmi8-id/,DMi8 M / C / A,Internal Page,Follow,ERR,,html,No,3,100.00
https://www.leica-microsystems.com/science-lab/,https://www.leica-microsystems.com/science-lab/product/leica-ez4-w/,EZ4 W & EZ4 E,Internal Page,Follow,ERR,,html,No,3,100.00
https://www.leica-microsystems.com/science-lab/,https://www.leica-microsystems.com/science-lab/product/leica-lmd7/,LMD Systems,Internal Page,Follow,ERR,,html,No,3,100.00
https://www.leica-microsystems.com/science-lab/,https://www.leica-microsystems.com/science-lab/product/leica-m205-fca/,M205 FCA &  M205 FA,Internal Page,Follow,ERR,,html,No,3,100.00
https://www.leica-microsystems.com/science-lab/,https://www.leica-microsystems.com/science-lab/product/leica-m530-ohx-microsurgery/,M530 OHX,Internal Page,Follow,ERR,,html,No,3,100.00
https://www.leica-microsystems.com/science-lab/,https://www.leica-microsystems.com/science-lab/product/leica-m530-ohx-spine/,M530 OHX,Internal Page,Follow,ERR,,html,No,3,100.00
https://www.leica-microsystems.com/science-lab/,https://www.leica-microsystems.com/science-lab/product/leica-m125-c/,"M125 C, M205 C & M205 A",Internal Page,Follow,ERR,,html,No,3,100.00
https://www.leica-microsystems.com/science-lab/,https://www.leica-microsystems.com/science-lab/product/leica-m165-fc/,M165 FC,Internal Page,Follow,ERR,,html,No,3,100.00
https://www.leica-microsystems.com/science-lab/,https://www.leica-microsystems.com/science-lab/product/m320-d/,M320 D,Internal Page,Follow,ERR,,html,No,3,100.00
https://www.leica-microsystems.com/science-lab/,https://www.leica-microsystems.com/science-lab/product/leica-m80/,"M50, M60 & M80",Internal Page,Follow,ERR,,html,No,3,100.00
https://www.leica-microsystems.com/science-lab/,https://www.leica-microsystems.com/science-lab/product/leica-m525-f20/,M525 F20,Internal Page,Follow,ERR,,html,No,3,100.00
https://www.leica-microsystems.com/science-lab/,https://www.leica-microsystems.com/science-lab/product/m530-ohx/,M530 OHX,Internal Page,Follow,ERR,,html,No,3,100.00
https://www.leica-microsystems.com/science-lab/,https://www.leica-microsystems.com/science-lab/product/leica-m530-ohx-ent/,M530 OHX ENT,Internal Page,Follow,ERR,,html,No,3,100.00
https://www.leica-microsystems.com/science-lab/,https://www.leica-microsystems.com/science-lab/product/leica-m822-f20/,M822,Internal Page,Follow,ERR,,html,No,3,100.00
https://www.leica-microsystems.com/science-lab/,https://www.leica-microsystems.com/science-lab/product/leica-mz10-f/,MZ10 F,Internal Page,Follow,ERR,,html,No,3,100.00
https://www.leica-microsystems.com/science-lab/,https://www.leica-microsystems.com/science-lab/product/leica-map/,Map,Internal Page,Follow,ERR,,html,No,3,100.00
https://www.leica-microsystems.com/science-lab/,https://www.leica-microsystems.com/science-lab/product/mateo/,Mateo,Internal Page,Follow,ERR,,html,No,3,100.00
https://www.leica-microsystems.com/science-lab/,https://www.leica-microsystems.com/science-lab/product/mica/,Mica,Internal Page,Follow,ERR,,html,No,3,100.00
https://www.leica-microsystems.com/science-lab/,https://www.leica-microsystems.com/science-lab/product/myveo/,MyVeo,Internal Page,Follow,ERR,,html,No,3,100.00
https://www.leica-microsystems.com/science-lab/,https://www.leica-microsystems.com/science-lab/product/objective-finder/,Objective Finder,Internal Page,Follow,ERR,,html,No,3,100.00
https://www.leica-microsystems.com/science-lab/,https://www.leica-microsystems.com/science-lab/product/provido/,PROvido,Internal Page,Follow,ERR,,html,No,3,100.00
https://www.leica-microsystems.com/science-lab/,https://www.leica-microsystems.com/science-lab/product/proveo-8/,Proveo 8,Internal Page,Follow,ERR,,html,No,3,100.00
https://www.leica-microsystems.com/science-lab/,https://www.leica-microsystems.com/science-lab/product/proveo-8x/,Proveo 8x,Internal Page,Follow,ERR,,html,No,3,100.00
https://www.leica-microsystems.com/science-lab/,https://www.leica-microsystems.com/science-lab/product/lms-remotecare/,RemoteCare,Internal Page,Follow,ERR,,html,No,3,100.00
https://www.leica-microsystems.com/science-lab/,https://www.leica-microsystems.com/science-lab/product/stellaris/,STELLARIS,Internal Page,Follow,ERR,,html,No,3,100.00
https://www.leica-microsystems.com/science-lab/,https://www.leica-microsystems.com/science-lab/product/stellaris-8-crs/,STELLARIS CRS,Internal Page,Follow,ERR,,html,No,3,100.00
https://www.leica-microsystems.com/science-lab/,https://www.leica-microsystems.com/science-lab/product/stellaris-cryo/,STELLARIS Cryo,Internal Page,Follow,ERR,,html,No,3,100.00
https://www.leica-microsystems.com/science-lab/,https://www.leica-microsystems.com/science-lab/product/stellaris-8-dive/,STELLARIS DIVE,Internal Page,Follow,ERR,,html,No,3,100.00
https://www.leica-microsystems.com/science-lab/,https://www.leica-microsystems.com/science-lab/product/stellaris-dls/,STELLARIS DLS,Internal Page,Follow,ERR,,html,No,3,100.00
https://www.leica-microsystems.com/science-lab/,https://www.leica-microsystems.com/science-lab/product/stellaris-8-falcon/,STELLARIS FALCON,Internal Page,Follow,ERR,,html,No,3,100.00
https://www.leica-microsystems.com/science-lab/,https://www.leica-microsystems.com/science-lab/product/stellaris-sted/,STELLARIS STED,Internal Page,Follow,ERR,,html,No,3,100.00
https://www.leica-microsystems.com/science-lab/,https://www.leica-microsystems.com/science-lab/product/spectraplex/,SpectraPlex for STELLARIS,Internal Page,Follow,ERR,,html,No,3,100.00
https://www.leica-microsystems.com/science-lab/,https://www.leica-microsystems.com/science-lab/product/thunder-imager-cell/,THUNDER Imager Cell,Internal Page,Follow,ERR,,html,No,3,100.00
https://www.leica-microsystems.com/science-lab/,https://www.leica-microsystems.com/science-lab/product/thunder-imager-cell-spinning-disk/,THUNDER Imager Cell Spinning Disk,Internal Page,Follow,ERR,,html,No,3,100.00
https://www.leica-microsystems.com/science-lab/,https://www.leica-microsystems.com/science-lab/product/thunder-imager-model-organism-sensitive/,THUNDER Imager Model Organism,Internal Page,Follow,ERR,,html,No,3,100.00
https://www.leica-microsystems.com/science-lab/,https://www.leica-microsystems.com/science-lab/product/thunder-imager-tissue/,THUNDER Imager Tissue,Internal Page,Follow,ERR,,html,No,3,100.00
https://www.leica-microsystems.com/science-lab/,https://www.leica-microsystems.com/science-lab/product/tl3000-ergo/,TL3000 Ergo & TL5000 Ergo,Internal Page,Follow,ERR,,html,No,3,100.00
https://www.leica-microsystems.com/science-lab/,https://www.leica-microsystems.com/science-lab/product/uc-enuity/,UC Enuity,Internal Page,Follow,ERR,,html,No,3,100.00
https://www.leica-microsystems.com/science-lab/,https://www.leica-microsystems.com/science-lab/product/visoria-b/,Visoria B,Internal Page,Follow,ERR,,html,No,3,100.00
https://www.leica-microsystems.com/science-lab/,https://www.leica-microsystems.com/science-lab/product/visoria-m/,Visoria M,Internal Page,Follow,ERR,,html,No,3,100.00
https://www.leica-microsystems.com/science-lab/,https://www.leica-microsystems.com/science-lab/product/visoria-p/,Visoria P,Internal Page,Follow,ERR,,html,No,3,100.00
https://www.leica-microsystems.com/science-lab/,https://www.leica-microsystems.com/science-lab/product/viventis-deep/,Viventis Deep,Internal Page,Follow,ERR,,html,No,3,100.00
https://www.leica-microsystems.com/science-lab/,https://www.leica-microsystems.com/science-lab/life-science/what-is-fret-with-flim/,,Internal Page,Follow,ERR,,html,No,3,80.00
https://www.leica-microsystems.com/science-lab/,https://www.leica-microsystems.com/science-lab/medical/4-key-benefits-of-3d-digital-microscopy-in-ophthalmic-surgery/,,Internal Page,Follow,ERR,,html,No,3,80.00
https://www.leica-microsystems.com/science-lab/,https://www.leica-microsystems.com/science-lab/life-science/high-pressure-freezing-protocols-for-ultrastructural-3d-em/,,Internal Page,Follow,ERR,,html,No,3,80.00
https://www.leica-microsystems.com/science-lab/,https://www.leica-microsystems.com/science-lab/life-science/ultramicrotome-uc-enuity-in-practice-stable-15nm-sections-at-zfe/,,Internal Page,Follow,ERR,,html,No,3,80.00
https://www.leica-microsystems.com/science-lab/,https://www.leica-microsystems.com/science-lab/industrial/ensuring-glass-quality-with-the-polarization-microscopy-advantage/,,Internal Page,Follow,ERR,,html,No,3,80.00
https://www.leica-microsystems.com/science-lab/,https://www.leica-microsystems.com/science-lab/medical/expert-techniques-for-superior-visualization-in-cataract-surgery/,,Internal Page,Follow,ERR,,html,No,3,80.00
https://www.leica-microsystems.com/science-lab/,https://www.leica-microsystems.com/science-lab/life-science/eliminating-electrostatic-interference-in-laser-microdissection/,,Internal Page,Follow,ERR,,html,No,3,80.00
https://www.leica-microsystems.com/science-lab/,https://www.leica-microsystems.com/science-lab/life-science/history-developments-and-trends-of-microscopy-in-cancer-research/,,Internal Page,Follow,ERR,,html,No,3,80.00
https://www.leica-microsystems.com/science-lab/,https://www.leica-microsystems.com/science-lab/life-science/overview-of-fluorescent-dyes-in-terms-of-applications-and-properties/,,Internal Page,Follow,ERR,,html,No,3,80.00
https://www.leica-microsystems.com/science-lab/,https://www.leica-microsystems.com/science-lab/1/,1,Internal Page,Follow,ERR,,html,No,2,100.00
https://www.leica-microsystems.com/science-lab/,https://www.leica-microsystems.com/science-lab/2/,2,Internal Page,Follow,ERR,,html,No,2,100.00
https://www.leica-microsystems.com/science-lab/,https://www.leica-microsystems.com/science-lab/3/,3,Internal Page,Follow,ERR,,html,No,2,100.00
https://www.leica-microsystems.com/science-lab/,https://www.leica-microsystems.com/science-lab/4/,4,Internal Page,Follow,ERR,,html,No,2,100.00
https://www.leica-microsystems.com/science-lab/,https://www.leica-microsystems.com/science-lab/55/,55,Internal Page,Follow,ERR,,html,No,2,100.00
https://www.leica-microsystems.com/science-lab/,https://www.leica-microsystems.com/company/imprint/,Imprint,Internal Page,Follow,ERR,,html,No,2,100.00
https://www.leica-microsystems.com/science-lab/,https://www.leica-microsystems.com/company/cookie-notice/,Cookie Notice,Internal Page,Follow,ERR,,html,No,2,100.00
https://www.leica-microsystems.com/science-lab/,https://www.leica-microsystems.com/company/privacy-policy/,Privacy Policy,Internal Page,Follow,ERR,,html,No,2,100.00
https://www.leica-microsystems.com/science-lab/,https://www.leica-microsystems.com/company/do-not-sell-or-share-my-data/,Do Not Sell or Share my Data,Internal Page,Follow,ERR,,html,No,2,100.00
https://www.leica-microsystems.com/science-lab/,https://www.leica-microsystems.com/company/terms-of-use/,Terms of Use,Internal Page,Follow,ERR,,html,No,2,100.00
https://www.leica-microsystems.com/science-lab/industrial/a-guide-to-polarized-light-microscopy/,https://www.leica-microsystems.com/shop/,Online Shop,Internal Page,Follow,ERR,,html,No,1,100.00
https://www.leica-microsystems.com/science-lab/industrial/a-guide-to-polarized-light-microscopy/,https://www.leica-microsystems.com/,Leica Microsystems Logo,Internal Page,Follow,ERR,,html,No,0,100.00
https://www.leica-microsystems.com/science-lab/industrial/a-guide-to-polarized-light-microscopy/,https://www.leica-microsystems.com/products/,Products,Internal Page,Follow,ERR,,html,No,1,100.00
https://www.leica-microsystems.com/science-lab/industrial/a-guide-to-polarized-light-microscopy/,https://www.leica-microsystems.com/products/atto-tec-consumables/,ATTO-TEC Consumables,Internal Page,Follow,ERR,,html,No,2,100.00
https://www.leica-microsystems.com/science-lab/industrial/a-guide-to-polarized-light-microscopy/,https://www.leica-microsystems.com/products/atto-tec-consumables/spatial-biology-reagents/,Spatial Biology Reagents,Internal Page,Follow,ERR,,html,No,3,100.00
https://www.leica-microsystems.com/science-lab/industrial/a-guide-to-polarized-light-microscopy/,https://www.leica-microsystems.com/products/atto-tec-consumables/fluorescent-labels/,Fluorescent Labels,Internal Page,Follow,ERR,,html,No,3,100.00
https://www.leica-microsystems.com/science-lab/industrial/a-guide-to-polarized-light-microscopy/,https://www.leica-microsystems.com/products/atto-tec-consumables/fluorescence-quenchers/,Fluorescence Quenchers,Internal Page,Follow,ERR,,html,No,3,100.00
https://www.leica-microsystems.com/science-lab/industrial/a-guide-to-polarized-light-microscopy/,https://www.leica-microsystems.com/products/atto-tec-consumables/large-stokes-dyes/,Large Stokes Dyes,Internal Page,Follow,ERR,,html,No,3,100.00
https://www.leica-microsystems.com/science-lab/industrial/a-guide-to-polarized-light-microscopy/,https://www.leica-microsystems.com/products/atto-tec-consumables/redox-label/,Redox-Label,Internal Page,Follow,ERR,,html,No,3,100.00
https://www.leica-microsystems.com/science-lab/industrial/a-guide-to-polarized-light-microscopy/,https://www.leica-microsystems.com/products/light-microscopes/,Light Microscopes,Internal Page,Follow,ERR,,html,No,2,100.00
https://www.leica-microsystems.com/science-lab/industrial/a-guide-to-polarized-light-microscopy/,https://www.leica-microsystems.com/products/light-microscopes/upright-microscopes/,Upright Microscopes,Internal Page,Follow,ERR,,html,No,3,100.00
https://www.leica-microsystems.com/science-lab/industrial/a-guide-to-polarized-light-microscopy/,https://www.leica-microsystems.com/products/light-microscopes/inverted-microscopes/,Inverted Microscopes,Internal Page,Follow,ERR,,html,No,3,100.00
https://www.leica-microsystems.com/science-lab/industrial/a-guide-to-polarized-light-microscopy/,https://www.leica-microsystems.com/products/light-microscopes/stereo-microscopes/,Stereo Microscopes,Internal Page,Follow,ERR,,html,No,3,100.00
https://www.leica-microsystems.com/science-lab/industrial/a-guide-to-polarized-light-microscopy/,https://www.leica-microsystems.com/products/confocal-microscopes/,Confocal Microscopes,Internal Page,Follow,ERR,,html,No,2,100.00
https://www.leica-microsystems.com/science-lab/industrial/a-guide-to-polarized-light-microscopy/,https://www.leica-microsystems.com/products/light-sheet-microscopes/,Light Sheet Microscopes,Internal Page,Follow,ERR,,html,No,2,100.00
https://www.leica-microsystems.com/science-lab/industrial/a-guide-to-polarized-light-microscopy/,https://www.leica-microsystems.com/products/digital-microscopes/,Digital Microscopes,Internal Page,Follow,ERR,,html,No,2,100.00
https://www.leica-microsystems.com/science-lab/industrial/a-guide-to-polarized-light-microscopy/,https://www.leica-microsystems.com/products/surgical-microscopes/,Surgical Microscopes,Internal Page,Follow,ERR,,html,No,2,100.00
https://www.leica-microsystems.com/science-lab/industrial/a-guide-to-polarized-light-microscopy/,https://www.leica-microsystems.com/products/sample-preparation-for-electron-microscopy/,Sample Preparation for Electron Microscopy,Internal Page,Follow,ERR,,html,No,2,100.00
https://www.leica-microsystems.com/science-lab/industrial/a-guide-to-polarized-light-microscopy/,https://www.leica-microsystems.com/objectivefinder/,Objectivefinder,Internal Page,Follow,ERR,,html,No,1,100.00
https://www.leica-microsystems.com/science-lab/industrial/a-guide-to-polarized-light-microscopy/,https://www.leica-microsystems.com/products/microscope-software/,Microscope Software,Internal Page,Follow,ERR,,html,No,2,100.00
https://www.leica-microsystems.com/science-lab/industrial/a-guide-to-polarized-light-microscopy/,https://www.leica-microsystems.com/products/microscope-cameras/,Microscope Cameras,Internal Page,Follow,ERR,,html,No,2,100.00
https://www.leica-microsystems.com/science-lab/industrial/a-guide-to-polarized-light-microscopy/,https://www.leica-microsystems.com/products/microscope-accessories/,Microscope Parts & Accessories,Internal Page,Follow,ERR,,html,No,2,100.00
https://www.leica-microsystems.com/science-lab/industrial/a-guide-to-polarized-light-microscopy/,https://www.leica-microsystems.com/products/microscope-accessories/microscope-objective-lens/,Microscope Objective Lens,Internal Page,Follow,ERR,,html,No,3,100.00
https://www.leica-microsystems.com/science-lab/industrial/a-guide-to-polarized-light-microscopy/,https://www.leica-microsystems.com/products/microscope-accessories/led-illumination/,Illumination,Internal Page,Follow,ERR,,html,No,3,100.00
https://www.leica-microsystems.com/science-lab/industrial/a-guide-to-polarized-light-microscopy/,https://www.leica-microsystems.com/products/microscope-accessories/ergonomic-accessories-for-stereo-microscopes-and-macroscopes/,Ergonomic Accessories,Internal Page,Follow,ERR,,html,No,3,100.00
https://www.leica-microsystems.com/science-lab/industrial/a-guide-to-polarized-light-microscopy/,https://www.leica-microsystems.com/products/microscope-accessories/incubation-systems-and-stages/,Incubation Systems and Stages,Internal Page,Follow,ERR,,html,No,3,100.00
https://www.leica-microsystems.com/science-lab/industrial/a-guide-to-polarized-light-microscopy/,https://www.leica-microsystems.com/products/microscope-accessories/leitz-system-supplier-for-oem/,Leitz Optic Center,Internal Page,Follow,ERR,,html,No,3,100.00
https://www.leica-microsystems.com/science-lab/industrial/a-guide-to-polarized-light-microscopy/,https://www.leica-microsystems.com/applications/,Applications,Internal Page,Follow,ERR,,html,No,1,100.00
https://www.leica-microsystems.com/science-lab/industrial/a-guide-to-polarized-light-microscopy/,https://www.leica-microsystems.com/applications/medical/,Medical Specialties,Internal Page,Follow,ERR,,html,No,2,100.00
https://www.leica-microsystems.com/science-lab/industrial/a-guide-to-polarized-light-microscopy/,https://www.leica-microsystems.com/applications/medical/neurosurgery/,Neurosurgery,Internal Page,Follow,ERR,,html,No,3,100.00
https://www.leica-microsystems.com/science-lab/industrial/a-guide-to-polarized-light-microscopy/,https://www.leica-microsystems.com/applications/medical/ent/,ENT,Internal Page,Follow,ERR,,html,No,3,100.00
https://www.leica-microsystems.com/science-lab/industrial/a-guide-to-polarized-light-microscopy/,https://www.leica-microsystems.com/applications/medical/plastic-reconstructive-surgery/,Plastic Surgery,Internal Page,Follow,ERR,,html,No,3,100.00
https://www.leica-microsystems.com/science-lab/industrial/a-guide-to-polarized-light-microscopy/,https://www.leica-microsystems.com/applications/medical/ophthalmology/,Ophthalmology,Internal Page,Follow,ERR,,html,No,3,100.00
https://www.leica-microsystems.com/science-lab/industrial/a-guide-to-polarized-light-microscopy/,https://www.leica-microsystems.com/applications/medical/dental-surgical-microscopy/,Dentistry,Internal Page,Follow,ERR,,html,No,3,100.00
https://www.leica-microsystems.com/science-lab/industrial/a-guide-to-polarized-light-microscopy/,https://www.leica-microsystems.com/applications/clinical-laboratories/,Pathology,Internal Page,Follow,ERR,,html,No,2,100.00
https://www.leica-microsystems.com/science-lab/industrial/a-guide-to-polarized-light-microscopy/,https://www.leica-microsystems.com/applications/life-science/,Life Science Research,Internal Page,Follow,ERR,,html,No,2,100.00
https://www.leica-microsystems.com/science-lab/industrial/a-guide-to-polarized-light-microscopy/,https://www.leica-microsystems.com/applications/life-science/biopharma/,Biopharma,Internal Page,Follow,ERR,,html,No,3,100.00
https://www.leica-microsystems.com/science-lab/industrial/a-guide-to-polarized-light-microscopy/,https://www.leica-microsystems.com/applications/life-science/em-sample-prep-workflows-uses/,EM Sample Prep Workflows & Uses,Internal Page,Follow,ERR,,html,No,3,100.00
https://www.leica-microsystems.com/science-lab/industrial/a-guide-to-polarized-light-microscopy/,https://www.leica-microsystems.com/applications/life-science/advanced-tissue-imaging-analysis/,Advanced Tissue Imaging & Analysis,Internal Page,Follow,ERR,,html,No,3,100.00
https://www.leica-microsystems.com/science-lab/industrial/a-guide-to-polarized-light-microscopy/,https://www.leica-microsystems.com/applications/life-science/organoids-and-3d-cell-culture/,Organoids & 3D Cell Culture,Internal Page,Follow,ERR,,html,No,3,100.00
https://www.leica-microsystems.com/science-lab/industrial/a-guide-to-polarized-light-microscopy/,https://www.leica-microsystems.com/applications/life-science/cell-culture/,Cell Culture,Internal Page,Follow,ERR,,html,No,3,100.00
https://www.leica-microsystems.com/science-lab/industrial/a-guide-to-polarized-light-microscopy/,https://www.leica-microsystems.com/applications/life-science/cellular-analysis/,Cellular Analysis,Internal Page,Follow,ERR,,html,No,3,100.00
https://www.leica-microsystems.com/science-lab/industrial/a-guide-to-polarized-light-microscopy/,https://www.leica-microsystems.com/applications/life-science/cell-biology/,Cell Biology,Internal Page,Follow,ERR,,html,No,3,100.00
https://www.leica-microsystems.com/science-lab/industrial/a-guide-to-polarized-light-microscopy/,https://www.leica-microsystems.com/applications/life-science/correlative-light-and-electron-microscopy-clem/,Correlative Light & Electron Microscopy,Internal Page,Follow,ERR,,html,No,3,100.00
https://www.leica-microsystems.com/science-lab/industrial/a-guide-to-polarized-light-microscopy/,https://www.leica-microsystems.com/applications/industrial-microscopy-markets/,Industrial Microscopy,Internal Page,Follow,ERR,,html,No,2,100.00
https://www.leica-microsystems.com/science-lab/industrial/a-guide-to-polarized-light-microscopy/,https://www.leica-microsystems.com/applications/industrial-microscopy-markets/metal-industry/,Metal Industry,Internal Page,Follow,ERR,,html,No,3,100.00
https://www.leica-microsystems.com/science-lab/industrial/a-guide-to-polarized-light-microscopy/,https://www.leica-microsystems.com/applications/industrial-microscopy-markets/electronics-semiconductor/,Electronics & Semiconductor Industry,Internal Page,Follow,ERR,,html,No,3,100.00
https://www.leica-microsystems.com/science-lab/industrial/a-guide-to-polarized-light-microscopy/,https://www.leica-microsystems.com/applications/industrial-microscopy-markets/battery-manufacturing/,Battery Manufacturing,Internal Page,Follow,ERR,,html,No,3,100.00
https://www.leica-microsystems.com/science-lab/industrial/a-guide-to-polarized-light-microscopy/,https://www.leica-microsystems.com/applications/industrial-microscopy-markets/automotive-aerospace/,Automotive & Aerospace,Internal Page,Follow,ERR,,html,No,3,100.00
https://www.leica-microsystems.com/science-lab/industrial/a-guide-to-polarized-light-microscopy/,https://www.leica-microsystems.com/applications/industrial-microscopy-markets/medical-device-qa-qc/,Medical Device QA QC,Internal Page,Follow,ERR,,html,No,3,100.00
https://www.leica-microsystems.com/science-lab/industrial/a-guide-to-polarized-light-microscopy/,https://www.leica-microsystems.com/applications/industrial-microscopy-markets/industrial-applications/,Industrial Applications,Internal Page,Follow,ERR,,html,No,3,100.00
https://www.leica-microsystems.com/science-lab/industrial/a-guide-to-polarized-light-microscopy/,https://www.leica-microsystems.com/applications/clinical-laboratories/clinical-pathology/,Clinical Pathology,Internal Page,Follow,ERR,,html,No,3,100.00
https://www.leica-microsystems.com/science-lab/industrial/a-guide-to-polarized-light-microscopy/,https://www.leica-microsystems.com/applications/clinical-laboratories/anatomic-pathology/,Anatomic Pathology,Internal Page,Follow,ERR,,html,No,3,100.00
https://www.leica-microsystems.com/science-lab/industrial/a-guide-to-polarized-light-microscopy/,https://www.leica-microsystems.com/applications/forensic-science/,Forensic Science,Internal Page,Follow,ERR,,html,No,2,100.00
https://www.leica-microsystems.com/science-lab/industrial/a-guide-to-polarized-light-microscopy/,https://www.leica-microsystems.com/applications/education/,Education,Internal Page,Follow,ERR,,html,No,2,100.00
https://www.leica-microsystems.com/science-lab/industrial/a-guide-to-polarized-light-microscopy/,https://www.leica-microsystems.com/service/,Service,Internal Page,Follow,ERR,,html,No,1,100.00
https://www.leica-microsystems.com/science-lab/industrial/a-guide-to-polarized-light-microscopy/,https://www.leica-microsystems.com/science-lab/,Learn & Share,Internal Page,Follow,ERR,,html,No,1,100.00
https://www.leica-microsystems.com/science-lab/industrial/a-guide-to-polarized-light-microscopy/,https://www.leica-microsystems.com/science-lab/medical/,Medical Specialties,Internal Page,Follow,ERR,,html,No,2,100.00
https://www.leica-microsystems.com/science-lab/industrial/a-guide-to-polarized-light-microscopy/,https://www.leica-microsystems.com/science-lab/medical/the-guide-to-augmented-reality-in-microsurgery/,Guide to AR in Microsurgery,Internal Page,Follow,ERR,,html,No,3,100.00
https://www.leica-microsystems.com/science-lab/industrial/a-guide-to-polarized-light-microscopy/,https://www.leica-microsystems.com/science-lab/medical/aneurysm-clipping-assessing-perforators-in-real-time-with-ar-fluorescence/,AR Fluorescence for Aneurysm Clipping: Perforators,Internal Page,Follow,ERR,,html,No,3,100.00
https://www.leica-microsystems.com/science-lab/industrial/a-guide-to-polarized-light-microscopy/,https://www.leica-microsystems.com/science-lab/medical/real-time-oct-imaging-impact-corneal-surgery/,Real-Time OCT Impact Corneal Surgery,Internal Page,Follow,ERR,,html,No,3,100.00
https://www.leica-microsystems.com/science-lab/industrial/a-guide-to-polarized-light-microscopy/,https://www.leica-microsystems.com/science-lab/medical/tympanoplasty-surgery-optimal-approaches-and-tools/,Approaches and Tools for Tympanoplasty Surgery,Internal Page,Follow,ERR,,html,No,3,100.00
https://www.leica-microsystems.com/science-lab/industrial/a-guide-to-polarized-light-microscopy/,https://www.leica-microsystems.com/science-lab/medical/a-guide-to-oct/,A Guide to OCT,Internal Page,Follow,ERR,,html,No,3,100.00
https://www.leica-microsystems.com/science-lab/industrial/a-guide-to-polarized-light-microscopy/,https://www.leica-microsystems.com/science-lab/medical/how-to-drape-a-surgical-microscope/,How to Drape a Surgical Microscope,Internal Page,Follow,ERR,,html,No,3,100.00
https://www.leica-microsystems.com/science-lab/industrial/a-guide-to-polarized-light-microscopy/,https://www.leica-microsystems.com/science-lab/medical/ophthalmology-visualization-in-complex-cataract-surgery/,Visualization in Complex Cataract Surgery,Internal Page,Follow,ERR,,html,No,3,100.00
https://www.leica-microsystems.com/science-lab/industrial/a-guide-to-polarized-light-microscopy/,https://www.leica-microsystems.com/science-lab/life-science/,Life Science Research,Internal Page,Follow,ERR,,html,No,2,100.00
https://www.leica-microsystems.com/science-lab/industrial/a-guide-to-polarized-light-microscopy/,https://www.leica-microsystems.com/science-lab/microscopy-basics/a-guide-to-fluorescence-microscopy/,A Guide to Fluorescence Microscopy,Internal Page,Follow,ERR,,html,No,3,100.00
https://www.leica-microsystems.com/science-lab/industrial/a-guide-to-polarized-light-microscopy/,https://www.leica-microsystems.com/science-lab/life-science/a-guide-to-spatial-biology/,A Guide to Spatial Biology,Internal Page,Follow,ERR,,html,No,3,100.00
https://www.leica-microsystems.com/science-lab/industrial/a-guide-to-polarized-light-microscopy/,https://www.leica-microsystems.com/science-lab/life-science/guide-to-live-cell-imaging/,Guide to Live-Cell Imaging,Internal Page,Follow,ERR,,html,No,3,100.00
https://www.leica-microsystems.com/science-lab/industrial/a-guide-to-polarized-light-microscopy/,https://www.leica-microsystems.com/science-lab/life-science/a-guide-to-c-elegans-research-working-with-nematodes/,Guide to C. elegans Research,Internal Page,Follow,ERR,,html,No,3,100.00
https://www.leica-microsystems.com/science-lab/industrial/a-guide-to-polarized-light-microscopy/,https://www.leica-microsystems.com/science-lab/life-science/a-guide-to-using-microscopy-for-drosophila-fruit-fly-research/,Using Microscopy in Drosophila Research,Internal Page,Follow,ERR,,html,No,3,100.00
https://www.leica-microsystems.com/science-lab/industrial/a-guide-to-polarized-light-microscopy/,https://www.leica-microsystems.com/science-lab/life-science/a-guide-to-fluorescence-lifetime-imaging-microscopy-flim/,A Guide to FLIM,Internal Page,Follow,ERR,,html,No,3,100.00
https://www.leica-microsystems.com/science-lab/industrial/a-guide-to-polarized-light-microscopy/,https://www.leica-microsystems.com/science-lab/life-science/how-to-do-a-proper-cell-culture-quick-check/,Cell Culture Quick Check Essentials,Internal Page,Follow,ERR,,html,No,3,100.00
https://www.leica-microsystems.com/science-lab/industrial/a-guide-to-polarized-light-microscopy/,https://www.leica-microsystems.com/science-lab/life-science/microscope-resolution-concepts-factors-and-calculation/,"Microscope Resolution: Concepts, Factors and Calculation",Internal Page,Follow,ERR,,html,No,3,100.00
https://www.leica-microsystems.com/science-lab/industrial/a-guide-to-polarized-light-microscopy/,https://www.leica-microsystems.com/science-lab/life-science/selecting-the-right-dissecting-microscope/,Dissection,Internal Page,Follow,ERR,,html,No,3,100.00
https://www.leica-microsystems.com/science-lab/industrial/a-guide-to-polarized-light-microscopy/,https://www.leica-microsystems.com/science-lab/life-science/essential-guide-to-ultramicrotomy/,Essential Guide to Ultramicrotomy,Internal Page,Follow,ERR,,html,No,3,100.00
https://www.leica-microsystems.com/science-lab/industrial/a-guide-to-polarized-light-microscopy/,https://www.leica-microsystems.com/science-lab/life-science/sample-preparation-for-em-a-practical-guide-to-coating-and-freeze-fracturing/,Sample Preparation for EM: A Practical Guide to Coating and Freeze-Fracturing,Internal Page,Follow,ERR,,html,No,3,100.00
https://www.leica-microsystems.com/science-lab/industrial/a-guide-to-polarized-light-microscopy/,https://www.leica-microsystems.com/science-lab/life-science/a-guide-to-darkfield-microscopes/,Guide to Darkfield Microscopes,Internal Page,Follow,ERR,,html,No,3,100.00
https://www.leica-microsystems.com/science-lab/industrial/a-guide-to-polarized-light-microscopy/,https://www.leica-microsystems.com/science-lab/life-science/a-guide-to-phase-contrast/,Guide to Phase Contrast,Internal Page,Follow,ERR,,html,No,3,100.00
https://www.leica-microsystems.com/science-lab/industrial/a-guide-to-polarized-light-microscopy/,https://www.leica-microsystems.com/science-lab/life-science/a-guide-to-cryo-electron-tomography/,Guide to Cryo-Electron Tomography,Internal Page,Follow,ERR,,html,No,3,100.00
https://www.leica-microsystems.com/science-lab/industrial/a-guide-to-polarized-light-microscopy/,https://www.leica-microsystems.com/science-lab/life-science/a-guide-to-super-resolution/,Guide to Super-Resolution,Internal Page,Follow,ERR,,html,No,3,100.00
https://www.leica-microsystems.com/science-lab/industrial/a-guide-to-polarized-light-microscopy/,https://www.leica-microsystems.com/science-lab/life-science/guide-to-microscopy-in-cancer-research/,Guide to Microscopy in Cancer Research,Internal Page,Follow,ERR,,html,No,3,100.00
https://www.leica-microsystems.com/science-lab/industrial/a-guide-to-polarized-light-microscopy/,https://www.leica-microsystems.com/science-lab/life-science/a-guide-to-neuroscience-research/,A Guide to Neuroscience Research,Internal Page,Follow,ERR,,html,No,3,100.00
https://www.leica-microsystems.com/science-lab/industrial/a-guide-to-polarized-light-microscopy/,https://www.leica-microsystems.com/science-lab/life-science/ion-beam-milling-guide-enhancing-surface-quality-for-high-resolution-imaging-and-analysis/,Ion Beam Milling Guide: Enhancing Surface Quality for High-Resolution Imaging and Analysis,Internal Page,Follow,ERR,,html,No,3,100.00
https://www.leica-microsystems.com/science-lab/industrial/a-guide-to-polarized-light-microscopy/,https://www.leica-microsystems.com/science-lab/life-science/a-guide-to-model-organisms-in-research/,Guide to Model Organisms in Research,Internal Page,Follow,ERR,,html,No,3,100.00
https://www.leica-microsystems.com/science-lab/industrial/a-guide-to-polarized-light-microscopy/,https://www.leica-microsystems.com/science-lab/life-science/a-guide-to-zebrafish-research/,A Guide to Zebrafish Research,Internal Page,Follow,ERR,,html,No,3,100.00
https://www.leica-microsystems.com/science-lab/industrial/a-guide-to-polarized-light-microscopy/,https://www.leica-microsystems.com/science-lab/life-science/virology-research-guide/,A Practical Guide to Virology Research,Internal Page,Follow,ERR,,html,No,3,100.00
https://www.leica-microsystems.com/science-lab/industrial/a-guide-to-polarized-light-microscopy/,https://www.leica-microsystems.com/science-lab/industrial/,Industrial Microscopy,Internal Page,Follow,ERR,,html,No,2,100.00
https://www.leica-microsystems.com/science-lab/industrial/a-guide-to-polarized-light-microscopy/,https://www.leica-microsystems.com/science-lab/industrial/factors-to-consider-when-selecting-clinical-microscopes/,Clinical Microscope Selection Guide,Internal Page,Follow,ERR,,html,No,3,100.00
https://www.leica-microsystems.com/science-lab/industrial/a-guide-to-polarized-light-microscopy/,https://www.leica-microsystems.com/science-lab/industrial/battery-particle-detection-during-the-production-process/,Battery Particle Detection During the Production Process,Internal Page,Follow,ERR,,html,No,3,100.00
https://www.leica-microsystems.com/science-lab/industrial/a-guide-to-polarized-light-microscopy/,https://www.leica-microsystems.com/science-lab/industrial/a-guide-to-polarized-light-microscopy/,A Guide to Polarized Light Microscopy,Internal Page,Follow,ERR,,html,No,3,100.00
https://www.leica-microsystems.com/science-lab/industrial/a-guide-to-polarized-light-microscopy/,https://www.leica-microsystems.com/science-lab/industrial/key-factors-to-consider-when-selecting-a-stereo-microscope/,How to Select the Right Stereo Microscope,Internal Page,Follow,ERR,,html,No,3,100.00
https://www.leica-microsystems.com/science-lab/industrial/a-guide-to-polarized-light-microscopy/,https://www.leica-microsystems.com/science-lab/industrial/technical-terms-for-digital-microscope-cameras-and-image-analysis/,Digital Microscope Camera & Imaging Technical Terms,Internal Page,Follow,ERR,,html,No,3,100.00
https://www.leica-microsystems.com/science-lab/industrial/a-guide-to-polarized-light-microscopy/,https://www.leica-microsystems.com/science-lab/industrial/he-staining-in-microscopy/,H&E Staining in Microscopy,Internal Page,Follow,ERR,,html,No,3,100.00
https://www.leica-microsystems.com/science-lab/industrial/a-guide-to-polarized-light-microscopy/,https://www.leica-microsystems.com/science-lab/authors/,Authors,Internal Page,Follow,ERR,,html,No,2,100.00
https://www.leica-microsystems.com/science-lab/industrial/a-guide-to-polarized-light-microscopy/,https://www.leica-microsystems.com/science-lab/institutions/,Institutions,Internal Page,Follow,ERR,,html,No,2,100.00
https://www.leica-microsystems.com/science-lab/industrial/a-guide-to-polarized-light-microscopy/,https://www.leica-microsystems.com/science-lab/webinars/,Webinars,Internal Page,Follow,ERR,,html,No,2,100.00
https://www.leica-microsystems.com/science-lab/industrial/a-guide-to-polarized-light-microscopy/,https://www.leica-microsystems.com/science-lab/collaborations/,Collaborations,Internal Page,Follow,ERR,,html,No,2,100.00
https://www.leica-microsystems.com/science-lab/industrial/a-guide-to-polarized-light-microscopy/,https://www.leica-microsystems.com/science-lab/collaborations/micron-bioimaging-facility-at-university-of-oxford/,Micron Bioimaging Facility at the University of Oxford,Internal Page,Follow,ERR,,html,No,3,100.00
https://www.leica-microsystems.com/science-lab/industrial/a-guide-to-polarized-light-microscopy/,https://www.leica-microsystems.com/science-lab/collaborations/the-boston-and-san-francisco-innovation-hubs/,Boston and San Francisco Innovation Hubs,Internal Page,Follow,ERR,,html,No,3,100.00
https://www.leica-microsystems.com/science-lab/industrial/a-guide-to-polarized-light-microscopy/,https://www.leica-microsystems.com/science-lab/collaborations/embl-imaging-centre/,EMBL Imaging Centre Collaboration,Internal Page,Follow,ERR,,html,No,3,100.00
https://www.leica-microsystems.com/science-lab/industrial/a-guide-to-polarized-light-microscopy/,https://www.leica-microsystems.com/science-lab/collaborations/imperial-college-london/,Imperial College London & Leica Microsystems Imaging Hub,Internal Page,Follow,ERR,,html,No,3,100.00
https://www.leica-microsystems.com/science-lab/industrial/a-guide-to-polarized-light-microscopy/,https://www.leica-microsystems.com/company/about-us/,Company,Internal Page,Follow,ERR,,html,No,2,100.00
https://www.leica-microsystems.com/science-lab/industrial/a-guide-to-polarized-light-microscopy/,https://www.leica-microsystems.com/company/about-us/integrity-and-compliance/,Integrity and Compliance,Internal Page,Follow,ERR,,html,No,3,100.00
https://www.leica-microsystems.com/science-lab/industrial/a-guide-to-polarized-light-microscopy/,https://www.leica-microsystems.com/company/about-us/what-we-stand-for/,Vision & Mission,Internal Page,Follow,ERR,,html,No,3,100.00
https://www.leica-microsystems.com/science-lab/industrial/a-guide-to-polarized-light-microscopy/,https://www.leica-microsystems.com/company/about-us/sustainability/,Sustainability,Internal Page,Follow,ERR,,html,No,3,100.00
https://www.leica-microsystems.com/science-lab/industrial/a-guide-to-polarized-light-microscopy/,https://www.leica-microsystems.com/company/about-us/leadership-corner/,Leadership Corner,Internal Page,Follow,ERR,,html,No,3,100.00
https://www.leica-microsystems.com/science-lab/industrial/a-guide-to-polarized-light-microscopy/,https://www.leica-microsystems.com/company/about-us/our-history/,Our History,Internal Page,Follow,ERR,,html,No,3,100.00
https://www.leica-microsystems.com/science-lab/industrial/a-guide-to-polarized-light-microscopy/,https://www.leica-microsystems.com/contact/ideation/,Ideation,Internal Page,Follow,ERR,,html,No,2,100.00
https://www.leica-microsystems.com/science-lab/industrial/a-guide-to-polarized-light-microscopy/,https://www.leica-microsystems.com/company/news/,News,Internal Page,Follow,ERR,,html,No,2,100.00
https://www.leica-microsystems.com/science-lab/industrial/a-guide-to-polarized-light-microscopy/,https://www.leica-microsystems.com/company/events/,Events,Internal Page,Follow,ERR,,html,No,2,100.00
https://www.leica-microsystems.com/science-lab/industrial/a-guide-to-polarized-light-microscopy/,https://www.leica-microsystems.com/company/certificates/,Certificates,Internal Page,Follow,ERR,,html,No,2,100.00
https://www.leica-microsystems.com/science-lab/industrial/a-guide-to-polarized-light-microscopy/,https://www.leica-microsystems.com/company/product-security/,Product Security,Internal Page,Follow,ERR,,html,No,2,100.00
https://www.leica-microsystems.com/science-lab/industrial/a-guide-to-polarized-light-microscopy/,https://www.leica-microsystems.com/company/product-security/product-security-updates/,Product Security Updates,Internal Page,Follow,ERR,,html,No,3,100.00
https://www.leica-microsystems.com/science-lab/industrial/a-guide-to-polarized-light-microscopy/,https://www.leica-microsystems.com/company/quality-policy/,Quality Policy,Internal Page,Follow,ERR,,html,No,2,100.00
https://www.leica-microsystems.com/science-lab/industrial/a-guide-to-polarized-light-microscopy/,https://www.leica-microsystems.com/company/sales-service-terms-and-conditions/,Terms and Conditions,Internal Page,Follow,ERR,,html,No,2,100.00
https://www.leica-microsystems.com/science-lab/industrial/a-guide-to-polarized-light-microscopy/,https://www.leica-microsystems.com/contact/contact-us-online/,Contact Us,Internal Page,Follow,ERR,,html,No,2,100.00
https://www.leica-microsystems.com/science-lab/industrial/a-guide-to-polarized-light-microscopy/,https://www.leica-microsystems.com/products/light-microscopes/p/mateo/,Mateo Digital Microscopes,Internal Page,Follow,ERR,,html,No,4,100.00
https://www.leica-microsystems.com/science-lab/industrial/a-guide-to-polarized-light-microscopy/,https://www.leica-microsystems.com/products/surgical-microscopes/p/myveo/,MyVeo All-In-One Surgical Visualization Headset,Internal Page,Follow,ERR,,html,No,4,100.00
https://www.leica-microsystems.com/science-lab/industrial/a-guide-to-polarized-light-microscopy/,https://www.leica-microsystems.com/products/sample-preparation-for-electron-microscopy/p/uc-enuity/,UC Enuity Ultramicrotome,Internal Page,Follow,ERR,,html,No,4,100.00
https://www.leica-microsystems.com/science-lab/industrial/a-guide-to-polarized-light-microscopy/,https://www.leica-microsystems.com/products/light-microscopes/stereo-microscopes/p/ivesta-3/,Ivesta 3 Greenough Stereo Microscopes,Internal Page,Follow,ERR,,html,No,5,100.00
https://www.leica-microsystems.com/science-lab/industrial/a-guide-to-polarized-light-microscopy/,https://www.leica-microsystems.com/science-lab/authors/detail/corporate-communications/,Corporate Communications,Internal Page,Follow,ERR,,html,No,4,100.00
https://www.leica-microsystems.com/science-lab/industrial/a-guide-to-polarized-light-microscopy/,https://www.leica-microsystems.com/science-lab/institutions/detail/leica-microsystems/,Leica Microsystems,Internal Page,Follow,ERR,,html,No,4,100.00
https://www.leica-microsystems.com/science-lab/industrial/a-guide-to-polarized-light-microscopy/,https://www.leica-microsystems.com/science-lab/tag/polarization/,Polarization,Internal Page,Follow,ERR,,html,No,3,100.00
https://www.leica-microsystems.com/science-lab/industrial/a-guide-to-polarized-light-microscopy/,https://www.leica-microsystems.com/science-lab/tag/contrast-methods-in-light-microscopy/,Contrast Methods in Light Microscopy,Internal Page,Follow,ERR,,html,No,3,100.00
https://www.leica-microsystems.com/science-lab/industrial/a-guide-to-polarized-light-microscopy/,https://www.leica-microsystems.com/science-lab/tag/basics-in-microscopy/,Basics in Microscopy,Internal Page,Follow,ERR,,html,No,3,100.00
https://www.leica-microsystems.com/science-lab/industrial/a-guide-to-polarized-light-microscopy/,https://www.leica-microsystems.com/science-lab/tag/basic-microscopy-techniques/,Basic Microscopy Techniques,Internal Page,Follow,ERR,,html,No,3,100.00
https://www.leica-microsystems.com/science-lab/industrial/a-guide-to-polarized-light-microscopy/,https://www.leica-microsystems.com/science-lab/tag/widefield-microscopy/,Widefield Microscopy,Internal Page,Follow,ERR,,html,No,3,100.00
https://www.leica-microsystems.com/science-lab/industrial/a-guide-to-polarized-light-microscopy/,https://www.leica-microsystems.com/science-lab/tag/material-science-analysis/,Material Science & Analysis,Internal Page,Follow,ERR,,html,No,3,100.00
https://www.leica-microsystems.com/science-lab/industrial/a-guide-to-polarized-light-microscopy/,https://www.leica-microsystems.com/science-lab/tag/light-microscopy/,Light Microscopy,Internal Page,Follow,ERR,,html,No,3,100.00
https://www.leica-microsystems.com/science-lab/industrial/a-guide-to-polarized-light-microscopy/,https://www.leica-microsystems.com/science-lab/tag/upright-microscopy/,Upright Microscopy,Internal Page,Follow,ERR,,html,No,3,100.00
https://www.leica-microsystems.com/science-lab/industrial/a-guide-to-polarized-light-microscopy/,https://www.leica-microsystems.com/science-lab/tag/image-acquisition/,Image Acquisition,Internal Page,Follow,ERR,,html,No,3,100.00
https://www.leica-microsystems.com/science-lab/industrial/a-guide-to-polarized-light-microscopy/,https://www.leica-microsystems.com/products/light-microscopes/p/leica-dm4-p/,"DM4 P, DM750 P & Visoria P
                   
                 
    
  

                 
    
      
                   Polarization Microscopes",Internal Page,Follow,ERR,,html,No,4,100.00
https://www.leica-microsystems.com/science-lab/industrial/a-guide-to-polarized-light-microscopy/,https://www.leica-microsystems.com/products/light-microscopes/p/visoria-p/,"Visoria P
                   
                 
    
  

                 
    
      
                   Experience enhanced efficiency and comfort in your daily microscopy routine. The Visoria P polarization microscope uses polarized light to study the optical properties of materials and geological samples.",Internal Page,Follow,ERR,,html,No,4,100.00
https://www.leica-microsystems.com/science-lab/industrial/a-guide-to-polarized-light-microscopy/,https://www.leica-microsystems.com/fileadmin/_processed_/8/2/csm_Radially_grown_sugar_crystals_imaged_with_circular_polarized_light_e7e7066f40.jpg,,Internal Page,Follow,ERR,,html,No,5,80.00
https://www.leica-microsystems.com/science-lab/industrial/a-guide-to-polarized-light-microscopy/,https://www.leica-microsystems.com/science-lab/industrial/the-polarization-microscopy-principle/,The Polarization Microscopy Principle,Internal Page,Follow,ERR,,html,No,3,100.00
https://www.leica-microsystems.com/science-lab/industrial/a-guide-to-polarized-light-microscopy/,https://www.leica-microsystems.com/science-lab/applied/digital-microscopy-in-earth-science/,Digital Microscopy in Earth Science,Internal Page,Follow,ERR,,html,No,3,100.00
https://www.leica-microsystems.com/science-lab/industrial/a-guide-to-polarized-light-microscopy/,https://www.leica-microsystems.com/fileadmin/_migrated/pics/Principles_of_a_polarizing_microscope_schematic.jpg,,Internal Page,Follow,ERR,,html,No,4,80.00
https://www.leica-microsystems.com/science-lab/industrial/a-guide-to-polarized-light-microscopy/,https://www.leica-microsystems.com/fileadmin/_processed_/3/0/csm_polyethylene_film_with_parallel_and_crossed_polarizers_and_a_lambda_plate_b176599427.jpg,,Internal Page,Follow,ERR,,html,No,5,80.00
https://www.leica-microsystems.com/science-lab/industrial/a-guide-to-polarized-light-microscopy/,https://www.leica-microsystems.com/science-lab/industrial/ensuring-glass-quality-with-the-polarization-microscopy-advantage/,Ensuring Glass Quality with the Polarization Microscopy Advantage,Internal Page,Follow,ERR,,html,No,3,100.00
https://www.leica-microsystems.com/science-lab/industrial/a-guide-to-polarized-light-microscopy/,https://www.leica-microsystems.com/science-lab/applied/galleries/polarizing-microscope-image-gallery/,Polarizing Microscope Image Gallery,Internal Page,Follow,ERR,,html,No,4,100.00
https://www.leica-microsystems.com/science-lab/industrial/a-guide-to-polarized-light-microscopy/,https://www.leica-microsystems.com/applications/industrial-microscopy-markets/industrial-applications/energy-mining-and-natural-resources/,"Microscopes for Energy, Mining and Natural Resources",Internal Page,Follow,ERR,,html,No,4,100.00
https://www.leica-microsystems.com/science-lab/industrial/a-guide-to-polarized-light-microscopy/,https://www.leica-microsystems.com/applications/industrial-microscopy-markets/industrial-applications/material-science-analysis/,Material Science & Analysis,Internal Page,Follow,ERR,,html,No,4,100.00
https://www.leica-microsystems.com/science-lab/industrial/a-guide-to-polarized-light-microscopy/,https://www.leica-microsystems.com/applications/industrial-microscopy-markets/industrial-applications/inspection-microscopes/,Inspection Microscopes,Internal Page,Follow,ERR,,html,No,4,100.00
https://www.leica-microsystems.com/science-lab/industrial/a-guide-to-polarized-light-microscopy/,https://www.leica-microsystems.com/contact/contact-us-online-product-information/,"Price
        
          
          I need a configuration or price info.",Internal Page,Follow,ERR,,html,No,2,100.00
https://www.leica-microsystems.com/science-lab/industrial/a-guide-to-polarized-light-microscopy/,https://www.leica-microsystems.com/contact/contact-us-online-service-support/,"Service & Repair
        
          
           I need repair, technical service, spare parts or service contract.",Internal Page,Follow,ERR,,html,No,2,100.00
https://www.leica-microsystems.com/science-lab/industrial/a-guide-to-polarized-light-microscopy/,https://www.leica-microsystems.com/contact/contact-us-online-application-support/,"Application Support
        
          
          I need assistance/training in how to operate my system properly, or how to run a specific application with my system.",Internal Page,Follow,ERR,,html,No,2,100.00
https://www.leica-microsystems.com/science-lab/industrial/a-guide-to-polarized-light-microscopy/,https://www.leica-microsystems.com/company/imprint/,Imprint,Internal Page,Follow,ERR,,html,No,2,100.00
https://www.leica-microsystems.com/science-lab/industrial/a-guide-to-polarized-light-microscopy/,https://www.leica-microsystems.com/company/cookie-notice/,Cookie Notice,Internal Page,Follow,ERR,,html,No,2,100.00
https://www.leica-microsystems.com/science-lab/industrial/a-guide-to-polarized-light-microscopy/,https://www.leica-microsystems.com/company/privacy-policy/,Privacy Policy,Internal Page,Follow,ERR,,html,No,2,100.00
https://www.leica-microsystems.com/science-lab/industrial/a-guide-to-polarized-light-microscopy/,https://www.leica-microsystems.com/company/do-not-sell-or-share-my-data/,Do Not Sell or Share my Data,Internal Page,Follow,ERR,,html,No,2,100.00
https://www.leica-microsystems.com/science-lab/industrial/a-guide-to-polarized-light-microscopy/,https://www.leica-microsystems.com/company/terms-of-use/,Terms of Use,Internal Page,Follow,ERR,,html,No,2,100.00
https://www.leica-microsystems.com/science-lab/industrial/he-staining-in-microscopy/,https://www.leica-microsystems.com/shop/,Online Shop,Internal Page,Follow,ERR,,html,No,1,100.00
https://www.leica-microsystems.com/science-lab/industrial/he-staining-in-microscopy/,https://www.leica-microsystems.com/,Leica Microsystems Logo,Internal Page,Follow,ERR,,html,No,0,100.00
https://www.leica-microsystems.com/science-lab/industrial/he-staining-in-microscopy/,https://www.leica-microsystems.com/products/,Products,Internal Page,Follow,ERR,,html,No,1,100.00
https://www.leica-microsystems.com/science-lab/industrial/he-staining-in-microscopy/,https://www.leica-microsystems.com/products/atto-tec-consumables/,ATTO-TEC Consumables,Internal Page,Follow,ERR,,html,No,2,100.00
https://www.leica-microsystems.com/science-lab/industrial/he-staining-in-microscopy/,https://www.leica-microsystems.com/products/atto-tec-consumables/spatial-biology-reagents/,Spatial Biology Reagents,Internal Page,Follow,ERR,,html,No,3,100.00
https://www.leica-microsystems.com/science-lab/industrial/he-staining-in-microscopy/,https://www.leica-microsystems.com/products/atto-tec-consumables/fluorescent-labels/,Fluorescent Labels,Internal Page,Follow,ERR,,html,No,3,100.00
https://www.leica-microsystems.com/science-lab/industrial/he-staining-in-microscopy/,https://www.leica-microsystems.com/products/atto-tec-consumables/fluorescence-quenchers/,Fluorescence Quenchers,Internal Page,Follow,ERR,,html,No,3,100.00
https://www.leica-microsystems.com/science-lab/industrial/he-staining-in-microscopy/,https://www.leica-microsystems.com/products/atto-tec-consumables/large-stokes-dyes/,Large Stokes Dyes,Internal Page,Follow,ERR,,html,No,3,100.00
https://www.leica-microsystems.com/science-lab/industrial/he-staining-in-microscopy/,https://www.leica-microsystems.com/products/atto-tec-consumables/redox-label/,Redox-Label,Internal Page,Follow,ERR,,html,No,3,100.00
https://www.leica-microsystems.com/science-lab/industrial/he-staining-in-microscopy/,https://www.leica-microsystems.com/products/light-microscopes/,Light Microscopes,Internal Page,Follow,ERR,,html,No,2,100.00
https://www.leica-microsystems.com/science-lab/industrial/he-staining-in-microscopy/,https://www.leica-microsystems.com/products/light-microscopes/upright-microscopes/,Upright Microscopes,Internal Page,Follow,ERR,,html,No,3,100.00
https://www.leica-microsystems.com/science-lab/industrial/he-staining-in-microscopy/,https://www.leica-microsystems.com/products/light-microscopes/inverted-microscopes/,Inverted Microscopes,Internal Page,Follow,ERR,,html,No,3,100.00
https://www.leica-microsystems.com/science-lab/industrial/he-staining-in-microscopy/,https://www.leica-microsystems.com/products/light-microscopes/stereo-microscopes/,Stereo Microscopes,Internal Page,Follow,ERR,,html,No,3,100.00
https://www.leica-microsystems.com/science-lab/industrial/he-staining-in-microscopy/,https://www.leica-microsystems.com/products/confocal-microscopes/,Confocal Microscopes,Internal Page,Follow,ERR,,html,No,2,100.00
https://www.leica-microsystems.com/science-lab/industrial/he-staining-in-microscopy/,https://www.leica-microsystems.com/products/light-sheet-microscopes/,Light Sheet Microscopes,Internal Page,Follow,ERR,,html,No,2,100.00
https://www.leica-microsystems.com/science-lab/industrial/he-staining-in-microscopy/,https://www.leica-microsystems.com/products/digital-microscopes/,Digital Microscopes,Internal Page,Follow,ERR,,html,No,2,100.00
https://www.leica-microsystems.com/science-lab/industrial/he-staining-in-microscopy/,https://www.leica-microsystems.com/products/surgical-microscopes/,Surgical Microscopes,Internal Page,Follow,ERR,,html,No,2,100.00
https://www.leica-microsystems.com/science-lab/industrial/he-staining-in-microscopy/,https://www.leica-microsystems.com/products/sample-preparation-for-electron-microscopy/,Sample Preparation for Electron Microscopy,Internal Page,Follow,ERR,,html,No,2,100.00
https://www.leica-microsystems.com/science-lab/industrial/he-staining-in-microscopy/,https://www.leica-microsystems.com/objectivefinder/,Objectivefinder,Internal Page,Follow,ERR,,html,No,1,100.00
https://www.leica-microsystems.com/science-lab/industrial/he-staining-in-microscopy/,https://www.leica-microsystems.com/products/microscope-software/,Microscope Software,Internal Page,Follow,ERR,,html,No,2,100.00
https://www.leica-microsystems.com/science-lab/industrial/he-staining-in-microscopy/,https://www.leica-microsystems.com/products/microscope-cameras/,Microscope Cameras,Internal Page,Follow,ERR,,html,No,2,100.00
https://www.leica-microsystems.com/science-lab/industrial/he-staining-in-microscopy/,https://www.leica-microsystems.com/products/microscope-accessories/,Microscope Parts & Accessories,Internal Page,Follow,ERR,,html,No,2,100.00
https://www.leica-microsystems.com/science-lab/industrial/he-staining-in-microscopy/,https://www.leica-microsystems.com/products/microscope-accessories/microscope-objective-lens/,Microscope Objective Lens,Internal Page,Follow,ERR,,html,No,3,100.00
https://www.leica-microsystems.com/science-lab/industrial/he-staining-in-microscopy/,https://www.leica-microsystems.com/products/microscope-accessories/led-illumination/,Illumination,Internal Page,Follow,ERR,,html,No,3,100.00
https://www.leica-microsystems.com/science-lab/industrial/he-staining-in-microscopy/,https://www.leica-microsystems.com/products/microscope-accessories/ergonomic-accessories-for-stereo-microscopes-and-macroscopes/,Ergonomic Accessories,Internal Page,Follow,ERR,,html,No,3,100.00
https://www.leica-microsystems.com/science-lab/industrial/he-staining-in-microscopy/,https://www.leica-microsystems.com/products/microscope-accessories/incubation-systems-and-stages/,Incubation Systems and Stages,Internal Page,Follow,ERR,,html,No,3,100.00
https://www.leica-microsystems.com/science-lab/industrial/he-staining-in-microscopy/,https://www.leica-microsystems.com/products/microscope-accessories/leitz-system-supplier-for-oem/,Leitz Optic Center,Internal Page,Follow,ERR,,html,No,3,100.00
https://www.leica-microsystems.com/science-lab/industrial/he-staining-in-microscopy/,https://www.leica-microsystems.com/applications/,Applications,Internal Page,Follow,ERR,,html,No,1,100.00
https://www.leica-microsystems.com/science-lab/industrial/he-staining-in-microscopy/,https://www.leica-microsystems.com/applications/medical/,Medical Specialties,Internal Page,Follow,ERR,,html,No,2,100.00
https://www.leica-microsystems.com/science-lab/industrial/he-staining-in-microscopy/,https://www.leica-microsystems.com/applications/medical/neurosurgery/,Neurosurgery,Internal Page,Follow,ERR,,html,No,3,100.00
https://www.leica-microsystems.com/science-lab/industrial/he-staining-in-microscopy/,https://www.leica-microsystems.com/applications/medical/spine-surgery/,Spine Surgery,Internal Page,Follow,ERR,,html,No,3,100.00
https://www.leica-microsystems.com/science-lab/industrial/he-staining-in-microscopy/,https://www.leica-microsystems.com/applications/medical/ent/,ENT,Internal Page,Follow,ERR,,html,No,3,100.00
https://www.leica-microsystems.com/science-lab/industrial/he-staining-in-microscopy/,https://www.leica-microsystems.com/applications/medical/plastic-reconstructive-surgery/,Plastic Surgery,Internal Page,Follow,ERR,,html,No,3,100.00
https://www.leica-microsystems.com/science-lab/industrial/he-staining-in-microscopy/,https://www.leica-microsystems.com/applications/medical/ophthalmology/,Ophthalmology,Internal Page,Follow,ERR,,html,No,3,100.00
https://www.leica-microsystems.com/science-lab/industrial/he-staining-in-microscopy/,https://www.leica-microsystems.com/applications/medical/dental-surgical-microscopy/,Dentistry,Internal Page,Follow,ERR,,html,No,3,100.00
https://www.leica-microsystems.com/science-lab/industrial/he-staining-in-microscopy/,https://www.leica-microsystems.com/applications/clinical-laboratories/,Clinical Laboratories,Internal Page,Follow,ERR,,html,No,2,100.00
https://www.leica-microsystems.com/science-lab/industrial/he-staining-in-microscopy/,https://www.leica-microsystems.com/applications/life-science/,Life Science Research,Internal Page,Follow,ERR,,html,No,2,100.00
https://www.leica-microsystems.com/science-lab/industrial/he-staining-in-microscopy/,https://www.leica-microsystems.com/applications/life-science/biopharma/,Biopharma,Internal Page,Follow,ERR,,html,No,3,100.00
https://www.leica-microsystems.com/science-lab/industrial/he-staining-in-microscopy/,https://www.leica-microsystems.com/applications/life-science/em-sample-prep-workflows-uses/,EM Sample Prep Workflows & Uses,Internal Page,Follow,ERR,,html,No,3,100.00
https://www.leica-microsystems.com/science-lab/industrial/he-staining-in-microscopy/,https://www.leica-microsystems.com/applications/life-science/advanced-tissue-imaging-analysis/,Advanced Tissue Imaging & Analysis,Internal Page,Follow,ERR,,html,No,3,100.00
https://www.leica-microsystems.com/science-lab/industrial/he-staining-in-microscopy/,https://www.leica-microsystems.com/applications/life-science/organoids-and-3d-cell-culture/,Organoids & 3D Cell Culture,Internal Page,Follow,ERR,,html,No,3,100.00
https://www.leica-microsystems.com/science-lab/industrial/he-staining-in-microscopy/,https://www.leica-microsystems.com/applications/life-science/cell-culture/,Cell Culture,Internal Page,Follow,ERR,,html,No,3,100.00
https://www.leica-microsystems.com/science-lab/industrial/he-staining-in-microscopy/,https://www.leica-microsystems.com/applications/life-science/cellular-analysis/,Cellular Analysis,Internal Page,Follow,ERR,,html,No,3,100.00
https://www.leica-microsystems.com/science-lab/industrial/he-staining-in-microscopy/,https://www.leica-microsystems.com/applications/life-science/cell-biology/,Cell Biology,Internal Page,Follow,ERR,,html,No,3,100.00
https://www.leica-microsystems.com/science-lab/industrial/he-staining-in-microscopy/,https://www.leica-microsystems.com/applications/life-science/correlative-light-and-electron-microscopy-clem/,Correlative Light & Electron Microscopy,Internal Page,Follow,ERR,,html,No,3,100.00
https://www.leica-microsystems.com/science-lab/industrial/he-staining-in-microscopy/,https://www.leica-microsystems.com/applications/industrial-microscopy-markets/,Industrial Microscopy,Internal Page,Follow,ERR,,html,No,2,100.00
https://www.leica-microsystems.com/science-lab/industrial/he-staining-in-microscopy/,https://www.leica-microsystems.com/applications/industrial-microscopy-markets/metal-industry/,Metal Industry,Internal Page,Follow,ERR,,html,No,3,100.00
https://www.leica-microsystems.com/science-lab/industrial/he-staining-in-microscopy/,https://www.leica-microsystems.com/applications/industrial-microscopy-markets/electronics-semiconductor/,Electronics & Semiconductor Industry,Internal Page,Follow,ERR,,html,No,3,100.00
https://www.leica-microsystems.com/science-lab/industrial/he-staining-in-microscopy/,https://www.leica-microsystems.com/applications/industrial-microscopy-markets/battery-manufacturing/,Battery Manufacturing,Internal Page,Follow,ERR,,html,No,3,100.00
https://www.leica-microsystems.com/science-lab/industrial/he-staining-in-microscopy/,https://www.leica-microsystems.com/applications/industrial-microscopy-markets/automotive-aerospace/,Automotive & Aerospace,Internal Page,Follow,ERR,,html,No,3,100.00
https://www.leica-microsystems.com/science-lab/industrial/he-staining-in-microscopy/,https://www.leica-microsystems.com/applications/industrial-microscopy-markets/medical-device-qa-qc/,Medical Device QA QC,Internal Page,Follow,ERR,,html,No,3,100.00
https://www.leica-microsystems.com/science-lab/industrial/he-staining-in-microscopy/,https://www.leica-microsystems.com/applications/industrial-microscopy-markets/industrial-applications/,Industrial Applications,Internal Page,Follow,ERR,,html,No,3,100.00
https://www.leica-microsystems.com/science-lab/industrial/he-staining-in-microscopy/,https://www.leica-microsystems.com/applications/clinical-laboratories/clinical-pathology/,Clinical Pathology,Internal Page,Follow,ERR,,html,No,3,100.00
https://www.leica-microsystems.com/science-lab/industrial/he-staining-in-microscopy/,https://www.leica-microsystems.com/applications/clinical-laboratories/anatomic-pathology/,Anatomic Pathology,Internal Page,Follow,ERR,,html,No,3,100.00
https://www.leica-microsystems.com/science-lab/industrial/he-staining-in-microscopy/,https://www.leica-microsystems.com/applications/forensic-science/,Forensic Science,Internal Page,Follow,ERR,,html,No,2,100.00
https://www.leica-microsystems.com/science-lab/industrial/he-staining-in-microscopy/,https://www.leica-microsystems.com/applications/education/,Education,Internal Page,Follow,ERR,,html,No,2,100.00
https://www.leica-microsystems.com/science-lab/industrial/he-staining-in-microscopy/,https://www.leica-microsystems.com/service/,Service,Internal Page,Follow,ERR,,html,No,1,100.00
https://www.leica-microsystems.com/science-lab/industrial/he-staining-in-microscopy/,https://www.leica-microsystems.com/science-lab/,Learn & Share,Internal Page,Follow,ERR,,html,No,1,100.00
https://www.leica-microsystems.com/science-lab/industrial/he-staining-in-microscopy/,https://www.leica-microsystems.com/science-lab/medical/,Medical Specialties,Internal Page,Follow,ERR,,html,No,2,100.00
https://www.leica-microsystems.com/science-lab/industrial/he-staining-in-microscopy/,https://www.leica-microsystems.com/science-lab/medical/the-guide-to-augmented-reality-in-microsurgery/,Guide to AR in Microsurgery,Internal Page,Follow,ERR,,html,No,3,100.00
https://www.leica-microsystems.com/science-lab/industrial/he-staining-in-microscopy/,https://www.leica-microsystems.com/science-lab/medical/aneurysm-clipping-assessing-perforators-in-real-time-with-ar-fluorescence/,AR Fluorescence for Aneurysm Clipping: Perforators,Internal Page,Follow,ERR,,html,No,3,100.00
https://www.leica-microsystems.com/science-lab/industrial/he-staining-in-microscopy/,https://www.leica-microsystems.com/science-lab/medical/real-time-oct-imaging-impact-corneal-surgery/,Real-Time OCT Impact Corneal Surgery,Internal Page,Follow,ERR,,html,No,3,100.00
https://www.leica-microsystems.com/science-lab/industrial/he-staining-in-microscopy/,https://www.leica-microsystems.com/science-lab/medical/tympanoplasty-surgery-optimal-approaches-and-tools/,Approaches and Tools for Tympanoplasty Surgery,Internal Page,Follow,ERR,,html,No,3,100.00
https://www.leica-microsystems.com/science-lab/industrial/he-staining-in-microscopy/,https://www.leica-microsystems.com/science-lab/medical/a-guide-to-oct/,A Guide to OCT,Internal Page,Follow,ERR,,html,No,3,100.00
https://www.leica-microsystems.com/science-lab/industrial/he-staining-in-microscopy/,https://www.leica-microsystems.com/science-lab/medical/how-to-drape-a-surgical-microscope/,How to Drape a Surgical Microscope,Internal Page,Follow,ERR,,html,No,3,100.00
https://www.leica-microsystems.com/science-lab/industrial/he-staining-in-microscopy/,https://www.leica-microsystems.com/science-lab/medical/ophthalmology-visualization-in-complex-cataract-surgery/,Visualization in Complex Cataract Surgery,Internal Page,Follow,ERR,,html,No,3,100.00
https://www.leica-microsystems.com/science-lab/industrial/he-staining-in-microscopy/,https://www.leica-microsystems.com/science-lab/life-science/,Life Science Research,Internal Page,Follow,ERR,,html,No,2,100.00
https://www.leica-microsystems.com/science-lab/industrial/he-staining-in-microscopy/,https://www.leica-microsystems.com/science-lab/microscopy-basics/a-guide-to-fluorescence-microscopy/,A Guide to Fluorescence Microscopy,Internal Page,Follow,ERR,,html,No,3,100.00
https://www.leica-microsystems.com/science-lab/industrial/he-staining-in-microscopy/,https://www.leica-microsystems.com/science-lab/life-science/a-guide-to-spatial-biology/,A Guide to Spatial Biology,Internal Page,Follow,ERR,,html,No,3,100.00
https://www.leica-microsystems.com/science-lab/industrial/he-staining-in-microscopy/,https://www.leica-microsystems.com/science-lab/life-science/guide-to-live-cell-imaging/,Guide to Live-Cell Imaging,Internal Page,Follow,ERR,,html,No,3,100.00
https://www.leica-microsystems.com/science-lab/industrial/he-staining-in-microscopy/,https://www.leica-microsystems.com/science-lab/life-science/a-guide-to-c-elegans-research-working-with-nematodes/,Guide to C. elegans Research,Internal Page,Follow,ERR,,html,No,3,100.00
https://www.leica-microsystems.com/science-lab/industrial/he-staining-in-microscopy/,https://www.leica-microsystems.com/science-lab/life-science/a-guide-to-using-microscopy-for-drosophila-fruit-fly-research/,Using Microscopy in Drosophila Research,Internal Page,Follow,ERR,,html,No,3,100.00
https://www.leica-microsystems.com/science-lab/industrial/he-staining-in-microscopy/,https://www.leica-microsystems.com/science-lab/life-science/a-guide-to-fluorescence-lifetime-imaging-microscopy-flim/,A Guide to FLIM,Internal Page,Follow,ERR,,html,No,3,100.00
https://www.leica-microsystems.com/science-lab/industrial/he-staining-in-microscopy/,https://www.leica-microsystems.com/science-lab/life-science/how-to-do-a-proper-cell-culture-quick-check/,Cell Culture Quick Check Essentials,Internal Page,Follow,ERR,,html,No,3,100.00
https://www.leica-microsystems.com/science-lab/industrial/he-staining-in-microscopy/,https://www.leica-microsystems.com/science-lab/life-science/microscope-resolution-concepts-factors-and-calculation/,"Microscope Resolution: Concepts, Factors and Calculation",Internal Page,Follow,ERR,,html,No,3,100.00
https://www.leica-microsystems.com/science-lab/industrial/he-staining-in-microscopy/,https://www.leica-microsystems.com/science-lab/life-science/selecting-the-right-dissecting-microscope/,Dissection,Internal Page,Follow,ERR,,html,No,3,100.00
https://www.leica-microsystems.com/science-lab/industrial/he-staining-in-microscopy/,https://www.leica-microsystems.com/science-lab/life-science/essential-guide-to-ultramicrotomy/,Essential Guide to Ultramicrotomy,Internal Page,Follow,ERR,,html,No,3,100.00
https://www.leica-microsystems.com/science-lab/industrial/he-staining-in-microscopy/,https://www.leica-microsystems.com/science-lab/life-science/sample-preparation-for-em-a-practical-guide-to-coating-and-freeze-fracturing/,Sample Preparation for EM: A Practical Guide to Coating and Freeze-Fracturing,Internal Page,Follow,ERR,,html,No,3,100.00
https://www.leica-microsystems.com/science-lab/industrial/he-staining-in-microscopy/,https://www.leica-microsystems.com/science-lab/life-science/a-guide-to-darkfield-microscopes/,Guide to Darkfield Microscopes,Internal Page,Follow,ERR,,html,No,3,100.00
https://www.leica-microsystems.com/science-lab/industrial/he-staining-in-microscopy/,https://www.leica-microsystems.com/science-lab/life-science/a-guide-to-phase-contrast/,Guide to Phase Contrast,Internal Page,Follow,ERR,,html,No,3,100.00
https://www.leica-microsystems.com/science-lab/industrial/he-staining-in-microscopy/,https://www.leica-microsystems.com/science-lab/life-science/a-guide-to-cryo-electron-tomography/,Guide to Cryo-Electron Tomography,Internal Page,Follow,ERR,,html,No,3,100.00
https://www.leica-microsystems.com/science-lab/industrial/he-staining-in-microscopy/,https://www.leica-microsystems.com/science-lab/life-science/a-guide-to-super-resolution/,Guide to Super-Resolution,Internal Page,Follow,ERR,,html,No,3,100.00
https://www.leica-microsystems.com/science-lab/industrial/he-staining-in-microscopy/,https://www.leica-microsystems.com/science-lab/life-science/guide-to-microscopy-in-cancer-research/,Guide to Microscopy in Cancer Research,Internal Page,Follow,ERR,,html,No,3,100.00
https://www.leica-microsystems.com/science-lab/industrial/he-staining-in-microscopy/,https://www.leica-microsystems.com/science-lab/life-science/a-guide-to-neuroscience-research/,A Guide to Neuroscience Research,Internal Page,Follow,ERR,,html,No,3,100.00
https://www.leica-microsystems.com/science-lab/industrial/he-staining-in-microscopy/,https://www.leica-microsystems.com/science-lab/life-science/ion-beam-milling-guide-enhancing-surface-quality-for-high-resolution-imaging-and-analysis/,Ion Beam Milling Guide: Enhancing Surface Quality for High-Resolution Imaging and Analysis,Internal Page,Follow,ERR,,html,No,3,100.00
https://www.leica-microsystems.com/science-lab/industrial/he-staining-in-microscopy/,https://www.leica-microsystems.com/science-lab/life-science/a-guide-to-model-organisms-in-research/,Guide to Model Organisms in Research,Internal Page,Follow,ERR,,html,No,3,100.00
https://www.leica-microsystems.com/science-lab/industrial/he-staining-in-microscopy/,https://www.leica-microsystems.com/science-lab/life-science/a-guide-to-zebrafish-research/,A Guide to Zebrafish Research,Internal Page,Follow,ERR,,html,No,3,100.00
https://www.leica-microsystems.com/science-lab/industrial/he-staining-in-microscopy/,https://www.leica-microsystems.com/science-lab/life-science/virology-research-guide/,A Practical Guide to Virology Research,Internal Page,Follow,ERR,,html,No,3,100.00
https://www.leica-microsystems.com/science-lab/industrial/he-staining-in-microscopy/,https://www.leica-microsystems.com/science-lab/industrial/,Industrial Microscopy,Internal Page,Follow,ERR,,html,No,2,100.00
https://www.leica-microsystems.com/science-lab/industrial/he-staining-in-microscopy/,https://www.leica-microsystems.com/science-lab/industrial/factors-to-consider-when-selecting-clinical-microscopes/,Clinical Microscope Selection Guide,Internal Page,Follow,ERR,,html,No,3,100.00
https://www.leica-microsystems.com/science-lab/industrial/he-staining-in-microscopy/,https://www.leica-microsystems.com/science-lab/industrial/battery-particle-detection-during-the-production-process/,Battery Particle Detection During the Production Process,Internal Page,Follow,ERR,,html,No,3,100.00
https://www.leica-microsystems.com/science-lab/industrial/he-staining-in-microscopy/,https://www.leica-microsystems.com/science-lab/industrial/a-guide-to-polarized-light-microscopy/,A Guide to Polarized Light Microscopy,Internal Page,Follow,ERR,,html,No,3,100.00
https://www.leica-microsystems.com/science-lab/industrial/he-staining-in-microscopy/,https://www.leica-microsystems.com/science-lab/industrial/key-factors-to-consider-when-selecting-a-stereo-microscope/,How to Select the Right Stereo Microscope,Internal Page,Follow,ERR,,html,No,3,100.00
https://www.leica-microsystems.com/science-lab/industrial/he-staining-in-microscopy/,https://www.leica-microsystems.com/science-lab/industrial/technical-terms-for-digital-microscope-cameras-and-image-analysis/,Digital Microscope Camera & Imaging Technical Terms,Internal Page,Follow,ERR,,html,No,3,100.00
https://www.leica-microsystems.com/science-lab/industrial/he-staining-in-microscopy/,https://www.leica-microsystems.com/science-lab/industrial/he-staining-in-microscopy/,H&E Staining in Microscopy,Internal Page,Follow,ERR,,html,No,3,100.00
https://www.leica-microsystems.com/science-lab/industrial/he-staining-in-microscopy/,https://www.leica-microsystems.com/science-lab/authors/,Authors,Internal Page,Follow,ERR,,html,No,2,100.00
https://www.leica-microsystems.com/science-lab/industrial/he-staining-in-microscopy/,https://www.leica-microsystems.com/science-lab/institutions/,Institutions,Internal Page,Follow,ERR,,html,No,2,100.00
https://www.leica-microsystems.com/science-lab/industrial/he-staining-in-microscopy/,https://www.leica-microsystems.com/science-lab/webinars/,Webinars,Internal Page,Follow,ERR,,html,No,2,100.00
https://www.leica-microsystems.com/science-lab/industrial/he-staining-in-microscopy/,https://www.leica-microsystems.com/science-lab/collaborations/,Collaborations,Internal Page,Follow,ERR,,html,No,2,100.00
https://www.leica-microsystems.com/science-lab/industrial/he-staining-in-microscopy/,https://www.leica-microsystems.com/science-lab/collaborations/micron-bioimaging-facility-at-university-of-oxford/,Micron Bioimaging Facility at the University of Oxford,Internal Page,Follow,ERR,,html,No,3,100.00
https://www.leica-microsystems.com/science-lab/industrial/he-staining-in-microscopy/,https://www.leica-microsystems.com/science-lab/collaborations/the-boston-and-san-francisco-innovation-hubs/,Boston and San Francisco Innovation Hubs,Internal Page,Follow,ERR,,html,No,3,100.00
https://www.leica-microsystems.com/science-lab/industrial/he-staining-in-microscopy/,https://www.leica-microsystems.com/science-lab/collaborations/embl-imaging-centre/,EMBL Imaging Centre Collaboration,Internal Page,Follow,ERR,,html,No,3,100.00
https://www.leica-microsystems.com/science-lab/industrial/he-staining-in-microscopy/,https://www.leica-microsystems.com/science-lab/collaborations/imperial-college-london/,Imperial College London & Leica Microsystems Imaging Hub,Internal Page,Follow,ERR,,html,No,3,100.00
https://www.leica-microsystems.com/science-lab/industrial/he-staining-in-microscopy/,https://www.leica-microsystems.com/company/about-us/,Company,Internal Page,Follow,ERR,,html,No,2,100.00
https://www.leica-microsystems.com/science-lab/industrial/he-staining-in-microscopy/,https://www.leica-microsystems.com/company/about-us/integrity-and-compliance/,Integrity and Compliance,Internal Page,Follow,ERR,,html,No,3,100.00
https://www.leica-microsystems.com/science-lab/industrial/he-staining-in-microscopy/,https://www.leica-microsystems.com/company/about-us/what-we-stand-for/,Vision & Mission,Internal Page,Follow,ERR,,html,No,3,100.00
https://www.leica-microsystems.com/science-lab/industrial/he-staining-in-microscopy/,https://www.leica-microsystems.com/company/about-us/sustainability/,Sustainability,Internal Page,Follow,ERR,,html,No,3,100.00
https://www.leica-microsystems.com/science-lab/industrial/he-staining-in-microscopy/,https://www.leica-microsystems.com/company/about-us/leadership-corner/,Leadership Corner,Internal Page,Follow,ERR,,html,No,3,100.00
https://www.leica-microsystems.com/science-lab/industrial/he-staining-in-microscopy/,https://www.leica-microsystems.com/company/about-us/our-history/,Our History,Internal Page,Follow,ERR,,html,No,3,100.00
https://www.leica-microsystems.com/science-lab/industrial/he-staining-in-microscopy/,https://www.leica-microsystems.com/contact/ideation/,Ideation,Internal Page,Follow,ERR,,html,No,2,100.00
https://www.leica-microsystems.com/science-lab/industrial/he-staining-in-microscopy/,https://www.leica-microsystems.com/company/news/,News,Internal Page,Follow,ERR,,html,No,2,100.00
https://www.leica-microsystems.com/science-lab/industrial/he-staining-in-microscopy/,https://www.leica-microsystems.com/company/events/,Events,Internal Page,Follow,ERR,,html,No,2,100.00
https://www.leica-microsystems.com/science-lab/industrial/he-staining-in-microscopy/,https://www.leica-microsystems.com/company/certificates/,Certificates,Internal Page,Follow,ERR,,html,No,2,100.00
https://www.leica-microsystems.com/science-lab/industrial/he-staining-in-microscopy/,https://www.leica-microsystems.com/company/product-security/,Product Security,Internal Page,Follow,ERR,,html,No,2,100.00
https://www.leica-microsystems.com/science-lab/industrial/he-staining-in-microscopy/,https://www.leica-microsystems.com/company/product-security/product-security-updates/,Product Security Updates,Internal Page,Follow,ERR,,html,No,3,100.00
https://www.leica-microsystems.com/science-lab/industrial/he-staining-in-microscopy/,https://www.leica-microsystems.com/company/quality-policy/,Quality Policy,Internal Page,Follow,ERR,,html,No,2,100.00
https://www.leica-microsystems.com/science-lab/industrial/he-staining-in-microscopy/,https://www.leica-microsystems.com/company/sales-service-terms-and-conditions/,Terms and Conditions,Internal Page,Follow,ERR,,html,No,2,100.00
https://www.leica-microsystems.com/science-lab/industrial/he-staining-in-microscopy/,https://www.leica-microsystems.com/contact/contact-us-online/,Contact Us,Internal Page,Follow,ERR,,html,No,2,100.00
https://www.leica-microsystems.com/science-lab/industrial/he-staining-in-microscopy/,https://www.leica-microsystems.com/products/light-microscopes/p/mateo/,Mateo Digital Microscopes,Internal Page,Follow,ERR,,html,No,4,100.00
https://www.leica-microsystems.com/science-lab/industrial/he-staining-in-microscopy/,https://www.leica-microsystems.com/products/surgical-microscopes/p/myveo/,MyVeo All-In-One Surgical Visualization Headset,Internal Page,Follow,ERR,,html,No,4,100.00
https://www.leica-microsystems.com/science-lab/industrial/he-staining-in-microscopy/,https://www.leica-microsystems.com/products/sample-preparation-for-electron-microscopy/p/uc-enuity/,UC Enuity Ultramicrotome,Internal Page,Follow,ERR,,html,No,4,100.00
https://www.leica-microsystems.com/science-lab/industrial/he-staining-in-microscopy/,https://www.leica-microsystems.com/products/light-microscopes/stereo-microscopes/p/ivesta-3/,Ivesta 3 Greenough Stereo Microscopes,Internal Page,Follow,ERR,,html,No,5,100.00
https://www.leica-microsystems.com/science-lab/industrial/he-staining-in-microscopy/,https://www.leica-microsystems.com/fileadmin/_processed_/2/8/csm_Unstained_tissue_section_55263ea5f1.jpg,,Internal Page,Follow,ERR,,html,No,5,80.00
https://www.leica-microsystems.com/science-lab/industrial/he-staining-in-microscopy/,https://www.leica-microsystems.com/fileadmin/_processed_/8/4/csm_The_glass_slides_are_immersed_into_different_solutions_for_staining_4319a2e3f8.jpg,,Internal Page,Follow,ERR,,html,No,5,80.00
https://www.leica-microsystems.com/science-lab/industrial/he-staining-in-microscopy/,https://www.leica-microsystems.com/fileadmin/_processed_/6/6/csm_Nuclei_in_the_duodenum_close_up_09f20e1edc.jpg,,Internal Page,Follow,ERR,,html,No,5,80.00
https://www.leica-microsystems.com/science-lab/industrial/he-staining-in-microscopy/,https://www.leica-microsystems.com/fileadmin/_processed_/e/a/csm_Three_distinct_layers_of_tissue_in_the_duodenum_98f1f8ab01.jpg,,Internal Page,Follow,ERR,,html,No,5,80.00
https://www.leica-microsystems.com/science-lab/industrial/he-staining-in-microscopy/,https://www.leica-microsystems.com/fileadmin/_processed_/6/6/csm_Boundary_between_the_submucosal_and_mucosal_regions_2f71d0e9d3.jpg,,Internal Page,Follow,ERR,,html,No,5,80.00
https://www.leica-microsystems.com/science-lab/industrial/he-staining-in-microscopy/,https://www.leica-microsystems.com/science-lab/industrial/clinical-microscopy-considerations-on-camera-selection/,"M. Barszczewski, P. Zorzi, P. Laskey, C. Müller, Clinical Microscopy: Considerations on Camera Selection, Science Lab (2022) Leica Microsystems",Internal Page,Follow,ERR,,html,No,3,100.00
https://www.leica-microsystems.com/science-lab/industrial/he-staining-in-microscopy/,https://www.leica-microsystems.com/science-lab/industrial/how-to-benefit-from-digital-cytopathology/,"C. Alwssandro, How to Benefit from Digital Cytopathology, Science Lab (2022) Leica Microsystems",Internal Page,Follow,ERR,,html,No,3,100.00
https://www.leica-microsystems.com/science-lab/industrial/he-staining-in-microscopy/,https://www.leica-microsystems.com/science-lab/microscopy-basics/the-time-to-diagnosis-is-crucial-in-clinical-pathology/,"P. Zorzi, C. Müller, The Time to Diagnosis is Crucial in Clinical Pathology, Science Lab (2022) Leica Microsystems",Internal Page,Follow,ERR,,html,No,3,100.00
https://www.leica-microsystems.com/science-lab/industrial/he-staining-in-microscopy/,https://www.leica-microsystems.com/science-lab/authors/detail/peter-laskey/,"Peter Laskey
  , Dr.


              
                1",Internal Page,Follow,ERR,,html,No,4,100.00
https://www.leica-microsystems.com/science-lab/industrial/he-staining-in-microscopy/,https://www.leica-microsystems.com/science-lab/authors/detail/claudia-mueller/,Claudia Müller,Internal Page,Follow,ERR,,html,No,4,100.00
https://www.leica-microsystems.com/science-lab/industrial/he-staining-in-microscopy/,https://www.leica-microsystems.com/science-lab/institutions/detail/leica-microsystems/,"1
              Leica Microsystems",Internal Page,Follow,ERR,,html,No,4,100.00
https://www.leica-microsystems.com/science-lab/industrial/he-staining-in-microscopy/,https://www.leica-microsystems.com/science-lab/tag/pathology-microscopy/,Pathology Microscopy,Internal Page,Follow,ERR,,html,No,3,100.00
https://www.leica-microsystems.com/science-lab/industrial/he-staining-in-microscopy/,https://www.leica-microsystems.com/science-lab/tag/clinical-microscopy/,Clinical Pathology,Internal Page,Follow,ERR,,html,No,3,100.00
https://www.leica-microsystems.com/science-lab/industrial/he-staining-in-microscopy/,https://www.leica-microsystems.com/science-lab/tag/staining/,Staining,Internal Page,Follow,ERR,,html,No,3,100.00
https://www.leica-microsystems.com/science-lab/industrial/he-staining-in-microscopy/,https://www.leica-microsystems.com/science-lab/tag/medical/,Medical Specialties,Internal Page,Follow,ERR,,html,No,3,100.00
https://www.leica-microsystems.com/science-lab/industrial/he-staining-in-microscopy/,https://www.leica-microsystems.com/products/light-microscopes/p/visoria-b/,"Visoria B
                   
                 
    
  

                 
    
      
                   Experience enhanced efficiency and comfort in your daily microscopy routine. The Visoria B laboratory microscope is for applications performed in life science and clinical laboratories.",Internal Page,Follow,ERR,,html,No,4,100.00
https://www.leica-microsystems.com/science-lab/industrial/he-staining-in-microscopy/,https://www.leica-microsystems.com/products/light-microscopes/p/leica-dm3000/,"Leica DM3000 & DM3000 LED
                   
                 
    
  

                 
    
      
                   Uniquely Ergonomic System Microscopes With Intelligent Automation",Internal Page,Follow,ERR,,html,No,4,100.00
https://www.leica-microsystems.com/science-lab/industrial/he-staining-in-microscopy/,https://www.leica-microsystems.com/contact/contact-us-online-product-information/,"Price
        
          
          I need a configuration or price info.",Internal Page,Follow,ERR,,html,No,2,100.00
https://www.leica-microsystems.com/science-lab/industrial/he-staining-in-microscopy/,https://www.leica-microsystems.com/contact/contact-us-online-service-support/,"Service & Repair
        
          
           I need repair, technical service, spare parts or service contract.",Internal Page,Follow,ERR,,html,No,2,100.00
https://www.leica-microsystems.com/science-lab/industrial/he-staining-in-microscopy/,https://www.leica-microsystems.com/contact/contact-us-online-application-support/,"Application Support
        
          
          I need assistance/training in how to operate my system properly, or how to run a specific application with my system.",Internal Page,Follow,ERR,,html,No,2,100.00
https://www.leica-microsystems.com/science-lab/industrial/he-staining-in-microscopy/,https://www.leica-microsystems.com/company/imprint/,Imprint,Internal Page,Follow,ERR,,html,No,2,100.00
https://www.leica-microsystems.com/science-lab/industrial/he-staining-in-microscopy/,https://www.leica-microsystems.com/company/cookie-notice/,Cookie Notice,Internal Page,Follow,ERR,,html,No,2,100.00
https://www.leica-microsystems.com/science-lab/industrial/he-staining-in-microscopy/,https://www.leica-microsystems.com/company/privacy-policy/,Privacy Policy,Internal Page,Follow,ERR,,html,No,2,100.00
https://www.leica-microsystems.com/science-lab/industrial/he-staining-in-microscopy/,https://www.leica-microsystems.com/company/do-not-sell-or-share-my-data/,Do Not Sell or Share my Data,Internal Page,Follow,ERR,,html,No,2,100.00
https://www.leica-microsystems.com/science-lab/industrial/he-staining-in-microscopy/,https://www.leica-microsystems.com/company/terms-of-use/,Terms of Use,Internal Page,Follow,ERR,,html,No,2,100.00
https://www.leica-microsystems.com/science-lab/life-science/a-guide-to-darkfield-microscopes/,https://www.leica-microsystems.com/shop/,Online Shop,Internal Page,Follow,ERR,,html,No,1,100.00
https://www.leica-microsystems.com/science-lab/life-science/a-guide-to-darkfield-microscopes/,https://www.leica-microsystems.com/,Leica Microsystems Logo,Internal Page,Follow,ERR,,html,No,0,100.00
https://www.leica-microsystems.com/science-lab/life-science/a-guide-to-darkfield-microscopes/,https://www.leica-microsystems.com/products/,Products,Internal Page,Follow,ERR,,html,No,1,100.00
https://www.leica-microsystems.com/science-lab/life-science/a-guide-to-darkfield-microscopes/,https://www.leica-microsystems.com/products/atto-tec-consumables/,ATTO-TEC Consumables,Internal Page,Follow,ERR,,html,No,2,100.00
https://www.leica-microsystems.com/science-lab/life-science/a-guide-to-darkfield-microscopes/,https://www.leica-microsystems.com/products/atto-tec-consumables/spatial-biology-reagents/,Spatial Biology Reagents,Internal Page,Follow,ERR,,html,No,3,100.00
https://www.leica-microsystems.com/science-lab/life-science/a-guide-to-darkfield-microscopes/,https://www.leica-microsystems.com/products/atto-tec-consumables/fluorescent-labels/,Fluorescent Labels,Internal Page,Follow,ERR,,html,No,3,100.00
https://www.leica-microsystems.com/science-lab/life-science/a-guide-to-darkfield-microscopes/,https://www.leica-microsystems.com/products/atto-tec-consumables/fluorescence-quenchers/,Fluorescence Quenchers,Internal Page,Follow,ERR,,html,No,3,100.00
https://www.leica-microsystems.com/science-lab/life-science/a-guide-to-darkfield-microscopes/,https://www.leica-microsystems.com/products/atto-tec-consumables/large-stokes-dyes/,Large Stokes Dyes,Internal Page,Follow,ERR,,html,No,3,100.00
https://www.leica-microsystems.com/science-lab/life-science/a-guide-to-darkfield-microscopes/,https://www.leica-microsystems.com/products/atto-tec-consumables/redox-label/,Redox-Label,Internal Page,Follow,ERR,,html,No,3,100.00
https://www.leica-microsystems.com/science-lab/life-science/a-guide-to-darkfield-microscopes/,https://www.leica-microsystems.com/products/light-microscopes/,Light Microscopes,Internal Page,Follow,ERR,,html,No,2,100.00
https://www.leica-microsystems.com/science-lab/life-science/a-guide-to-darkfield-microscopes/,https://www.leica-microsystems.com/products/light-microscopes/upright-microscopes/,Upright Microscopes,Internal Page,Follow,ERR,,html,No,3,100.00
https://www.leica-microsystems.com/science-lab/life-science/a-guide-to-darkfield-microscopes/,https://www.leica-microsystems.com/products/light-microscopes/inverted-microscopes/,Inverted Microscopes,Internal Page,Follow,ERR,,html,No,3,100.00
https://www.leica-microsystems.com/science-lab/life-science/a-guide-to-darkfield-microscopes/,https://www.leica-microsystems.com/products/light-microscopes/stereo-microscopes/,Stereo Microscopes,Internal Page,Follow,ERR,,html,No,3,100.00
https://www.leica-microsystems.com/science-lab/life-science/a-guide-to-darkfield-microscopes/,https://www.leica-microsystems.com/products/confocal-microscopes/,Confocal Microscopes,Internal Page,Follow,ERR,,html,No,2,100.00
https://www.leica-microsystems.com/science-lab/life-science/a-guide-to-darkfield-microscopes/,https://www.leica-microsystems.com/products/light-sheet-microscopes/,Light Sheet Microscopes,Internal Page,Follow,ERR,,html,No,2,100.00
https://www.leica-microsystems.com/science-lab/life-science/a-guide-to-darkfield-microscopes/,https://www.leica-microsystems.com/products/digital-microscopes/,Digital Microscopes,Internal Page,Follow,ERR,,html,No,2,100.00
https://www.leica-microsystems.com/science-lab/life-science/a-guide-to-darkfield-microscopes/,https://www.leica-microsystems.com/products/surgical-microscopes/,Surgical Microscopes,Internal Page,Follow,ERR,,html,No,2,100.00
https://www.leica-microsystems.com/science-lab/life-science/a-guide-to-darkfield-microscopes/,https://www.leica-microsystems.com/products/sample-preparation-for-electron-microscopy/,Sample Preparation for Electron Microscopy,Internal Page,Follow,ERR,,html,No,2,100.00
https://www.leica-microsystems.com/science-lab/life-science/a-guide-to-darkfield-microscopes/,https://www.leica-microsystems.com/objectivefinder/,Objectivefinder,Internal Page,Follow,ERR,,html,No,1,100.00
https://www.leica-microsystems.com/science-lab/life-science/a-guide-to-darkfield-microscopes/,https://www.leica-microsystems.com/products/microscope-software/,Microscope Software,Internal Page,Follow,ERR,,html,No,2,100.00
https://www.leica-microsystems.com/science-lab/life-science/a-guide-to-darkfield-microscopes/,https://www.leica-microsystems.com/products/microscope-cameras/,Microscope Cameras,Internal Page,Follow,ERR,,html,No,2,100.00
https://www.leica-microsystems.com/science-lab/life-science/a-guide-to-darkfield-microscopes/,https://www.leica-microsystems.com/products/microscope-accessories/,Microscope Parts & Accessories,Internal Page,Follow,ERR,,html,No,2,100.00
https://www.leica-microsystems.com/science-lab/life-science/a-guide-to-darkfield-microscopes/,https://www.leica-microsystems.com/products/microscope-accessories/microscope-objective-lens/,Microscope Objective Lens,Internal Page,Follow,ERR,,html,No,3,100.00
https://www.leica-microsystems.com/science-lab/life-science/a-guide-to-darkfield-microscopes/,https://www.leica-microsystems.com/products/microscope-accessories/led-illumination/,Illumination,Internal Page,Follow,ERR,,html,No,3,100.00
https://www.leica-microsystems.com/science-lab/life-science/a-guide-to-darkfield-microscopes/,https://www.leica-microsystems.com/products/microscope-accessories/ergonomic-accessories-for-stereo-microscopes-and-macroscopes/,Ergonomic Accessories,Internal Page,Follow,ERR,,html,No,3,100.00
https://www.leica-microsystems.com/science-lab/life-science/a-guide-to-darkfield-microscopes/,https://www.leica-microsystems.com/products/microscope-accessories/incubation-systems-and-stages/,Incubation Systems and Stages,Internal Page,Follow,ERR,,html,No,3,100.00
https://www.leica-microsystems.com/science-lab/life-science/a-guide-to-darkfield-microscopes/,https://www.leica-microsystems.com/products/microscope-accessories/leitz-system-supplier-for-oem/,Leitz Optic Center,Internal Page,Follow,ERR,,html,No,3,100.00
https://www.leica-microsystems.com/science-lab/life-science/a-guide-to-darkfield-microscopes/,https://www.leica-microsystems.com/applications/,Applications,Internal Page,Follow,ERR,,html,No,1,100.00
https://www.leica-microsystems.com/science-lab/life-science/a-guide-to-darkfield-microscopes/,https://www.leica-microsystems.com/applications/medical/,Medical Specialties,Internal Page,Follow,ERR,,html,No,2,100.00
https://www.leica-microsystems.com/science-lab/life-science/a-guide-to-darkfield-microscopes/,https://www.leica-microsystems.com/applications/medical/neurosurgery/,Neurosurgery,Internal Page,Follow,ERR,,html,No,3,100.00
https://www.leica-microsystems.com/science-lab/life-science/a-guide-to-darkfield-microscopes/,https://www.leica-microsystems.com/applications/medical/ent/,ENT,Internal Page,Follow,ERR,,html,No,3,100.00
https://www.leica-microsystems.com/science-lab/life-science/a-guide-to-darkfield-microscopes/,https://www.leica-microsystems.com/applications/medical/plastic-reconstructive-surgery/,Plastic Surgery,Internal Page,Follow,ERR,,html,No,3,100.00
https://www.leica-microsystems.com/science-lab/life-science/a-guide-to-darkfield-microscopes/,https://www.leica-microsystems.com/applications/medical/ophthalmology/,Ophthalmology,Internal Page,Follow,ERR,,html,No,3,100.00
https://www.leica-microsystems.com/science-lab/life-science/a-guide-to-darkfield-microscopes/,https://www.leica-microsystems.com/applications/medical/dental-surgical-microscopy/,Dentistry,Internal Page,Follow,ERR,,html,No,3,100.00
https://www.leica-microsystems.com/science-lab/life-science/a-guide-to-darkfield-microscopes/,https://www.leica-microsystems.com/applications/clinical-laboratories/,Pathology,Internal Page,Follow,ERR,,html,No,2,100.00
https://www.leica-microsystems.com/science-lab/life-science/a-guide-to-darkfield-microscopes/,https://www.leica-microsystems.com/applications/life-science/,Life Science Research,Internal Page,Follow,ERR,,html,No,2,100.00
https://www.leica-microsystems.com/science-lab/life-science/a-guide-to-darkfield-microscopes/,https://www.leica-microsystems.com/applications/life-science/biopharma/,Biopharma,Internal Page,Follow,ERR,,html,No,3,100.00
https://www.leica-microsystems.com/science-lab/life-science/a-guide-to-darkfield-microscopes/,https://www.leica-microsystems.com/applications/life-science/em-sample-prep-workflows-uses/,EM Sample Prep Workflows & Uses,Internal Page,Follow,ERR,,html,No,3,100.00
https://www.leica-microsystems.com/science-lab/life-science/a-guide-to-darkfield-microscopes/,https://www.leica-microsystems.com/applications/life-science/advanced-tissue-imaging-analysis/,Advanced Tissue Imaging & Analysis,Internal Page,Follow,ERR,,html,No,3,100.00
https://www.leica-microsystems.com/science-lab/life-science/a-guide-to-darkfield-microscopes/,https://www.leica-microsystems.com/applications/life-science/organoids-and-3d-cell-culture/,Organoids & 3D Cell Culture,Internal Page,Follow,ERR,,html,No,3,100.00
https://www.leica-microsystems.com/science-lab/life-science/a-guide-to-darkfield-microscopes/,https://www.leica-microsystems.com/applications/life-science/cell-culture/,Cell Culture,Internal Page,Follow,ERR,,html,No,3,100.00
https://www.leica-microsystems.com/science-lab/life-science/a-guide-to-darkfield-microscopes/,https://www.leica-microsystems.com/applications/life-science/cellular-analysis/,Cellular Analysis,Internal Page,Follow,ERR,,html,No,3,100.00
https://www.leica-microsystems.com/science-lab/life-science/a-guide-to-darkfield-microscopes/,https://www.leica-microsystems.com/applications/life-science/cell-biology/,Cell Biology,Internal Page,Follow,ERR,,html,No,3,100.00
https://www.leica-microsystems.com/science-lab/life-science/a-guide-to-darkfield-microscopes/,https://www.leica-microsystems.com/applications/life-science/correlative-light-and-electron-microscopy-clem/,Correlative Light & Electron Microscopy,Internal Page,Follow,ERR,,html,No,3,100.00
https://www.leica-microsystems.com/science-lab/life-science/a-guide-to-darkfield-microscopes/,https://www.leica-microsystems.com/applications/industrial-microscopy-markets/,Industrial Microscopy,Internal Page,Follow,ERR,,html,No,2,100.00
https://www.leica-microsystems.com/science-lab/life-science/a-guide-to-darkfield-microscopes/,https://www.leica-microsystems.com/applications/industrial-microscopy-markets/metal-industry/,Metal Industry,Internal Page,Follow,ERR,,html,No,3,100.00
https://www.leica-microsystems.com/science-lab/life-science/a-guide-to-darkfield-microscopes/,https://www.leica-microsystems.com/applications/industrial-microscopy-markets/electronics-semiconductor/,Electronics & Semiconductor Industry,Internal Page,Follow,ERR,,html,No,3,100.00
https://www.leica-microsystems.com/science-lab/life-science/a-guide-to-darkfield-microscopes/,https://www.leica-microsystems.com/applications/industrial-microscopy-markets/battery-manufacturing/,Battery Manufacturing,Internal Page,Follow,ERR,,html,No,3,100.00
https://www.leica-microsystems.com/science-lab/life-science/a-guide-to-darkfield-microscopes/,https://www.leica-microsystems.com/applications/industrial-microscopy-markets/automotive-aerospace/,Automotive & Aerospace,Internal Page,Follow,ERR,,html,No,3,100.00
https://www.leica-microsystems.com/science-lab/life-science/a-guide-to-darkfield-microscopes/,https://www.leica-microsystems.com/applications/industrial-microscopy-markets/medical-device-qa-qc/,Medical Device QA QC,Internal Page,Follow,ERR,,html,No,3,100.00
https://www.leica-microsystems.com/science-lab/life-science/a-guide-to-darkfield-microscopes/,https://www.leica-microsystems.com/applications/industrial-microscopy-markets/industrial-applications/,Industrial Applications,Internal Page,Follow,ERR,,html,No,3,100.00
https://www.leica-microsystems.com/science-lab/life-science/a-guide-to-darkfield-microscopes/,https://www.leica-microsystems.com/applications/clinical-laboratories/clinical-pathology/,Clinical Pathology,Internal Page,Follow,ERR,,html,No,3,100.00
https://www.leica-microsystems.com/science-lab/life-science/a-guide-to-darkfield-microscopes/,https://www.leica-microsystems.com/applications/clinical-laboratories/anatomic-pathology/,Anatomic Pathology,Internal Page,Follow,ERR,,html,No,3,100.00
https://www.leica-microsystems.com/science-lab/life-science/a-guide-to-darkfield-microscopes/,https://www.leica-microsystems.com/applications/forensic-science/,Forensic Science,Internal Page,Follow,ERR,,html,No,2,100.00
https://www.leica-microsystems.com/science-lab/life-science/a-guide-to-darkfield-microscopes/,https://www.leica-microsystems.com/applications/education/,Education,Internal Page,Follow,ERR,,html,No,2,100.00
https://www.leica-microsystems.com/science-lab/life-science/a-guide-to-darkfield-microscopes/,https://www.leica-microsystems.com/service/,Service,Internal Page,Follow,ERR,,html,No,1,100.00
https://www.leica-microsystems.com/science-lab/life-science/a-guide-to-darkfield-microscopes/,https://www.leica-microsystems.com/science-lab/,Learn & Share,Internal Page,Follow,ERR,,html,No,1,100.00
https://www.leica-microsystems.com/science-lab/life-science/a-guide-to-darkfield-microscopes/,https://www.leica-microsystems.com/science-lab/medical/,Medical Specialties,Internal Page,Follow,ERR,,html,No,2,100.00
https://www.leica-microsystems.com/science-lab/life-science/a-guide-to-darkfield-microscopes/,https://www.leica-microsystems.com/science-lab/medical/the-guide-to-augmented-reality-in-microsurgery/,Guide to AR in Microsurgery,Internal Page,Follow,ERR,,html,No,3,100.00
https://www.leica-microsystems.com/science-lab/life-science/a-guide-to-darkfield-microscopes/,https://www.leica-microsystems.com/science-lab/medical/aneurysm-clipping-assessing-perforators-in-real-time-with-ar-fluorescence/,AR Fluorescence for Aneurysm Clipping: Perforators,Internal Page,Follow,ERR,,html,No,3,100.00
https://www.leica-microsystems.com/science-lab/life-science/a-guide-to-darkfield-microscopes/,https://www.leica-microsystems.com/science-lab/medical/real-time-oct-imaging-impact-corneal-surgery/,Real-Time OCT Impact Corneal Surgery,Internal Page,Follow,ERR,,html,No,3,100.00
https://www.leica-microsystems.com/science-lab/life-science/a-guide-to-darkfield-microscopes/,https://www.leica-microsystems.com/science-lab/medical/tympanoplasty-surgery-optimal-approaches-and-tools/,Approaches and Tools for Tympanoplasty Surgery,Internal Page,Follow,ERR,,html,No,3,100.00
https://www.leica-microsystems.com/science-lab/life-science/a-guide-to-darkfield-microscopes/,https://www.leica-microsystems.com/science-lab/medical/a-guide-to-oct/,A Guide to OCT,Internal Page,Follow,ERR,,html,No,3,100.00
https://www.leica-microsystems.com/science-lab/life-science/a-guide-to-darkfield-microscopes/,https://www.leica-microsystems.com/science-lab/medical/how-to-drape-a-surgical-microscope/,How to Drape a Surgical Microscope,Internal Page,Follow,ERR,,html,No,3,100.00
https://www.leica-microsystems.com/science-lab/life-science/a-guide-to-darkfield-microscopes/,https://www.leica-microsystems.com/science-lab/medical/ophthalmology-visualization-in-complex-cataract-surgery/,Visualization in Complex Cataract Surgery,Internal Page,Follow,ERR,,html,No,3,100.00
https://www.leica-microsystems.com/science-lab/life-science/a-guide-to-darkfield-microscopes/,https://www.leica-microsystems.com/science-lab/life-science/,Life Science Research,Internal Page,Follow,ERR,,html,No,2,100.00
https://www.leica-microsystems.com/science-lab/life-science/a-guide-to-darkfield-microscopes/,https://www.leica-microsystems.com/science-lab/microscopy-basics/a-guide-to-fluorescence-microscopy/,A Guide to Fluorescence Microscopy,Internal Page,Follow,ERR,,html,No,3,100.00
https://www.leica-microsystems.com/science-lab/life-science/a-guide-to-darkfield-microscopes/,https://www.leica-microsystems.com/science-lab/life-science/a-guide-to-spatial-biology/,A Guide to Spatial Biology,Internal Page,Follow,ERR,,html,No,3,100.00
https://www.leica-microsystems.com/science-lab/life-science/a-guide-to-darkfield-microscopes/,https://www.leica-microsystems.com/science-lab/life-science/guide-to-live-cell-imaging/,Guide to Live-Cell Imaging,Internal Page,Follow,ERR,,html,No,3,100.00
https://www.leica-microsystems.com/science-lab/life-science/a-guide-to-darkfield-microscopes/,https://www.leica-microsystems.com/science-lab/life-science/a-guide-to-c-elegans-research-working-with-nematodes/,Guide to C. elegans Research,Internal Page,Follow,ERR,,html,No,3,100.00
https://www.leica-microsystems.com/science-lab/life-science/a-guide-to-darkfield-microscopes/,https://www.leica-microsystems.com/science-lab/life-science/a-guide-to-using-microscopy-for-drosophila-fruit-fly-research/,Using Microscopy in Drosophila Research,Internal Page,Follow,ERR,,html,No,3,100.00
https://www.leica-microsystems.com/science-lab/life-science/a-guide-to-darkfield-microscopes/,https://www.leica-microsystems.com/science-lab/life-science/a-guide-to-fluorescence-lifetime-imaging-microscopy-flim/,A Guide to FLIM,Internal Page,Follow,ERR,,html,No,3,100.00
https://www.leica-microsystems.com/science-lab/life-science/a-guide-to-darkfield-microscopes/,https://www.leica-microsystems.com/science-lab/life-science/how-to-do-a-proper-cell-culture-quick-check/,Cell Culture Quick Check Essentials,Internal Page,Follow,ERR,,html,No,3,100.00
https://www.leica-microsystems.com/science-lab/life-science/a-guide-to-darkfield-microscopes/,https://www.leica-microsystems.com/science-lab/life-science/microscope-resolution-concepts-factors-and-calculation/,"Microscope Resolution: Concepts, Factors and Calculation",Internal Page,Follow,ERR,,html,No,3,100.00
https://www.leica-microsystems.com/science-lab/life-science/a-guide-to-darkfield-microscopes/,https://www.leica-microsystems.com/science-lab/life-science/selecting-the-right-dissecting-microscope/,Dissection,Internal Page,Follow,ERR,,html,No,3,100.00
https://www.leica-microsystems.com/science-lab/life-science/a-guide-to-darkfield-microscopes/,https://www.leica-microsystems.com/science-lab/life-science/essential-guide-to-ultramicrotomy/,Essential Guide to Ultramicrotomy,Internal Page,Follow,ERR,,html,No,3,100.00
https://www.leica-microsystems.com/science-lab/life-science/a-guide-to-darkfield-microscopes/,https://www.leica-microsystems.com/science-lab/life-science/sample-preparation-for-em-a-practical-guide-to-coating-and-freeze-fracturing/,Sample Preparation for EM: A Practical Guide to Coating and Freeze-Fracturing,Internal Page,Follow,ERR,,html,No,3,100.00
https://www.leica-microsystems.com/science-lab/life-science/a-guide-to-darkfield-microscopes/,https://www.leica-microsystems.com/science-lab/life-science/a-guide-to-darkfield-microscopes/,Guide to Darkfield Microscopes,Internal Page,Follow,ERR,,html,No,3,100.00
https://www.leica-microsystems.com/science-lab/life-science/a-guide-to-darkfield-microscopes/,https://www.leica-microsystems.com/science-lab/life-science/a-guide-to-phase-contrast/,Guide to Phase Contrast,Internal Page,Follow,ERR,,html,No,3,100.00
https://www.leica-microsystems.com/science-lab/life-science/a-guide-to-darkfield-microscopes/,https://www.leica-microsystems.com/science-lab/life-science/a-guide-to-cryo-electron-tomography/,Guide to Cryo-Electron Tomography,Internal Page,Follow,ERR,,html,No,3,100.00
https://www.leica-microsystems.com/science-lab/life-science/a-guide-to-darkfield-microscopes/,https://www.leica-microsystems.com/science-lab/life-science/a-guide-to-super-resolution/,Guide to Super-Resolution,Internal Page,Follow,ERR,,html,No,3,100.00
https://www.leica-microsystems.com/science-lab/life-science/a-guide-to-darkfield-microscopes/,https://www.leica-microsystems.com/science-lab/life-science/guide-to-microscopy-in-cancer-research/,Guide to Microscopy in Cancer Research,Internal Page,Follow,ERR,,html,No,3,100.00
https://www.leica-microsystems.com/science-lab/life-science/a-guide-to-darkfield-microscopes/,https://www.leica-microsystems.com/science-lab/life-science/a-guide-to-neuroscience-research/,A Guide to Neuroscience Research,Internal Page,Follow,ERR,,html,No,3,100.00
https://www.leica-microsystems.com/science-lab/life-science/a-guide-to-darkfield-microscopes/,https://www.leica-microsystems.com/science-lab/life-science/ion-beam-milling-guide-enhancing-surface-quality-for-high-resolution-imaging-and-analysis/,Ion Beam Milling Guide: Enhancing Surface Quality for High-Resolution Imaging and Analysis,Internal Page,Follow,ERR,,html,No,3,100.00
https://www.leica-microsystems.com/science-lab/life-science/a-guide-to-darkfield-microscopes/,https://www.leica-microsystems.com/science-lab/life-science/a-guide-to-model-organisms-in-research/,Guide to Model Organisms in Research,Internal Page,Follow,ERR,,html,No,3,100.00
https://www.leica-microsystems.com/science-lab/life-science/a-guide-to-darkfield-microscopes/,https://www.leica-microsystems.com/science-lab/life-science/a-guide-to-zebrafish-research/,A Guide to Zebrafish Research,Internal Page,Follow,ERR,,html,No,3,100.00
https://www.leica-microsystems.com/science-lab/life-science/a-guide-to-darkfield-microscopes/,https://www.leica-microsystems.com/science-lab/life-science/virology-research-guide/,A Practical Guide to Virology Research,Internal Page,Follow,ERR,,html,No,3,100.00
https://www.leica-microsystems.com/science-lab/life-science/a-guide-to-darkfield-microscopes/,https://www.leica-microsystems.com/science-lab/industrial/,Industrial Microscopy,Internal Page,Follow,ERR,,html,No,2,100.00
https://www.leica-microsystems.com/science-lab/life-science/a-guide-to-darkfield-microscopes/,https://www.leica-microsystems.com/science-lab/industrial/factors-to-consider-when-selecting-clinical-microscopes/,Clinical Microscope Selection Guide,Internal Page,Follow,ERR,,html,No,3,100.00
https://www.leica-microsystems.com/science-lab/life-science/a-guide-to-darkfield-microscopes/,https://www.leica-microsystems.com/science-lab/industrial/battery-particle-detection-during-the-production-process/,Battery Particle Detection During the Production Process,Internal Page,Follow,ERR,,html,No,3,100.00
https://www.leica-microsystems.com/science-lab/life-science/a-guide-to-darkfield-microscopes/,https://www.leica-microsystems.com/science-lab/industrial/a-guide-to-polarized-light-microscopy/,A Guide to Polarized Light Microscopy,Internal Page,Follow,ERR,,html,No,3,100.00
https://www.leica-microsystems.com/science-lab/life-science/a-guide-to-darkfield-microscopes/,https://www.leica-microsystems.com/science-lab/industrial/key-factors-to-consider-when-selecting-a-stereo-microscope/,How to Select the Right Stereo Microscope,Internal Page,Follow,ERR,,html,No,3,100.00
https://www.leica-microsystems.com/science-lab/life-science/a-guide-to-darkfield-microscopes/,https://www.leica-microsystems.com/science-lab/industrial/technical-terms-for-digital-microscope-cameras-and-image-analysis/,Digital Microscope Camera & Imaging Technical Terms,Internal Page,Follow,ERR,,html,No,3,100.00
https://www.leica-microsystems.com/science-lab/life-science/a-guide-to-darkfield-microscopes/,https://www.leica-microsystems.com/science-lab/industrial/he-staining-in-microscopy/,H&E Staining in Microscopy,Internal Page,Follow,ERR,,html,No,3,100.00
https://www.leica-microsystems.com/science-lab/life-science/a-guide-to-darkfield-microscopes/,https://www.leica-microsystems.com/science-lab/authors/,Authors,Internal Page,Follow,ERR,,html,No,2,100.00
https://www.leica-microsystems.com/science-lab/life-science/a-guide-to-darkfield-microscopes/,https://www.leica-microsystems.com/science-lab/institutions/,Institutions,Internal Page,Follow,ERR,,html,No,2,100.00
https://www.leica-microsystems.com/science-lab/life-science/a-guide-to-darkfield-microscopes/,https://www.leica-microsystems.com/science-lab/webinars/,Webinars,Internal Page,Follow,ERR,,html,No,2,100.00
https://www.leica-microsystems.com/science-lab/life-science/a-guide-to-darkfield-microscopes/,https://www.leica-microsystems.com/science-lab/collaborations/,Collaborations,Internal Page,Follow,ERR,,html,No,2,100.00
https://www.leica-microsystems.com/science-lab/life-science/a-guide-to-darkfield-microscopes/,https://www.leica-microsystems.com/science-lab/collaborations/micron-bioimaging-facility-at-university-of-oxford/,Micron Bioimaging Facility at the University of Oxford,Internal Page,Follow,ERR,,html,No,3,100.00
https://www.leica-microsystems.com/science-lab/life-science/a-guide-to-darkfield-microscopes/,https://www.leica-microsystems.com/science-lab/collaborations/the-boston-and-san-francisco-innovation-hubs/,Boston and San Francisco Innovation Hubs,Internal Page,Follow,ERR,,html,No,3,100.00
https://www.leica-microsystems.com/science-lab/life-science/a-guide-to-darkfield-microscopes/,https://www.leica-microsystems.com/science-lab/collaborations/embl-imaging-centre/,EMBL Imaging Centre Collaboration,Internal Page,Follow,ERR,,html,No,3,100.00
https://www.leica-microsystems.com/science-lab/life-science/a-guide-to-darkfield-microscopes/,https://www.leica-microsystems.com/science-lab/collaborations/imperial-college-london/,Imperial College London & Leica Microsystems Imaging Hub,Internal Page,Follow,ERR,,html,No,3,100.00
https://www.leica-microsystems.com/science-lab/life-science/a-guide-to-darkfield-microscopes/,https://www.leica-microsystems.com/company/about-us/,Company,Internal Page,Follow,ERR,,html,No,2,100.00
https://www.leica-microsystems.com/science-lab/life-science/a-guide-to-darkfield-microscopes/,https://www.leica-microsystems.com/company/about-us/integrity-and-compliance/,Integrity and Compliance,Internal Page,Follow,ERR,,html,No,3,100.00
https://www.leica-microsystems.com/science-lab/life-science/a-guide-to-darkfield-microscopes/,https://www.leica-microsystems.com/company/about-us/what-we-stand-for/,Vision & Mission,Internal Page,Follow,ERR,,html,No,3,100.00
https://www.leica-microsystems.com/science-lab/life-science/a-guide-to-darkfield-microscopes/,https://www.leica-microsystems.com/company/about-us/sustainability/,Sustainability,Internal Page,Follow,ERR,,html,No,3,100.00
https://www.leica-microsystems.com/science-lab/life-science/a-guide-to-darkfield-microscopes/,https://www.leica-microsystems.com/company/about-us/leadership-corner/,Leadership Corner,Internal Page,Follow,ERR,,html,No,3,100.00
https://www.leica-microsystems.com/science-lab/life-science/a-guide-to-darkfield-microscopes/,https://www.leica-microsystems.com/company/about-us/our-history/,Our History,Internal Page,Follow,ERR,,html,No,3,100.00
https://www.leica-microsystems.com/science-lab/life-science/a-guide-to-darkfield-microscopes/,https://www.leica-microsystems.com/contact/ideation/,Ideation,Internal Page,Follow,ERR,,html,No,2,100.00
https://www.leica-microsystems.com/science-lab/life-science/a-guide-to-darkfield-microscopes/,https://www.leica-microsystems.com/company/news/,News,Internal Page,Follow,ERR,,html,No,2,100.00
https://www.leica-microsystems.com/science-lab/life-science/a-guide-to-darkfield-microscopes/,https://www.leica-microsystems.com/company/events/,Events,Internal Page,Follow,ERR,,html,No,2,100.00
https://www.leica-microsystems.com/science-lab/life-science/a-guide-to-darkfield-microscopes/,https://www.leica-microsystems.com/company/certificates/,Certificates,Internal Page,Follow,ERR,,html,No,2,100.00
https://www.leica-microsystems.com/science-lab/life-science/a-guide-to-darkfield-microscopes/,https://www.leica-microsystems.com/company/product-security/,Product Security,Internal Page,Follow,ERR,,html,No,2,100.00
https://www.leica-microsystems.com/science-lab/life-science/a-guide-to-darkfield-microscopes/,https://www.leica-microsystems.com/company/product-security/product-security-updates/,Product Security Updates,Internal Page,Follow,ERR,,html,No,3,100.00
https://www.leica-microsystems.com/science-lab/life-science/a-guide-to-darkfield-microscopes/,https://www.leica-microsystems.com/company/quality-policy/,Quality Policy,Internal Page,Follow,ERR,,html,No,2,100.00
https://www.leica-microsystems.com/science-lab/life-science/a-guide-to-darkfield-microscopes/,https://www.leica-microsystems.com/company/sales-service-terms-and-conditions/,Terms and Conditions,Internal Page,Follow,ERR,,html,No,2,100.00
https://www.leica-microsystems.com/science-lab/life-science/a-guide-to-darkfield-microscopes/,https://www.leica-microsystems.com/contact/contact-us-online/,Contact Us,Internal Page,Follow,ERR,,html,No,2,100.00
https://www.leica-microsystems.com/science-lab/life-science/a-guide-to-darkfield-microscopes/,https://www.leica-microsystems.com/products/light-microscopes/p/mateo/,Mateo Digital Microscopes,Internal Page,Follow,ERR,,html,No,4,100.00
https://www.leica-microsystems.com/science-lab/life-science/a-guide-to-darkfield-microscopes/,https://www.leica-microsystems.com/products/surgical-microscopes/p/myveo/,MyVeo All-In-One Surgical Visualization Headset,Internal Page,Follow,ERR,,html,No,4,100.00
https://www.leica-microsystems.com/science-lab/life-science/a-guide-to-darkfield-microscopes/,https://www.leica-microsystems.com/products/sample-preparation-for-electron-microscopy/p/uc-enuity/,UC Enuity Ultramicrotome,Internal Page,Follow,ERR,,html,No,4,100.00
https://www.leica-microsystems.com/science-lab/life-science/a-guide-to-darkfield-microscopes/,https://www.leica-microsystems.com/products/light-microscopes/stereo-microscopes/p/ivesta-3/,Ivesta 3 Greenough Stereo Microscopes,Internal Page,Follow,ERR,,html,No,5,100.00
https://www.leica-microsystems.com/science-lab/life-science/a-guide-to-darkfield-microscopes/,https://www.leica-microsystems.com/science-lab/authors/detail/corporate-communications/,Corporate Communications,Internal Page,Follow,ERR,,html,No,4,100.00
https://www.leica-microsystems.com/science-lab/life-science/a-guide-to-darkfield-microscopes/,https://www.leica-microsystems.com/science-lab/institutions/detail/leica-microsystems/,Leica Microsystems,Internal Page,Follow,ERR,,html,No,4,100.00
https://www.leica-microsystems.com/science-lab/life-science/a-guide-to-darkfield-microscopes/,https://www.leica-microsystems.com/science-lab/tag/darkfield-microscopes/,Darkfield Microscopy,Internal Page,Follow,ERR,,html,No,3,100.00
https://www.leica-microsystems.com/science-lab/life-science/a-guide-to-darkfield-microscopes/,https://www.leica-microsystems.com/science-lab/tag/contrast-methods-in-light-microscopy/,Contrast Methods in Light Microscopy,Internal Page,Follow,ERR,,html,No,3,100.00
https://www.leica-microsystems.com/science-lab/life-science/a-guide-to-darkfield-microscopes/,https://www.leica-microsystems.com/science-lab/tag/live-cell-imaging/,Live Cell Imaging,Internal Page,Follow,ERR,,html,No,3,100.00
https://www.leica-microsystems.com/science-lab/life-science/a-guide-to-darkfield-microscopes/,https://www.leica-microsystems.com/science-lab/tag/light-microscopy/,Light Microscopy,Internal Page,Follow,ERR,,html,No,3,100.00
https://www.leica-microsystems.com/science-lab/life-science/a-guide-to-darkfield-microscopes/,https://www.leica-microsystems.com/science-lab/tag/life-science/,Life Science Research,Internal Page,Follow,ERR,,html,No,3,100.00
https://www.leica-microsystems.com/science-lab/life-science/a-guide-to-darkfield-microscopes/,https://www.leica-microsystems.com/science-lab/tag/industry-and-manufacturing/,Industrial Microscopy,Internal Page,Follow,ERR,,html,No,3,100.00
https://www.leica-microsystems.com/science-lab/life-science/a-guide-to-darkfield-microscopes/,https://www.leica-microsystems.com/science-lab/tag/basic-microscopy-techniques/,Basic Microscopy Techniques,Internal Page,Follow,ERR,,html,No,3,100.00
https://www.leica-microsystems.com/science-lab/life-science/a-guide-to-darkfield-microscopes/,https://www.leica-microsystems.com/science-lab/tag/basics-in-microscopy/,Basics in Microscopy,Internal Page,Follow,ERR,,html,No,3,100.00
https://www.leica-microsystems.com/science-lab/life-science/a-guide-to-darkfield-microscopes/,https://www.leica-microsystems.com/science-lab/tag/widefield-microscopy/,Widefield Microscopy,Internal Page,Follow,ERR,,html,No,3,100.00
https://www.leica-microsystems.com/science-lab/life-science/a-guide-to-darkfield-microscopes/,https://www.leica-microsystems.com/science-lab/tag/upright-microscopy/,Upright Microscopy,Internal Page,Follow,ERR,,html,No,3,100.00
https://www.leica-microsystems.com/science-lab/life-science/a-guide-to-darkfield-microscopes/,https://www.leica-microsystems.com/science-lab/tag/inverted-microscopy/,Inverted Microscopy,Internal Page,Follow,ERR,,html,No,3,100.00
https://www.leica-microsystems.com/science-lab/life-science/a-guide-to-darkfield-microscopes/,https://www.leica-microsystems.com/products/light-microscopes/p/leica-dm3000/,"Leica DM3000 & DM3000 LED
                   
                 
    
  

                 
    
      
                   Uniquely Ergonomic System Microscopes With Intelligent Automation",Internal Page,Follow,ERR,,html,No,4,100.00
https://www.leica-microsystems.com/science-lab/life-science/a-guide-to-darkfield-microscopes/,https://www.leica-microsystems.com/products/thunder-imaging-systems/p/thunder-imager-model-organism-sensitive/,"THUNDER Imager Model Organism
                   
                 
    
  

                 
    
      
                   The THUNDER Imager Model Organism allows fast and easy 3D exploration of whole organisms for developmental or molecular biology research.",Internal Page,Follow,ERR,,html,No,4,100.00
https://www.leica-microsystems.com/science-lab/life-science/a-guide-to-darkfield-microscopes/,https://www.leica-microsystems.com/science-lab/industrial/imaging-and-analyzing-zebrafish-medaka-and-xenopus/,"Imaging and Analyzing Zebrafish, Medaka, and Xenopus",Internal Page,Follow,ERR,,html,No,3,100.00
https://www.leica-microsystems.com/science-lab/life-science/a-guide-to-darkfield-microscopes/,https://www.leica-microsystems.com/science-lab/industrial/studying-caenorhabditis-elegans-c-elegans/,Studying Caenorhabditis elegans (C. elegans),Internal Page,Follow,ERR,,html,No,3,100.00
https://www.leica-microsystems.com/science-lab/life-science/a-guide-to-darkfield-microscopes/,https://www.leica-microsystems.com/science-lab/microscopy-basics/optical-contrast-methods/,Optical Contrast Methods,Internal Page,Follow,ERR,,html,No,3,100.00
https://www.leica-microsystems.com/science-lab/life-science/a-guide-to-darkfield-microscopes/,https://www.leica-microsystems.com/science-lab/industrial/rapid-semiconductor-inspection-with-microscope-contrast-methods/,Rapid Semiconductor Inspection with Microscope Contrast Methods,Internal Page,Follow,ERR,,html,No,3,100.00
https://www.leica-microsystems.com/science-lab/life-science/a-guide-to-darkfield-microscopes/,https://www.leica-microsystems.com/science-lab/industrial/metallography-an-introduction/,Metallography – an Introduction,Internal Page,Follow,ERR,,html,No,3,100.00
https://www.leica-microsystems.com/science-lab/life-science/a-guide-to-darkfield-microscopes/,https://www.leica-microsystems.com/science-lab/industrial/how-to-adapt-grain-size-analysis-of-metallic-alloys-to-your-needs/,How to Adapt Grain Size Analysis of Metallic Alloys to Your Needs,Internal Page,Follow,ERR,,html,No,3,100.00
https://www.leica-microsystems.com/science-lab/life-science/a-guide-to-darkfield-microscopes/,https://www.leica-microsystems.com/science-lab/industrial/metallography-with-color-and-contrast/,Metallography with Color and Contrast,Internal Page,Follow,ERR,,html,No,3,100.00
https://www.leica-microsystems.com/science-lab/life-science/a-guide-to-darkfield-microscopes/,https://www.leica-microsystems.com/products/light-microscopes/p/dm4-b-and-dm6-b-upright-microscopes/,,Internal Page,Follow,ERR,,html,No,4,80.00
https://www.leica-microsystems.com/science-lab/life-science/a-guide-to-darkfield-microscopes/,https://www.leica-microsystems.com/products/light-microscopes/p/leica-dm1000-led/,,Internal Page,Follow,ERR,,html,No,4,80.00
https://www.leica-microsystems.com/science-lab/life-science/a-guide-to-darkfield-microscopes/,https://www.leica-microsystems.com/products/thunder-imaging-systems/p/thunder-imager-tissue/,,Internal Page,Follow,ERR,,html,No,4,80.00
https://www.leica-microsystems.com/science-lab/life-science/a-guide-to-darkfield-microscopes/,https://www.leica-microsystems.com/products/thunder-imaging-systems/p/thunder-imager-cell/,,Internal Page,Follow,ERR,,html,No,4,80.00
https://www.leica-microsystems.com/science-lab/life-science/a-guide-to-darkfield-microscopes/,https://www.leica-microsystems.com/applications/industrial-microscopy-markets/industrial-applications/material-science-analysis/,,Internal Page,Follow,ERR,,html,No,4,80.00
https://www.leica-microsystems.com/science-lab/life-science/a-guide-to-darkfield-microscopes/,https://www.leica-microsystems.com/contact/contact-us-online-product-information/,"Price
        
          
          I need a configuration or price info.",Internal Page,Follow,ERR,,html,No,2,100.00
https://www.leica-microsystems.com/science-lab/life-science/a-guide-to-darkfield-microscopes/,https://www.leica-microsystems.com/contact/contact-us-online-service-support/,"Service & Repair
        
          
           I need repair, technical service, spare parts or service contract.",Internal Page,Follow,ERR,,html,No,2,100.00
https://www.leica-microsystems.com/science-lab/life-science/a-guide-to-darkfield-microscopes/,https://www.leica-microsystems.com/contact/contact-us-online-application-support/,"Application Support
        
          
          I need assistance/training in how to operate my system properly, or how to run a specific application with my system.",Internal Page,Follow,ERR,,html,No,2,100.00
https://www.leica-microsystems.com/science-lab/life-science/a-guide-to-darkfield-microscopes/,https://www.leica-microsystems.com/company/imprint/,Imprint,Internal Page,Follow,ERR,,html,No,2,100.00
https://www.leica-microsystems.com/science-lab/life-science/a-guide-to-darkfield-microscopes/,https://www.leica-microsystems.com/company/cookie-notice/,Cookie Notice,Internal Page,Follow,ERR,,html,No,2,100.00
https://www.leica-microsystems.com/science-lab/life-science/a-guide-to-darkfield-microscopes/,https://www.leica-microsystems.com/company/privacy-policy/,Privacy Policy,Internal Page,Follow,ERR,,html,No,2,100.00
https://www.leica-microsystems.com/science-lab/life-science/a-guide-to-darkfield-microscopes/,https://www.leica-microsystems.com/company/do-not-sell-or-share-my-data/,Do Not Sell or Share my Data,Internal Page,Follow,ERR,,html,No,2,100.00
https://www.leica-microsystems.com/science-lab/life-science/a-guide-to-darkfield-microscopes/,https://www.leica-microsystems.com/company/terms-of-use/,Terms of Use,Internal Page,Follow,ERR,,html,No,2,100.00
