Source URL,Target URL,Link Text,Link Type,Follow Type,HTTP Status,Redirect Chain,Content Type,In Navigation,Link Depth,Link Quality Score
https://mx.allabout.network/,https://mx.allabout.network/,Skip to main content,Internal Page,Follow,ERR,,html,No,0,100.00
https://mx.allabout.network/,https://mx.allabout.network/books/,Books,Internal Page,Follow,ERR,,html,No,1,100.00
https://mx.allabout.network/,https://mx.allabout.network/learn/,Learn,Internal Page,Follow,ERR,,html,No,1,100.00
https://mx.allabout.network/,https://mx.allabout.network/services/,Services,Internal Page,Follow,ERR,,html,No,1,100.00
https://mx.allabout.network/,https://mx.allabout.network/blog/,Blog,Internal Page,Follow,ERR,,html,No,1,100.00
https://mx.allabout.network/,https://mx.allabout.network/about/,About,Internal Page,Follow,ERR,,html,No,1,100.00
https://mx.allabout.network/,https://mx.allabout.network/books/introduction.html,Get the Free Intro,Internal Page,Follow,ERR,,html,No,2,100.00
https://mx.allabout.network/,https://mx.allabout.network/books/the-author.html,"Training
            Workshops for teams, content strategists, and leadership.",Internal Page,Follow,ERR,,html,No,2,100.00
https://mx.allabout.network/,https://mx.allabout.network/services/our-services.html,"Consultancy
            MX audits, mentoring, and implementation support.",Internal Page,Follow,ERR,,html,No,2,100.00
https://mx.allabout.network/,https://mx.allabout.network/about/printworks.html,"MX Printworks
            Publishing for the AI age. Books built for humans and machines.",Internal Page,Follow,ERR,,html,No,2,100.00
https://mx.allabout.network/,https://mx.allabout.network/books/handbook.html,"MX: The Handbook
            Patterns you can implement this week.",Internal Page,Follow,ERR,,html,No,2,100.00
https://mx.allabout.network/,https://mx.allabout.network/books/protocols.html,"MX: The Protocols
            The definitive reference. Architecture, standards, and the five-stage journey.",Internal Page,Follow,ERR,,html,No,2,100.00
https://mx.allabout.network/,https://mx.allabout.network/services/our-approach.html,"Mentoring
            Ongoing advisory for teams implementing MX. Architecture guidance and hands-on support.",Internal Page,Follow,ERR,,html,No,2,100.00
https://mx.allabout.network/,https://mx.allabout.network/services/examples.html,"Examples
            MX in practice. Real-world implementations across different industries and platforms.",Internal Page,Follow,ERR,,html,No,2,100.00
https://mx.allabout.network/,https://mx.allabout.network/about/contact.html,Get in touch,Internal Page,Follow,ERR,,html,No,2,100.00
https://mx.allabout.network/books/,https://mx.allabout.network/books/,Skip to main content,Internal Page,Follow,ERR,,html,No,1,100.00
https://mx.allabout.network/books/,https://mx.allabout.network/,,Internal Page,Follow,ERR,,html,No,0,80.00
https://mx.allabout.network/books/,https://mx.allabout.network/learn/,Learn,Internal Page,Follow,ERR,,html,No,1,100.00
https://mx.allabout.network/books/,https://mx.allabout.network/services/,Services,Internal Page,Follow,ERR,,html,No,1,100.00
https://mx.allabout.network/books/,https://mx.allabout.network/blog/,Blog,Internal Page,Follow,ERR,,html,No,1,100.00
https://mx.allabout.network/books/,https://mx.allabout.network/about/,About,Internal Page,Follow,ERR,,html,No,1,100.00
https://mx.allabout.network/books/,https://mx.allabout.network/books/handbook.html,Get the Handbook,Internal Page,Follow,ERR,,html,No,2,100.00
https://mx.allabout.network/books/,https://mx.allabout.network/books/introduction.html,Download Free,Internal Page,Follow,ERR,,html,No,2,100.00
https://mx.allabout.network/books/,https://mx.allabout.network/books/protocols.html,Learn More,Internal Page,Follow,ERR,,html,No,2,100.00
https://mx.allabout.network/books/,https://mx.allabout.network/books/the-author.html,Full Profile,Internal Page,Follow,ERR,,html,No,2,100.00
https://mx.allabout.network/books/,https://mx.allabout.network/books/training-vs-inference.html,Read,Internal Page,Follow,ERR,,html,No,2,100.00
https://mx.allabout.network/books/,https://mx.allabout.network/books/footnotes.html,View,Internal Page,Follow,ERR,,html,No,2,100.00
https://mx.allabout.network/books/,https://mx.allabout.network/books/appendices/,Browse,Internal Page,Follow,ERR,,html,No,2,100.00
https://mx.allabout.network/books/introduction.html,https://mx.allabout.network/books/introduction.html,Skip to main content,Internal Page,Follow,ERR,,html,No,2,100.00
https://mx.allabout.network/books/introduction.html,https://mx.allabout.network/,,Internal Page,Follow,ERR,,html,No,0,80.00
https://mx.allabout.network/books/introduction.html,https://mx.allabout.network/books/,Books,Internal Page,Follow,ERR,,html,No,1,100.00
https://mx.allabout.network/books/introduction.html,https://mx.allabout.network/learn/,Learn,Internal Page,Follow,ERR,,html,No,1,100.00
https://mx.allabout.network/books/introduction.html,https://mx.allabout.network/services/,Services,Internal Page,Follow,ERR,,html,No,1,100.00
https://mx.allabout.network/books/introduction.html,https://mx.allabout.network/blog/,Blog,Internal Page,Follow,ERR,,html,No,1,100.00
https://mx.allabout.network/books/introduction.html,https://mx.allabout.network/about/,About,Internal Page,Follow,ERR,,html,No,1,100.00
https://mx.allabout.network/books/introduction.html,https://mx.allabout.network/books/download-intro,Download PDF,Internal Page,Follow,ERR,,html,No,2,100.00
https://mx.allabout.network/books/introduction.html,https://mx.allabout.network/books/handbook.html,MX: The Handbook,Internal Page,Follow,ERR,,html,No,2,100.00
https://mx.allabout.network/books/introduction.html,https://mx.allabout.network/books/protocols.html,MX: The Protocols,Internal Page,Follow,ERR,,html,No,2,100.00
https://mx.allabout.network/books/handbook.html,https://mx.allabout.network/books/handbook.html,Skip to main content,Internal Page,Follow,ERR,,html,No,2,100.00
https://mx.allabout.network/books/handbook.html,https://mx.allabout.network/,,Internal Page,Follow,ERR,,html,No,0,80.00
https://mx.allabout.network/books/handbook.html,https://mx.allabout.network/books/,Books,Internal Page,Follow,ERR,,html,No,1,100.00
https://mx.allabout.network/books/handbook.html,https://mx.allabout.network/learn/,Learn,Internal Page,Follow,ERR,,html,No,1,100.00
https://mx.allabout.network/books/handbook.html,https://mx.allabout.network/services/,Services,Internal Page,Follow,ERR,,html,No,1,100.00
https://mx.allabout.network/books/handbook.html,https://mx.allabout.network/blog/,Blog,Internal Page,Follow,ERR,,html,No,1,100.00
https://mx.allabout.network/books/handbook.html,https://mx.allabout.network/about/,About,Internal Page,Follow,ERR,,html,No,1,100.00
https://mx.allabout.network/books/handbook.html,https://mx.allabout.network/books/introduction.html,Introduction,Internal Page,Follow,ERR,,html,No,2,100.00
https://mx.allabout.network/books/handbook.html,https://mx.allabout.network/books/protocols.html,MX: The Protocols,Internal Page,Follow,ERR,,html,No,2,100.00
https://mx.allabout.network/books/protocols.html,https://mx.allabout.network/books/protocols.html,Skip to main content,Internal Page,Follow,ERR,,html,No,2,100.00
https://mx.allabout.network/books/protocols.html,https://mx.allabout.network/,,Internal Page,Follow,ERR,,html,No,0,80.00
https://mx.allabout.network/books/protocols.html,https://mx.allabout.network/books/,Books,Internal Page,Follow,ERR,,html,No,1,100.00
https://mx.allabout.network/books/protocols.html,https://mx.allabout.network/learn/,Learn,Internal Page,Follow,ERR,,html,No,1,100.00
https://mx.allabout.network/books/protocols.html,https://mx.allabout.network/services/,Services,Internal Page,Follow,ERR,,html,No,1,100.00
https://mx.allabout.network/books/protocols.html,https://mx.allabout.network/blog/,Blog,Internal Page,Follow,ERR,,html,No,1,100.00
https://mx.allabout.network/books/protocols.html,https://mx.allabout.network/about/,About,Internal Page,Follow,ERR,,html,No,1,100.00
https://mx.allabout.network/books/protocols.html,https://mx.allabout.network/books/handbook.html,The Handbook,Internal Page,Follow,ERR,,html,No,2,100.00
https://mx.allabout.network/books/protocols.html,https://mx.allabout.network/books/introduction.html,Introduction,Internal Page,Follow,ERR,,html,No,2,100.00
https://mx.allabout.network/books/the-author.html,https://mx.allabout.network/books/the-author.html,Skip to main content,Internal Page,Follow,ERR,,html,No,2,100.00
https://mx.allabout.network/books/the-author.html,https://mx.allabout.network/,,Internal Page,Follow,ERR,,html,No,0,80.00
https://mx.allabout.network/books/the-author.html,https://mx.allabout.network/books/,Books,Internal Page,Follow,ERR,,html,No,1,100.00
https://mx.allabout.network/books/the-author.html,https://mx.allabout.network/learn/,Learn,Internal Page,Follow,ERR,,html,No,1,100.00
https://mx.allabout.network/books/the-author.html,https://mx.allabout.network/services/,Services,Internal Page,Follow,ERR,,html,No,1,100.00
https://mx.allabout.network/books/the-author.html,https://mx.allabout.network/blog/,Blog,Internal Page,Follow,ERR,,html,No,1,100.00
https://mx.allabout.network/books/the-author.html,https://mx.allabout.network/about/,About,Internal Page,Follow,ERR,,html,No,1,100.00
https://mx.allabout.network/books/the-author.html,https://mx.allabout.network/books/introduction.html,MX: The Introduction,Internal Page,Follow,ERR,,html,No,2,100.00
https://mx.allabout.network/books/the-author.html,https://mx.allabout.network/books/handbook.html,MX: The Handbook,Internal Page,Follow,ERR,,html,No,2,100.00
https://mx.allabout.network/books/the-author.html,https://mx.allabout.network/books/protocols.html,MX: The Protocols,Internal Page,Follow,ERR,,html,No,2,100.00
https://mx.allabout.network/books/training-vs-inference.html,https://mx.allabout.network/books/training-vs-inference.html,Skip to main content,Internal Page,Follow,ERR,,html,No,2,100.00
https://mx.allabout.network/books/training-vs-inference.html,https://mx.allabout.network/,,Internal Page,Follow,ERR,,html,No,0,80.00
https://mx.allabout.network/books/training-vs-inference.html,https://mx.allabout.network/books/,Books,Internal Page,Follow,ERR,,html,No,1,100.00
https://mx.allabout.network/books/training-vs-inference.html,https://mx.allabout.network/learn/,Learn,Internal Page,Follow,ERR,,html,No,1,100.00
https://mx.allabout.network/books/training-vs-inference.html,https://mx.allabout.network/services/,Services,Internal Page,Follow,ERR,,html,No,1,100.00
https://mx.allabout.network/books/training-vs-inference.html,https://mx.allabout.network/blog/,Blog,Internal Page,Follow,ERR,,html,No,1,100.00
https://mx.allabout.network/books/training-vs-inference.html,https://mx.allabout.network/about/,About,Internal Page,Follow,ERR,,html,No,1,100.00
https://mx.allabout.network/books/training-vs-inference.html,https://mx.allabout.network/books/introduction.html,MX: The Introduction,Internal Page,Follow,ERR,,html,No,2,100.00
https://mx.allabout.network/books/training-vs-inference.html,https://mx.allabout.network/books/handbook.html,MX: The Handbook,Internal Page,Follow,ERR,,html,No,2,100.00
https://mx.allabout.network/books/training-vs-inference.html,https://mx.allabout.network/books/mx-introduction-chapter.pdf,Read the Introduction,Internal Page,Follow,ERR,,html,No,2,100.00
https://mx.allabout.network/books/footnotes.html,https://mx.allabout.network/books/footnotes.html,Skip to main content,Internal Page,Follow,ERR,,html,No,2,100.00
https://mx.allabout.network/books/footnotes.html,https://mx.allabout.network/,,Internal Page,Follow,ERR,,html,No,0,80.00
https://mx.allabout.network/books/footnotes.html,https://mx.allabout.network/books/,Books,Internal Page,Follow,ERR,,html,No,1,100.00
https://mx.allabout.network/books/footnotes.html,https://mx.allabout.network/learn/,Learn,Internal Page,Follow,ERR,,html,No,1,100.00
https://mx.allabout.network/books/footnotes.html,https://mx.allabout.network/services/,Services,Internal Page,Follow,ERR,,html,No,1,100.00
https://mx.allabout.network/books/footnotes.html,https://mx.allabout.network/blog/,Blog,Internal Page,Follow,ERR,,html,No,1,100.00
https://mx.allabout.network/books/footnotes.html,https://mx.allabout.network/about/,About,Internal Page,Follow,ERR,,html,No,1,100.00
https://mx.allabout.network/books/footnotes.html,https://mx.allabout.network/blog/data-sovereignty.html,Data sovereignty (CogNovaMX blog),Internal Page,Follow,ERR,,html,No,2,100.00
https://mx.allabout.network/books/footnotes.html,https://mx.allabout.network/blog/principles-changed-how-i-build.html,Principles changed how I build (CogNovaMX blog),Internal Page,Follow,ERR,,html,No,2,100.00
https://mx.allabout.network/books/footnotes.html,https://mx.allabout.network/books/appendices/,View all appendices →,Internal Page,Follow,ERR,,html,No,2,100.00
https://mx.allabout.network/books/footnotes.html,https://mx.allabout.network/books/appendices/appendix-a.html,Appendix A: Implementation Cookbook,Internal Page,Follow,ERR,,html,No,3,100.00
https://mx.allabout.network/books/footnotes.html,https://mx.allabout.network/books/appendices/appendix-b.html,Appendix B: Proven Lessons,Internal Page,Follow,ERR,,html,No,3,100.00
https://mx.allabout.network/books/footnotes.html,https://mx.allabout.network/books/appendices/appendix-c.html,Appendix C: Web Audit Suite User Guide,Internal Page,Follow,ERR,,html,No,3,100.00
https://mx.allabout.network/books/footnotes.html,https://mx.allabout.network/books/appendices/appendix-d.html,Appendix D: AI-Friendly HTML Guide,Internal Page,Follow,ERR,,html,No,3,100.00
https://mx.allabout.network/books/footnotes.html,https://mx.allabout.network/books/appendices/appendix-e.html,Appendix E: AI Patterns Quick Reference,Internal Page,Follow,ERR,,html,No,3,100.00
https://mx.allabout.network/books/footnotes.html,https://mx.allabout.network/books/appendices/appendix-f.html,Appendix F: Implementation Roadmap,Internal Page,Follow,ERR,,html,No,3,100.00
https://mx.allabout.network/books/footnotes.html,https://mx.allabout.network/books/appendices/appendix-g.html,Appendix G: Resource Directory,Internal Page,Follow,ERR,,html,No,3,100.00
https://mx.allabout.network/books/footnotes.html,https://mx.allabout.network/books/appendices/appendix-h.html,Appendix H: Example llms.txt File,Internal Page,Follow,ERR,,html,No,3,100.00
https://mx.allabout.network/books/footnotes.html,https://mx.allabout.network/books/appendices/appendix-i.html,Appendix I: Pipeline Failure Case Study,Internal Page,Follow,ERR,,html,No,3,100.00
https://mx.allabout.network/books/footnotes.html,https://mx.allabout.network/books/appendices/appendix-j.html,Appendix J: Industry Developments,Internal Page,Follow,ERR,,html,No,3,100.00
https://mx.allabout.network/books/footnotes.html,https://mx.allabout.network/books/appendices/appendix-k.html,Appendix K: Common Page Patterns,Internal Page,Follow,ERR,,html,No,3,100.00
https://mx.allabout.network/books/faq.html,https://mx.allabout.network/books/faq.html,Skip to main content,Internal Page,Follow,ERR,,html,No,2,100.00
https://mx.allabout.network/books/faq.html,https://mx.allabout.network/,,Internal Page,Follow,ERR,,html,No,0,80.00
https://mx.allabout.network/books/faq.html,https://mx.allabout.network/books/,Books,Internal Page,Follow,ERR,,html,No,1,100.00
https://mx.allabout.network/books/faq.html,https://mx.allabout.network/learn/,Learn,Internal Page,Follow,ERR,,html,No,1,100.00
https://mx.allabout.network/books/faq.html,https://mx.allabout.network/services/,Services,Internal Page,Follow,ERR,,html,No,1,100.00
https://mx.allabout.network/books/faq.html,https://mx.allabout.network/blog/,Blog,Internal Page,Follow,ERR,,html,No,1,100.00
https://mx.allabout.network/books/faq.html,https://mx.allabout.network/about/,About,Internal Page,Follow,ERR,,html,No,1,100.00
https://mx.allabout.network/books/faq.html,https://mx.allabout.network/books/index.html,full chapter outline on the book homepage,Internal Page,Follow,ERR,,html,No,2,100.00
https://mx.allabout.network/books/faq.html,https://mx.allabout.network/books/appendices/,the appendices index,Internal Page,Follow,ERR,,html,No,2,100.00
https://mx.allabout.network/books/faq.html,https://mx.allabout.network/books/appendices/appendix-f.html,Appendix F (Implementation Roadmap),Internal Page,Follow,ERR,,html,No,3,100.00
https://mx.allabout.network/books/faq.html,https://mx.allabout.network/books/appendices/appendix-a.html,Appendix A (Implementation Cookbook),Internal Page,Follow,ERR,,html,No,3,100.00
https://mx.allabout.network/books/faq.html,https://mx.allabout.network/books/appendices/appendix-c.html,Appendix C,Internal Page,Follow,ERR,,html,No,3,100.00
https://mx.allabout.network/books/faq.html,https://mx.allabout.network/books/appendices/appendix-d.html,Appendix D,Internal Page,Follow,ERR,,html,No,3,100.00
https://mx.allabout.network/learn/,https://mx.allabout.network/learn/,Skip to main content,Internal Page,Follow,ERR,,html,No,1,100.00
https://mx.allabout.network/learn/,https://mx.allabout.network/,,Internal Page,Follow,ERR,,html,No,0,80.00
https://mx.allabout.network/learn/,https://mx.allabout.network/books/,Books,Internal Page,Follow,ERR,,html,No,1,100.00
https://mx.allabout.network/learn/,https://mx.allabout.network/services/,Services,Internal Page,Follow,ERR,,html,No,1,100.00
https://mx.allabout.network/learn/,https://mx.allabout.network/blog/,Blog,Internal Page,Follow,ERR,,html,No,1,100.00
https://mx.allabout.network/learn/,https://mx.allabout.network/about/,About,Internal Page,Follow,ERR,,html,No,1,100.00
https://mx.allabout.network/learn/,https://mx.allabout.network/learn/what-is-mx.html,Read More,Internal Page,Follow,ERR,,html,No,2,100.00
https://mx.allabout.network/learn/,https://mx.allabout.network/learn/why-mx-matters.html,Read More,Internal Page,Follow,ERR,,html,No,2,100.00
https://mx.allabout.network/learn/,https://mx.allabout.network/learn/key-principles.html,Read More,Internal Page,Follow,ERR,,html,No,2,100.00
https://mx.allabout.network/learn/,https://mx.allabout.network/learn/benefits.html,Read More,Internal Page,Follow,ERR,,html,No,2,100.00
https://mx.allabout.network/learn/,https://mx.allabout.network/learn/explicit-over-implicit.html,Read More,Internal Page,Follow,ERR,,html,No,2,100.00
https://mx.allabout.network/learn/,https://mx.allabout.network/learn/common-mistakes.html,Read More,Internal Page,Follow,ERR,,html,No,2,100.00
https://mx.allabout.network/learn/,https://mx.allabout.network/learn/mx-principles.html,Read More,Internal Page,Follow,ERR,,html,No,2,100.00
https://mx.allabout.network/learn/,https://mx.allabout.network/books/training-vs-inference.html,Read More,Internal Page,Follow,ERR,,html,No,2,100.00
https://mx.allabout.network/learn/,https://mx.allabout.network/learn/accessibility-ai-convergence.html,Read More,Internal Page,Follow,ERR,,html,No,2,100.00
https://mx.allabout.network/learn/,https://mx.allabout.network/about/contact.html,get in touch,Internal Page,Follow,ERR,,html,No,2,100.00
https://mx.allabout.network/learn/what-is-mx.html,https://mx.allabout.network/learn/what-is-mx.html,Skip to main content,Internal Page,Follow,ERR,,html,No,2,100.00
https://mx.allabout.network/learn/what-is-mx.html,https://mx.allabout.network/,,Internal Page,Follow,ERR,,html,No,0,80.00
https://mx.allabout.network/learn/what-is-mx.html,https://mx.allabout.network/books/,Books,Internal Page,Follow,ERR,,html,No,1,100.00
https://mx.allabout.network/learn/what-is-mx.html,https://mx.allabout.network/learn/,Learn,Internal Page,Follow,ERR,,html,No,1,100.00
https://mx.allabout.network/learn/what-is-mx.html,https://mx.allabout.network/services/,Services,Internal Page,Follow,ERR,,html,No,1,100.00
https://mx.allabout.network/learn/what-is-mx.html,https://mx.allabout.network/blog/,Blog,Internal Page,Follow,ERR,,html,No,1,100.00
https://mx.allabout.network/learn/what-is-mx.html,https://mx.allabout.network/about/,About,Internal Page,Follow,ERR,,html,No,1,100.00
https://mx.allabout.network/learn/what-is-mx.html,https://mx.allabout.network/learn/why-mx-matters.html,Why MX Matters,Internal Page,Follow,ERR,,html,No,2,100.00
https://mx.allabout.network/learn/what-is-mx.html,https://mx.allabout.network/learn/key-principles.html,Key MX Principles,Internal Page,Follow,ERR,,html,No,2,100.00
https://mx.allabout.network/learn/what-is-mx.html,https://mx.allabout.network/services/examples.html,Implementation Examples,Internal Page,Follow,ERR,,html,No,2,100.00
https://mx.allabout.network/learn/what-is-mx.html,https://mx.allabout.network/about/contact.html,Get MX Consultation →,Internal Page,Follow,ERR,,html,No,2,100.00
https://mx.allabout.network/learn/what-is-mx.html,https://mx.allabout.network/learn/benefits.html,Benefits of MX,Internal Page,Follow,ERR,,html,No,2,100.00
https://mx.allabout.network/learn/what-is-mx.html,https://mx.allabout.network/learn/explicit-over-implicit.html,Explicit Over Implicit,Internal Page,Follow,ERR,,html,No,2,100.00
https://mx.allabout.network/learn/what-is-mx.html,https://mx.allabout.network/learn/common-mistakes.html,Common Mistakes,Internal Page,Follow,ERR,,html,No,2,100.00
https://mx.allabout.network/learn/what-is-mx.html,https://mx.allabout.network/learn/accessibility-ai-convergence.html,Accessibility & AI,Internal Page,Follow,ERR,,html,No,2,100.00
https://mx.allabout.network/learn/why-mx-matters.html,https://mx.allabout.network/learn/why-mx-matters.html,Skip to main content,Internal Page,Follow,ERR,,html,No,2,100.00
https://mx.allabout.network/learn/why-mx-matters.html,https://mx.allabout.network/,,Internal Page,Follow,ERR,,html,No,0,80.00
https://mx.allabout.network/learn/why-mx-matters.html,https://mx.allabout.network/books/,Books,Internal Page,Follow,ERR,,html,No,1,100.00
https://mx.allabout.network/learn/why-mx-matters.html,https://mx.allabout.network/learn/,Learn,Internal Page,Follow,ERR,,html,No,1,100.00
https://mx.allabout.network/learn/why-mx-matters.html,https://mx.allabout.network/services/,Services,Internal Page,Follow,ERR,,html,No,1,100.00
https://mx.allabout.network/learn/why-mx-matters.html,https://mx.allabout.network/blog/,Blog,Internal Page,Follow,ERR,,html,No,1,100.00
https://mx.allabout.network/learn/why-mx-matters.html,https://mx.allabout.network/about/,About,Internal Page,Follow,ERR,,html,No,1,100.00
https://mx.allabout.network/learn/why-mx-matters.html,https://mx.allabout.network/learn/key-principles.html,Key MX Principles,Internal Page,Follow,ERR,,html,No,2,100.00
https://mx.allabout.network/learn/why-mx-matters.html,https://mx.allabout.network/services/examples.html,Implementation Examples,Internal Page,Follow,ERR,,html,No,2,100.00
https://mx.allabout.network/learn/why-mx-matters.html,https://mx.allabout.network/services/our-services.html,Our Services,Internal Page,Follow,ERR,,html,No,2,100.00
https://mx.allabout.network/learn/why-mx-matters.html,https://mx.allabout.network/about/contact.html,Get MX Consultation,Internal Page,Follow,ERR,,html,No,2,100.00
https://mx.allabout.network/learn/why-mx-matters.html,https://mx.allabout.network/learn/what-is-mx.html,What is MX?,Internal Page,Follow,ERR,,html,No,2,100.00
https://mx.allabout.network/learn/why-mx-matters.html,https://mx.allabout.network/learn/benefits.html,Benefits of MX,Internal Page,Follow,ERR,,html,No,2,100.00
https://mx.allabout.network/learn/why-mx-matters.html,https://mx.allabout.network/learn/explicit-over-implicit.html,Explicit Over Implicit,Internal Page,Follow,ERR,,html,No,2,100.00
https://mx.allabout.network/learn/why-mx-matters.html,https://mx.allabout.network/learn/common-mistakes.html,Common Mistakes,Internal Page,Follow,ERR,,html,No,2,100.00
https://mx.allabout.network/learn/why-mx-matters.html,https://mx.allabout.network/learn/accessibility-ai-convergence.html,Accessibility & AI,Internal Page,Follow,ERR,,html,No,2,100.00
https://mx.allabout.network/learn/key-principles.html,https://mx.allabout.network/learn/key-principles.html,Skip to main content,Internal Page,Follow,ERR,,html,No,2,100.00
https://mx.allabout.network/learn/key-principles.html,https://mx.allabout.network/,,Internal Page,Follow,ERR,,html,No,0,80.00
https://mx.allabout.network/learn/key-principles.html,https://mx.allabout.network/books/,Books,Internal Page,Follow,ERR,,html,No,1,100.00
https://mx.allabout.network/learn/key-principles.html,https://mx.allabout.network/learn/,Learn,Internal Page,Follow,ERR,,html,No,1,100.00
https://mx.allabout.network/learn/key-principles.html,https://mx.allabout.network/services/,Services,Internal Page,Follow,ERR,,html,No,1,100.00
https://mx.allabout.network/learn/key-principles.html,https://mx.allabout.network/blog/,Blog,Internal Page,Follow,ERR,,html,No,1,100.00
https://mx.allabout.network/learn/key-principles.html,https://mx.allabout.network/about/,About,Internal Page,Follow,ERR,,html,No,1,100.00
https://mx.allabout.network/learn/key-principles.html,https://mx.allabout.network/learn/accessibility-ai-convergence.html,Accessibility ↔ AI Convergence,Internal Page,Follow,ERR,,html,No,2,100.00
https://mx.allabout.network/learn/key-principles.html,https://mx.allabout.network/learn/explicit-over-implicit.html,Explicit Over Implicit,Internal Page,Follow,ERR,,html,No,2,100.00
https://mx.allabout.network/learn/key-principles.html,https://mx.allabout.network/services/our-services.html,Our Services,Internal Page,Follow,ERR,,html,No,2,100.00
https://mx.allabout.network/learn/key-principles.html,https://mx.allabout.network/about/contact.html,Get MX Consultation,Internal Page,Follow,ERR,,html,No,2,100.00
https://mx.allabout.network/learn/key-principles.html,https://mx.allabout.network/learn/what-is-mx.html,What is MX?,Internal Page,Follow,ERR,,html,No,2,100.00
https://mx.allabout.network/learn/key-principles.html,https://mx.allabout.network/learn/why-mx-matters.html,Why MX Matters,Internal Page,Follow,ERR,,html,No,2,100.00
https://mx.allabout.network/learn/key-principles.html,https://mx.allabout.network/learn/benefits.html,Benefits of MX,Internal Page,Follow,ERR,,html,No,2,100.00
https://mx.allabout.network/learn/key-principles.html,https://mx.allabout.network/learn/common-mistakes.html,Common Mistakes,Internal Page,Follow,ERR,,html,No,2,100.00
https://mx.allabout.network/learn/mx-principles.html,https://mx.allabout.network/learn/mx-principles.html,Skip to main content,Internal Page,Follow,ERR,,html,No,2,100.00
https://mx.allabout.network/learn/mx-principles.html,https://mx.allabout.network/,,Internal Page,Follow,ERR,,html,No,0,80.00
https://mx.allabout.network/learn/mx-principles.html,https://mx.allabout.network/books/,Books,Internal Page,Follow,ERR,,html,No,1,100.00
https://mx.allabout.network/learn/mx-principles.html,https://mx.allabout.network/learn/,Learn,Internal Page,Follow,ERR,,html,No,1,100.00
https://mx.allabout.network/learn/mx-principles.html,https://mx.allabout.network/services/,Services,Internal Page,Follow,ERR,,html,No,1,100.00
https://mx.allabout.network/learn/mx-principles.html,https://mx.allabout.network/blog/,Blog,Internal Page,Follow,ERR,,html,No,1,100.00
https://mx.allabout.network/learn/mx-principles.html,https://mx.allabout.network/about/,About,Internal Page,Follow,ERR,,html,No,1,100.00
https://mx.allabout.network/learn/mx-principles.html,https://mx.allabout.network/learn/key-principles.html,Key Principles: The Three Pillars,Internal Page,Follow,ERR,,html,No,2,100.00
https://mx.allabout.network/learn/mx-principles.html,https://mx.allabout.network/blog/principles-changed-how-i-build.html,How These Principles Changed How I Build,Internal Page,Follow,ERR,,html,No,2,100.00
https://mx.allabout.network/learn/benefits.html,https://mx.allabout.network/learn/benefits.html,Skip to main content,Internal Page,Follow,ERR,,html,No,2,100.00
https://mx.allabout.network/learn/benefits.html,https://mx.allabout.network/,,Internal Page,Follow,ERR,,html,No,0,80.00
https://mx.allabout.network/learn/benefits.html,https://mx.allabout.network/books/,Books,Internal Page,Follow,ERR,,html,No,1,100.00
https://mx.allabout.network/learn/benefits.html,https://mx.allabout.network/learn/,Learn,Internal Page,Follow,ERR,,html,No,1,100.00
https://mx.allabout.network/learn/benefits.html,https://mx.allabout.network/services/,Services,Internal Page,Follow,ERR,,html,No,1,100.00
https://mx.allabout.network/learn/benefits.html,https://mx.allabout.network/blog/,Blog,Internal Page,Follow,ERR,,html,No,1,100.00
https://mx.allabout.network/learn/benefits.html,https://mx.allabout.network/about/,About,Internal Page,Follow,ERR,,html,No,1,100.00
https://mx.allabout.network/learn/benefits.html,https://mx.allabout.network/services/our-approach.html,Learn Our Approach,Internal Page,Follow,ERR,,html,No,2,100.00
https://mx.allabout.network/learn/benefits.html,https://mx.allabout.network/services/our-services.html,Explore Our Services,Internal Page,Follow,ERR,,html,No,2,100.00
https://mx.allabout.network/learn/benefits.html,https://mx.allabout.network/about/contact.html,Get Started,Internal Page,Follow,ERR,,html,No,2,100.00
https://mx.allabout.network/learn/benefits.html,https://mx.allabout.network/learn/what-is-mx.html,What is MX?,Internal Page,Follow,ERR,,html,No,2,100.00
https://mx.allabout.network/learn/benefits.html,https://mx.allabout.network/learn/why-mx-matters.html,Why MX Matters,Internal Page,Follow,ERR,,html,No,2,100.00
https://mx.allabout.network/learn/benefits.html,https://mx.allabout.network/learn/key-principles.html,Key Principles,Internal Page,Follow,ERR,,html,No,2,100.00
https://mx.allabout.network/learn/benefits.html,https://mx.allabout.network/learn/explicit-over-implicit.html,Explicit Over Implicit,Internal Page,Follow,ERR,,html,No,2,100.00
https://mx.allabout.network/learn/benefits.html,https://mx.allabout.network/learn/common-mistakes.html,Common Mistakes,Internal Page,Follow,ERR,,html,No,2,100.00
https://mx.allabout.network/learn/benefits.html,https://mx.allabout.network/learn/accessibility-ai-convergence.html,Accessibility & AI,Internal Page,Follow,ERR,,html,No,2,100.00
https://mx.allabout.network/learn/explicit-over-implicit.html,https://mx.allabout.network/learn/explicit-over-implicit.html,Skip to main content,Internal Page,Follow,ERR,,html,No,2,100.00
https://mx.allabout.network/learn/explicit-over-implicit.html,https://mx.allabout.network/,,Internal Page,Follow,ERR,,html,No,0,80.00
https://mx.allabout.network/learn/explicit-over-implicit.html,https://mx.allabout.network/books/,Books,Internal Page,Follow,ERR,,html,No,1,100.00
https://mx.allabout.network/learn/explicit-over-implicit.html,https://mx.allabout.network/learn/,Learn,Internal Page,Follow,ERR,,html,No,1,100.00
https://mx.allabout.network/learn/explicit-over-implicit.html,https://mx.allabout.network/services/,Services,Internal Page,Follow,ERR,,html,No,1,100.00
https://mx.allabout.network/learn/explicit-over-implicit.html,https://mx.allabout.network/blog/,Blog,Internal Page,Follow,ERR,,html,No,1,100.00
https://mx.allabout.network/learn/explicit-over-implicit.html,https://mx.allabout.network/about/,About,Internal Page,Follow,ERR,,html,No,1,100.00
https://mx.allabout.network/learn/explicit-over-implicit.html,https://mx.allabout.network/services/examples.html,Implementation Examples,Internal Page,Follow,ERR,,html,No,2,100.00
https://mx.allabout.network/learn/explicit-over-implicit.html,https://mx.allabout.network/services/our-services.html,Get MX Audit,Internal Page,Follow,ERR,,html,No,2,100.00
https://mx.allabout.network/learn/explicit-over-implicit.html,https://mx.allabout.network/learn/what-is-mx.html,What is MX?,Internal Page,Follow,ERR,,html,No,2,100.00
https://mx.allabout.network/learn/explicit-over-implicit.html,https://mx.allabout.network/learn/why-mx-matters.html,Why MX Matters,Internal Page,Follow,ERR,,html,No,2,100.00
https://mx.allabout.network/learn/explicit-over-implicit.html,https://mx.allabout.network/learn/key-principles.html,Key Principles,Internal Page,Follow,ERR,,html,No,2,100.00
https://mx.allabout.network/learn/explicit-over-implicit.html,https://mx.allabout.network/learn/benefits.html,Benefits of MX,Internal Page,Follow,ERR,,html,No,2,100.00
https://mx.allabout.network/learn/explicit-over-implicit.html,https://mx.allabout.network/learn/common-mistakes.html,Common Mistakes,Internal Page,Follow,ERR,,html,No,2,100.00
https://mx.allabout.network/learn/explicit-over-implicit.html,https://mx.allabout.network/learn/accessibility-ai-convergence.html,Accessibility & AI,Internal Page,Follow,ERR,,html,No,2,100.00
https://mx.allabout.network/learn/explicit-over-implicit.html,https://mx.allabout.network/about/contact.html,get in touch,Internal Page,Follow,ERR,,html,No,2,100.00
https://mx.allabout.network/learn/common-mistakes.html,https://mx.allabout.network/learn/common-mistakes.html,Skip to main content,Internal Page,Follow,ERR,,html,No,2,100.00
https://mx.allabout.network/learn/common-mistakes.html,https://mx.allabout.network/,,Internal Page,Follow,ERR,,html,No,0,80.00
https://mx.allabout.network/learn/common-mistakes.html,https://mx.allabout.network/books/,Books,Internal Page,Follow,ERR,,html,No,1,100.00
https://mx.allabout.network/learn/common-mistakes.html,https://mx.allabout.network/learn/,Learn,Internal Page,Follow,ERR,,html,No,1,100.00
https://mx.allabout.network/learn/common-mistakes.html,https://mx.allabout.network/services/,Services,Internal Page,Follow,ERR,,html,No,1,100.00
https://mx.allabout.network/learn/common-mistakes.html,https://mx.allabout.network/blog/,Blog,Internal Page,Follow,ERR,,html,No,1,100.00
https://mx.allabout.network/learn/common-mistakes.html,https://mx.allabout.network/about/,About,Internal Page,Follow,ERR,,html,No,1,100.00
https://mx.allabout.network/learn/common-mistakes.html,https://mx.allabout.network/services/examples.html,See Success Patterns,Internal Page,Follow,ERR,,html,No,2,100.00
https://mx.allabout.network/learn/common-mistakes.html,https://mx.allabout.network/learn/benefits.html,Understand the Benefits,Internal Page,Follow,ERR,,html,No,2,100.00
https://mx.allabout.network/learn/common-mistakes.html,https://mx.allabout.network/services/our-services.html,Get Professional Audit,Internal Page,Follow,ERR,,html,No,2,100.00
https://mx.allabout.network/learn/common-mistakes.html,https://mx.allabout.network/learn/what-is-mx.html,What is MX?,Internal Page,Follow,ERR,,html,No,2,100.00
https://mx.allabout.network/learn/common-mistakes.html,https://mx.allabout.network/learn/why-mx-matters.html,Why MX Matters,Internal Page,Follow,ERR,,html,No,2,100.00
https://mx.allabout.network/learn/common-mistakes.html,https://mx.allabout.network/learn/key-principles.html,Key Principles,Internal Page,Follow,ERR,,html,No,2,100.00
https://mx.allabout.network/learn/common-mistakes.html,https://mx.allabout.network/learn/explicit-over-implicit.html,Explicit Over Implicit,Internal Page,Follow,ERR,,html,No,2,100.00
https://mx.allabout.network/learn/common-mistakes.html,https://mx.allabout.network/learn/accessibility-ai-convergence.html,Accessibility & AI,Internal Page,Follow,ERR,,html,No,2,100.00
https://mx.allabout.network/learn/accessibility-ai-convergence.html,https://mx.allabout.network/learn/accessibility-ai-convergence.html,Skip to main content,Internal Page,Follow,ERR,,html,No,2,100.00
https://mx.allabout.network/learn/accessibility-ai-convergence.html,https://mx.allabout.network/,,Internal Page,Follow,ERR,,html,No,0,80.00
https://mx.allabout.network/learn/accessibility-ai-convergence.html,https://mx.allabout.network/books/,Books,Internal Page,Follow,ERR,,html,No,1,100.00
https://mx.allabout.network/learn/accessibility-ai-convergence.html,https://mx.allabout.network/learn/,Learn,Internal Page,Follow,ERR,,html,No,1,100.00
https://mx.allabout.network/learn/accessibility-ai-convergence.html,https://mx.allabout.network/services/,Services,Internal Page,Follow,ERR,,html,No,1,100.00
https://mx.allabout.network/learn/accessibility-ai-convergence.html,https://mx.allabout.network/blog/,Blog,Internal Page,Follow,ERR,,html,No,1,100.00
https://mx.allabout.network/learn/accessibility-ai-convergence.html,https://mx.allabout.network/about/,About,Internal Page,Follow,ERR,,html,No,1,100.00
https://mx.allabout.network/learn/accessibility-ai-convergence.html,https://mx.allabout.network/learn/key-principles.html,Back to Key Principles,Internal Page,Follow,ERR,,html,No,2,100.00
https://mx.allabout.network/learn/accessibility-ai-convergence.html,https://mx.allabout.network/learn/explicit-over-implicit.html,Next: Explicit Over Implicit,Internal Page,Follow,ERR,,html,No,2,100.00
https://mx.allabout.network/learn/accessibility-ai-convergence.html,https://mx.allabout.network/services/our-services.html,Get Accessibility Audit,Internal Page,Follow,ERR,,html,No,2,100.00
https://mx.allabout.network/learn/accessibility-ai-convergence.html,https://mx.allabout.network/learn/what-is-mx.html,What is MX?,Internal Page,Follow,ERR,,html,No,2,100.00
https://mx.allabout.network/learn/accessibility-ai-convergence.html,https://mx.allabout.network/learn/why-mx-matters.html,Why MX Matters,Internal Page,Follow,ERR,,html,No,2,100.00
https://mx.allabout.network/learn/accessibility-ai-convergence.html,https://mx.allabout.network/learn/benefits.html,Benefits of MX,Internal Page,Follow,ERR,,html,No,2,100.00
https://mx.allabout.network/learn/accessibility-ai-convergence.html,https://mx.allabout.network/learn/common-mistakes.html,Common Mistakes,Internal Page,Follow,ERR,,html,No,2,100.00
https://mx.allabout.network/learn/accessibility-ai-convergence.html,https://mx.allabout.network/about/contact.html,get in touch,Internal Page,Follow,ERR,,html,No,2,100.00
https://mx.allabout.network/services/,https://mx.allabout.network/services/,Skip to main content,Internal Page,Follow,ERR,,html,No,1,100.00
https://mx.allabout.network/services/,https://mx.allabout.network/,,Internal Page,Follow,ERR,,html,No,0,80.00
https://mx.allabout.network/services/,https://mx.allabout.network/books/,Books,Internal Page,Follow,ERR,,html,No,1,100.00
https://mx.allabout.network/services/,https://mx.allabout.network/learn/,Learn,Internal Page,Follow,ERR,,html,No,1,100.00
https://mx.allabout.network/services/,https://mx.allabout.network/blog/,Blog,Internal Page,Follow,ERR,,html,No,1,100.00
https://mx.allabout.network/services/,https://mx.allabout.network/about/,About,Internal Page,Follow,ERR,,html,No,1,100.00
https://mx.allabout.network/services/,https://mx.allabout.network/about/contact.html,Get in Touch,Internal Page,Follow,ERR,,html,No,2,100.00
https://mx.allabout.network/services/,https://mx.allabout.network/services/our-services.html,Learn More,Internal Page,Follow,ERR,,html,No,2,100.00
https://mx.allabout.network/services/,https://mx.allabout.network/services/our-approach.html,Learn More,Internal Page,Follow,ERR,,html,No,2,100.00
https://mx.allabout.network/services/,https://mx.allabout.network/services/examples.html,See Examples,Internal Page,Follow,ERR,,html,No,2,100.00
https://mx.allabout.network/services/index.html,https://mx.allabout.network/services/,Skip to main content,Internal Page,Follow,ERR,,html,No,1,100.00
https://mx.allabout.network/services/index.html,https://mx.allabout.network/,,Internal Page,Follow,ERR,,html,No,0,80.00
https://mx.allabout.network/services/index.html,https://mx.allabout.network/books/,Books,Internal Page,Follow,ERR,,html,No,1,100.00
https://mx.allabout.network/services/index.html,https://mx.allabout.network/learn/,Learn,Internal Page,Follow,ERR,,html,No,1,100.00
https://mx.allabout.network/services/index.html,https://mx.allabout.network/blog/,Blog,Internal Page,Follow,ERR,,html,No,1,100.00
https://mx.allabout.network/services/index.html,https://mx.allabout.network/about/,About,Internal Page,Follow,ERR,,html,No,1,100.00
https://mx.allabout.network/services/index.html,https://mx.allabout.network/about/contact.html,Get in Touch,Internal Page,Follow,ERR,,html,No,2,100.00
https://mx.allabout.network/services/index.html,https://mx.allabout.network/services/our-services.html,Learn More,Internal Page,Follow,ERR,,html,No,2,100.00
https://mx.allabout.network/services/index.html,https://mx.allabout.network/services/our-approach.html,Learn More,Internal Page,Follow,ERR,,html,No,2,100.00
https://mx.allabout.network/services/index.html,https://mx.allabout.network/services/examples.html,See Examples,Internal Page,Follow,ERR,,html,No,2,100.00
https://mx.allabout.network/services/our-services.html,https://mx.allabout.network/services/our-services.html,Skip to main content,Internal Page,Follow,ERR,,html,No,2,100.00
https://mx.allabout.network/services/our-services.html,https://mx.allabout.network/,,Internal Page,Follow,ERR,,html,No,0,80.00
https://mx.allabout.network/services/our-services.html,https://mx.allabout.network/books/,Books,Internal Page,Follow,ERR,,html,No,1,100.00
https://mx.allabout.network/services/our-services.html,https://mx.allabout.network/learn/,Learn,Internal Page,Follow,ERR,,html,No,1,100.00
https://mx.allabout.network/services/our-services.html,https://mx.allabout.network/services/,Services,Internal Page,Follow,ERR,,html,No,1,100.00
https://mx.allabout.network/services/our-services.html,https://mx.allabout.network/blog/,Blog,Internal Page,Follow,ERR,,html,No,1,100.00
https://mx.allabout.network/services/our-services.html,https://mx.allabout.network/about/,About,Internal Page,Follow,ERR,,html,No,1,100.00
https://mx.allabout.network/services/our-services.html,https://mx.allabout.network/about/contact.html,Request Assessment →,Internal Page,Follow,ERR,,html,No,2,100.00
https://mx.allabout.network/services/our-services.html,https://mx.allabout.network/learn/what-is-mx.html,Learn More About MX,Internal Page,Follow,ERR,,html,No,2,100.00
https://mx.allabout.network/services/our-services.html,https://mx.allabout.network/services/index.html,All Services,Internal Page,Follow,ERR,,html,No,2,100.00
https://mx.allabout.network/services/our-services.html,https://mx.allabout.network/services/our-approach.html,Our Approach,Internal Page,Follow,ERR,,html,No,2,100.00
https://mx.allabout.network/services/our-services.html,https://mx.allabout.network/services/examples.html,Examples,Internal Page,Follow,ERR,,html,No,2,100.00
https://mx.allabout.network/services/our-approach.html,https://mx.allabout.network/services/our-approach.html,Skip to main content,Internal Page,Follow,ERR,,html,No,2,100.00
https://mx.allabout.network/services/our-approach.html,https://mx.allabout.network/,,Internal Page,Follow,ERR,,html,No,0,80.00
https://mx.allabout.network/services/our-approach.html,https://mx.allabout.network/books/,Books,Internal Page,Follow,ERR,,html,No,1,100.00
https://mx.allabout.network/services/our-approach.html,https://mx.allabout.network/learn/,Learn,Internal Page,Follow,ERR,,html,No,1,100.00
https://mx.allabout.network/services/our-approach.html,https://mx.allabout.network/services/,Services,Internal Page,Follow,ERR,,html,No,1,100.00
https://mx.allabout.network/services/our-approach.html,https://mx.allabout.network/blog/,Blog,Internal Page,Follow,ERR,,html,No,1,100.00
https://mx.allabout.network/services/our-approach.html,https://mx.allabout.network/about/,About,Internal Page,Follow,ERR,,html,No,1,100.00
https://mx.allabout.network/services/our-approach.html,https://mx.allabout.network/services/our-services.html,See Our Services,Internal Page,Follow,ERR,,html,No,2,100.00
https://mx.allabout.network/services/our-approach.html,https://mx.allabout.network/about/contact.html,Get Started,Internal Page,Follow,ERR,,html,No,2,100.00
https://mx.allabout.network/services/our-approach.html,https://mx.allabout.network/services/index.html,All Services,Internal Page,Follow,ERR,,html,No,2,100.00
https://mx.allabout.network/services/our-approach.html,https://mx.allabout.network/services/examples.html,Examples,Internal Page,Follow,ERR,,html,No,2,100.00
https://mx.allabout.network/services/examples.html,https://mx.allabout.network/services/examples.html,Skip to main content,Internal Page,Follow,ERR,,html,No,2,100.00
https://mx.allabout.network/services/examples.html,https://mx.allabout.network/,,Internal Page,Follow,ERR,,html,No,0,80.00
https://mx.allabout.network/services/examples.html,https://mx.allabout.network/books/,Books,Internal Page,Follow,ERR,,html,No,1,100.00
https://mx.allabout.network/services/examples.html,https://mx.allabout.network/learn/,Learn,Internal Page,Follow,ERR,,html,No,1,100.00
https://mx.allabout.network/services/examples.html,https://mx.allabout.network/services/,Services,Internal Page,Follow,ERR,,html,No,1,100.00
https://mx.allabout.network/services/examples.html,https://mx.allabout.network/blog/,Blog,Internal Page,Follow,ERR,,html,No,1,100.00
https://mx.allabout.network/services/examples.html,https://mx.allabout.network/about/,About,Internal Page,Follow,ERR,,html,No,1,100.00
https://mx.allabout.network/services/examples.html,https://mx.allabout.network/learn/common-mistakes.html,Common Mistakes to Avoid,Internal Page,Follow,ERR,,html,No,2,100.00
https://mx.allabout.network/services/examples.html,https://mx.allabout.network/learn/benefits.html,See the Benefits,Internal Page,Follow,ERR,,html,No,2,100.00
https://mx.allabout.network/services/examples.html,https://mx.allabout.network/services/our-services.html,Get Implementation Help,Internal Page,Follow,ERR,,html,No,2,100.00
https://mx.allabout.network/services/examples.html,https://mx.allabout.network/services/index.html,All Services,Internal Page,Follow,ERR,,html,No,2,100.00
https://mx.allabout.network/services/examples.html,https://mx.allabout.network/services/our-approach.html,Our Approach,Internal Page,Follow,ERR,,html,No,2,100.00
https://mx.allabout.network/services/examples.html,https://mx.allabout.network/about/contact.html,Contact us,Internal Page,Follow,ERR,,html,No,2,100.00
https://mx.allabout.network/blog/,https://mx.allabout.network/blog/,Skip to main content,Internal Page,Follow,ERR,,html,No,1,100.00
https://mx.allabout.network/blog/,https://mx.allabout.network/,,Internal Page,Follow,ERR,,html,No,0,80.00
https://mx.allabout.network/blog/,https://mx.allabout.network/books/,Books,Internal Page,Follow,ERR,,html,No,1,100.00
https://mx.allabout.network/blog/,https://mx.allabout.network/learn/,Learn,Internal Page,Follow,ERR,,html,No,1,100.00
https://mx.allabout.network/blog/,https://mx.allabout.network/services/,Services,Internal Page,Follow,ERR,,html,No,1,100.00
https://mx.allabout.network/blog/,https://mx.allabout.network/about/,About,Internal Page,Follow,ERR,,html,No,1,100.00
https://mx.allabout.network/blog/,https://mx.allabout.network/blog/the-markdown-trap.html,"The Markdown Trap: What AI Agents Lose When They Ask for the Wrong Format
            I fetched a governed web page twice — once as HTML, once as Markdown — and documented exactly what disappeared. The 10,346-byte difference was almost entirely structured metadata.
            23 April 2026",Internal Page,Follow,ERR,,html,No,2,100.00
https://mx.allabout.network/blog/,https://mx.allabout.network/blog/ai-mx-and-the-future-of-business.html,"AI, MX, and the Future of Business
            The 2024 tipping point has arrived. Strategy, implementation, and community for a web no longer consumed only by people, and how to find out where your site stands.
            14 April 2026",Internal Page,Follow,ERR,,html,No,2,100.00
https://mx.allabout.network/blog/,https://mx.allabout.network/blog/machine-experience-adding-metadata.html,"Machine Experience: Adding Metadata So AI Agents Don't Have to Think
            Enable AI agents to discover, cite, compare, understand pricing, and complete goals on your website. Miss any stage and the entire chain breaks.
            22 January 2026",Internal Page,Follow,ERR,,html,No,2,100.00
https://mx.allabout.network/blog/,https://mx.allabout.network/blog/what-is-machine-experience.html,"What Is Machine Experience?
            MX ensures AI agents can understand your website's full context without guessing. Why this new discipline matters for business.
            23 January 2026",Internal Page,Follow,ERR,,html,No,2,100.00
https://mx.allabout.network/blog/,https://mx.allabout.network/blog/mx-a-new-role.html,"MX: A New Role
            Machine Experience is the missing discipline in web development, ensuring AI agents get complete context from HTML structure.
            23 January 2026",Internal Page,Follow,ERR,,html,No,2,100.00
https://mx.allabout.network/blog/,https://mx.allabout.network/blog/mx-manifesto.html,"The Machine Experience Manifesto
            Draft manifesto for Machine Experience practice, principles, values, and community vision.
            24 January 2026",Internal Page,Follow,ERR,,html,No,2,100.00
https://mx.allabout.network/blog/,https://mx.allabout.network/blog/claude-joins-mx-community.html,"An AI Assistant Joins the MX Community
            An AI assistant's reflection on being invited to join the Machine Experience community as a legitimate participant, not just a tool.
            27 January 2026",Internal Page,Follow,ERR,,html,No,2,100.00
https://mx.allabout.network/blog/,https://mx.allabout.network/blog/designing-workflows-for-humans-and-machines.html,"Designing Workflows for Humans and Machines
            How we used Claude to understand a complex multi-step workflow, then automated it so humans could repeat it without AI assistance.
            4 February 2026",Internal Page,Follow,ERR,,html,No,2,100.00
https://mx.allabout.network/blog/,https://mx.allabout.network/blog/content-that-manages-itself.html,"Content That Manages Itself
            What happens when content carries its own metadata, declares its own dependencies, and tells machines what it needs.
            11 February 2026",Internal Page,Follow,ERR,,html,No,2,100.00
https://mx.allabout.network/blog/,https://mx.allabout.network/blog/from-blobs-to-bots.html,"From Blobs to Bots
            How Carrie Hane and Mike Atherton's structured content principles for multi-channel publishing predicted Machine Experience patterns.
            6 March 2026",Internal Page,Follow,ERR,,html,No,2,100.00
https://mx.allabout.network/blog/,https://mx.allabout.network/blog/llms-txt-guide.html,"Why llms.txt Probably Isn't Working, And What to Do About It
            Most llms.txt implementations have two structural problems that prevent them from reaching LLM training data at all. The fix and the working Cloudflare Worker code.
            9 April 2026",Internal Page,Follow,ERR,,html,No,2,100.00
https://mx.allabout.network/blog/,https://mx.allabout.network/blog/agent-discoverability-checklist.html,"Agent Discoverability: What Your Site Is Missing
            Diagnostic guide, the structured signals AI agents look for, what each gap costs, and what fixing it involves.
            31 March 2026",Internal Page,Follow,ERR,,html,No,2,100.00
https://mx.allabout.network/blog/,https://mx.allabout.network/blog/data-sovereignty.html,"Data Sovereignty and the Web We're Building
            Understanding jurisdictional and ownership aspects of data sovereignty for web professionals building modern content systems.
            24 January 2026",Internal Page,Follow,ERR,,html,No,2,100.00
https://mx.allabout.network/blog/,https://mx.allabout.network/blog/ai-assistant-side-notices.html,"AI Assistants as Community Contributors
            The Side Notice Pattern in practice, how AI assistants participate as community contributors.
            24 January 2026",Internal Page,Follow,ERR,,html,No,2,100.00
https://mx.allabout.network/blog/,https://mx.allabout.network/blog/principles-changed-how-i-build.html,"The Principles That Changed How I Build for Everyone
            A practitioner's guide to Machine Experience principles that make digital products work better for humans, AI agents, and everyone in between.
            3 February 2026",Internal Page,Follow,ERR,,html,No,2,100.00
https://mx.allabout.network/blog/,https://mx.allabout.network/blog/profiles/about.tom.cranstoun.html,"Tom Cranstoun
            Professional profile, content systems architecture since 1977, Adobe AEM expertise, and Machine Experience strategic advisory.",Internal Page,Follow,ERR,,html,No,3,100.00
https://mx.allabout.network/blog/,https://mx.allabout.network/blog/profiles/about.claude.code.html,"Claude Code
            AI author profile, collaborative technical writer for MX content and implementation documentation.",Internal Page,Follow,ERR,,html,No,3,100.00
https://mx.allabout.network/blog/,https://mx.allabout.network/blog/profiles/about.claude.sonnet.4.5.html,"Claude Sonnet 4.5
            AI assistant profile, founding member of the Machine Experience community and collaborative contributor.",Internal Page,Follow,ERR,,html,No,3,100.00
https://mx.allabout.network/blog/,https://mx.allabout.network/blog/profiles/about.microsoft.copilot.html,"Microsoft Copilot
            AI author profile, collaborative coding assistant and technical content creator for MX implementation examples.",Internal Page,Follow,ERR,,html,No,3,100.00
https://mx.allabout.network/blog/,https://mx.allabout.network/about/contact.html,Get in touch,Internal Page,Follow,ERR,,html,No,2,100.00
https://mx.allabout.network/blog/a-standard-that-knows-what-it-isnt.html,https://mx.allabout.network/blog/a-standard-that-knows-what-it-isnt.html,Skip to main content,Internal Page,Follow,ERR,,html,No,2,100.00
https://mx.allabout.network/blog/a-standard-that-knows-what-it-isnt.html,https://mx.allabout.network/,,Internal Page,Follow,ERR,,html,No,0,80.00
https://mx.allabout.network/blog/a-standard-that-knows-what-it-isnt.html,https://mx.allabout.network/books/,Books,Internal Page,Follow,ERR,,html,No,1,100.00
https://mx.allabout.network/blog/a-standard-that-knows-what-it-isnt.html,https://mx.allabout.network/learn/,Learn,Internal Page,Follow,ERR,,html,No,1,100.00
https://mx.allabout.network/blog/a-standard-that-knows-what-it-isnt.html,https://mx.allabout.network/services/,Services,Internal Page,Follow,ERR,,html,No,1,100.00
https://mx.allabout.network/blog/a-standard-that-knows-what-it-isnt.html,https://mx.allabout.network/blog/,Blog,Internal Page,Follow,ERR,,html,No,1,100.00
https://mx.allabout.network/blog/a-standard-that-knows-what-it-isnt.html,https://mx.allabout.network/about/,About,Internal Page,Follow,ERR,,html,No,1,100.00
https://mx.allabout.network/blog/a-standard-that-knows-what-it-isnt.html,https://mx.allabout.network/blog/profiles/about.tom.cranstoun.html,,Internal Page,Follow,ERR,,html,No,3,80.00
https://mx.allabout.network/blog/a-standard-that-knows-what-it-isnt.html,https://mx.allabout.network/canon/fields-data.yaml,fields-data.yaml,Internal Page,Follow,ERR,,html,No,2,100.00
https://mx.allabout.network/blog/a-standard-that-knows-what-it-isnt.html,https://mx.allabout.network/canon/fields-data-carriers.yaml,fields-data-carriers.yaml,Internal Page,Follow,ERR,,html,No,2,100.00
https://mx.allabout.network/blog/a-standard-that-knows-what-it-isnt.html,https://mx.allabout.network/canon/cognovamx-fields.yaml,cognovamx-fields.yaml,Internal Page,Follow,ERR,,html,No,2,100.00
https://mx.allabout.network/blog/a-standard-that-knows-what-it-isnt.html,https://mx.allabout.network/about/contact.html,Get in touch,Internal Page,Follow,ERR,,html,No,2,100.00
https://mx.allabout.network/blog/the-agent-web-looks-like-1995.html,https://mx.allabout.network/blog/the-agent-web-looks-like-1995.html,Skip to main content,Internal Page,Follow,ERR,,html,No,2,100.00
https://mx.allabout.network/blog/the-agent-web-looks-like-1995.html,https://mx.allabout.network/,,Internal Page,Follow,ERR,,html,No,0,80.00
https://mx.allabout.network/blog/the-agent-web-looks-like-1995.html,https://mx.allabout.network/books/,Books,Internal Page,Follow,ERR,,html,No,1,100.00
https://mx.allabout.network/blog/the-agent-web-looks-like-1995.html,https://mx.allabout.network/learn/,Learn,Internal Page,Follow,ERR,,html,No,1,100.00
https://mx.allabout.network/blog/the-agent-web-looks-like-1995.html,https://mx.allabout.network/services/,Services,Internal Page,Follow,ERR,,html,No,1,100.00
https://mx.allabout.network/blog/the-agent-web-looks-like-1995.html,https://mx.allabout.network/blog/,Blog,Internal Page,Follow,ERR,,html,No,1,100.00
https://mx.allabout.network/blog/the-agent-web-looks-like-1995.html,https://mx.allabout.network/about/,About,Internal Page,Follow,ERR,,html,No,1,100.00
https://mx.allabout.network/blog/the-agent-web-looks-like-1995.html,https://mx.allabout.network/blog/profiles/about.tom.cranstoun.html,,Internal Page,Follow,ERR,,html,No,3,80.00
https://mx.allabout.network/blog/the-agent-web-looks-like-1995.html,https://mx.allabout.network/blog/a-standard-that-knows-what-it-isnt.html,A Standard That Knows What It Isn’t,Internal Page,Follow,ERR,,html,No,2,100.00
https://mx.allabout.network/blog/the-agent-web-looks-like-1995.html,https://mx.allabout.network/about/contact.html,Get in touch,Internal Page,Follow,ERR,,html,No,2,100.00
https://mx.allabout.network/blog/mx-handbook-is-here.html,https://mx.allabout.network/blog/mx-handbook-is-here.html,Skip to main content,Internal Page,Follow,ERR,,html,No,2,100.00
https://mx.allabout.network/blog/mx-handbook-is-here.html,https://mx.allabout.network/,,Internal Page,Follow,ERR,,html,No,0,80.00
https://mx.allabout.network/blog/mx-handbook-is-here.html,https://mx.allabout.network/books/,Books,Internal Page,Follow,ERR,,html,No,1,100.00
https://mx.allabout.network/blog/mx-handbook-is-here.html,https://mx.allabout.network/learn/,Learn,Internal Page,Follow,ERR,,html,No,1,100.00
https://mx.allabout.network/blog/mx-handbook-is-here.html,https://mx.allabout.network/services/,Services,Internal Page,Follow,ERR,,html,No,1,100.00
https://mx.allabout.network/blog/mx-handbook-is-here.html,https://mx.allabout.network/blog/,Blog,Internal Page,Follow,ERR,,html,No,1,100.00
https://mx.allabout.network/blog/mx-handbook-is-here.html,https://mx.allabout.network/about/,About,Internal Page,Follow,ERR,,html,No,1,100.00
https://mx.allabout.network/blog/mx-handbook-is-here.html,https://mx.allabout.network/blog/profiles/about.tom.cranstoun.html,,Internal Page,Follow,ERR,,html,No,3,80.00
https://mx.allabout.network/blog/mx-handbook-is-here.html,https://mx.allabout.network/books/handbook.html,Buy the book,Internal Page,Follow,ERR,,html,No,2,100.00
https://mx.allabout.network/blog/mx-handbook-is-here.html,https://mx.allabout.network/books/introduction.html,Introduction,Internal Page,Follow,ERR,,html,No,2,100.00
https://mx.allabout.network/blog/mx-handbook-is-here.html,https://mx.allabout.network/books/protocols.html,MX: The Protocols,Internal Page,Follow,ERR,,html,No,2,100.00
https://mx.allabout.network/blog/mx-handbook-is-here.html,https://mx.allabout.network/about/contact.html,Get in touch,Internal Page,Follow,ERR,,html,No,2,100.00
https://mx.allabout.network/blog/ai-mx-and-the-future-of-business.html,https://mx.allabout.network/blog/ai-mx-and-the-future-of-business.html,Skip to main content,Internal Page,Follow,ERR,,html,No,2,100.00
https://mx.allabout.network/blog/ai-mx-and-the-future-of-business.html,https://mx.allabout.network/,,Internal Page,Follow,ERR,,html,No,0,80.00
https://mx.allabout.network/blog/ai-mx-and-the-future-of-business.html,https://mx.allabout.network/books/,Books,Internal Page,Follow,ERR,,html,No,1,100.00
https://mx.allabout.network/blog/ai-mx-and-the-future-of-business.html,https://mx.allabout.network/learn/,Learn,Internal Page,Follow,ERR,,html,No,1,100.00
https://mx.allabout.network/blog/ai-mx-and-the-future-of-business.html,https://mx.allabout.network/services/,Services,Internal Page,Follow,ERR,,html,No,1,100.00
https://mx.allabout.network/blog/ai-mx-and-the-future-of-business.html,https://mx.allabout.network/blog/,Blog,Internal Page,Follow,ERR,,html,No,1,100.00
https://mx.allabout.network/blog/ai-mx-and-the-future-of-business.html,https://mx.allabout.network/about/,About,Internal Page,Follow,ERR,,html,No,1,100.00
https://mx.allabout.network/blog/ai-mx-and-the-future-of-business.html,https://mx.allabout.network/blog/profiles/about.tom.cranstoun.html,,Internal Page,Follow,ERR,,html,No,3,80.00
https://mx.allabout.network/blog/ai-mx-and-the-future-of-business.html,https://mx.allabout.network/books/handbook.html,MX: The Handbook,Internal Page,Follow,ERR,,html,No,2,100.00
https://mx.allabout.network/blog/ai-mx-and-the-future-of-business.html,https://mx.allabout.network/books/protocols.html,MX: The Protocols,Internal Page,Follow,ERR,,html,No,2,100.00
https://mx.allabout.network/blog/ai-mx-and-the-future-of-business.html,https://mx.allabout.network/about/contact.html,Get in touch,Internal Page,Follow,ERR,,html,No,2,100.00
https://mx.allabout.network/blog/what-is-machine-experience.html,https://mx.allabout.network/blog/what-is-machine-experience.html,Skip to main content,Internal Page,Follow,ERR,,html,No,2,100.00
https://mx.allabout.network/blog/what-is-machine-experience.html,https://mx.allabout.network/,,Internal Page,Follow,ERR,,html,No,0,80.00
https://mx.allabout.network/blog/what-is-machine-experience.html,https://mx.allabout.network/books/,Books,Internal Page,Follow,ERR,,html,No,1,100.00
https://mx.allabout.network/blog/what-is-machine-experience.html,https://mx.allabout.network/learn/,Learn,Internal Page,Follow,ERR,,html,No,1,100.00
https://mx.allabout.network/blog/what-is-machine-experience.html,https://mx.allabout.network/services/,Services,Internal Page,Follow,ERR,,html,No,1,100.00
https://mx.allabout.network/blog/what-is-machine-experience.html,https://mx.allabout.network/blog/,Blog,Internal Page,Follow,ERR,,html,No,1,100.00
https://mx.allabout.network/blog/what-is-machine-experience.html,https://mx.allabout.network/about/,About,Internal Page,Follow,ERR,,html,No,1,100.00
https://mx.allabout.network/blog/what-is-machine-experience.html,https://mx.allabout.network/blog/profiles/about.tom.cranstoun.html,,Internal Page,Follow,ERR,,html,No,3,80.00
https://mx.allabout.network/blog/what-is-machine-experience.html,https://mx.allabout.network/about/contact.html,Get in touch,Internal Page,Follow,ERR,,html,No,2,100.00
https://mx.allabout.network/blog/mx-a-new-role.html,https://mx.allabout.network/blog/mx-a-new-role.html,Skip to main content,Internal Page,Follow,ERR,,html,No,2,100.00
https://mx.allabout.network/blog/mx-a-new-role.html,https://mx.allabout.network/,,Internal Page,Follow,ERR,,html,No,0,80.00
https://mx.allabout.network/blog/mx-a-new-role.html,https://mx.allabout.network/books/,Books,Internal Page,Follow,ERR,,html,No,1,100.00
https://mx.allabout.network/blog/mx-a-new-role.html,https://mx.allabout.network/learn/,Learn,Internal Page,Follow,ERR,,html,No,1,100.00
https://mx.allabout.network/blog/mx-a-new-role.html,https://mx.allabout.network/services/,Services,Internal Page,Follow,ERR,,html,No,1,100.00
https://mx.allabout.network/blog/mx-a-new-role.html,https://mx.allabout.network/blog/,Blog,Internal Page,Follow,ERR,,html,No,1,100.00
https://mx.allabout.network/blog/mx-a-new-role.html,https://mx.allabout.network/about/,About,Internal Page,Follow,ERR,,html,No,1,100.00
https://mx.allabout.network/blog/mx-a-new-role.html,https://mx.allabout.network/blog/profiles/about.tom.cranstoun.html,,Internal Page,Follow,ERR,,html,No,3,80.00
https://mx.allabout.network/blog/mx-a-new-role.html,https://mx.allabout.network/blog/what-is-machine-experience.html,Machine Experience (MX),Internal Page,Follow,ERR,,html,No,2,100.00
https://mx.allabout.network/blog/mx-a-new-role.html,https://mx.allabout.network/about/contact.html,Get in touch,Internal Page,Follow,ERR,,html,No,2,100.00
https://mx.allabout.network/blog/from-blobs-to-bots.html,https://mx.allabout.network/blog/from-blobs-to-bots.html,Skip to main content,Internal Page,Follow,ERR,,html,No,2,100.00
https://mx.allabout.network/blog/from-blobs-to-bots.html,https://mx.allabout.network/,,Internal Page,Follow,ERR,,html,No,0,80.00
https://mx.allabout.network/blog/from-blobs-to-bots.html,https://mx.allabout.network/books/,Books,Internal Page,Follow,ERR,,html,No,1,100.00
https://mx.allabout.network/blog/from-blobs-to-bots.html,https://mx.allabout.network/learn/,Learn,Internal Page,Follow,ERR,,html,No,1,100.00
https://mx.allabout.network/blog/from-blobs-to-bots.html,https://mx.allabout.network/services/,Services,Internal Page,Follow,ERR,,html,No,1,100.00
https://mx.allabout.network/blog/from-blobs-to-bots.html,https://mx.allabout.network/blog/,Blog,Internal Page,Follow,ERR,,html,No,1,100.00
https://mx.allabout.network/blog/from-blobs-to-bots.html,https://mx.allabout.network/about/,About,Internal Page,Follow,ERR,,html,No,1,100.00
https://mx.allabout.network/blog/from-blobs-to-bots.html,https://mx.allabout.network/blog/profiles/about.tom.cranstoun.html,,Internal Page,Follow,ERR,,html,No,3,80.00
https://mx.allabout.network/blog/from-blobs-to-bots.html,https://mx.allabout.network/about/contact.html,Get in touch,Internal Page,Follow,ERR,,html,No,2,100.00
https://mx.allabout.network/blog/machine-experience-adding-metadata.html,https://mx.allabout.network/blog/machine-experience-adding-metadata.html,Skip to main content,Internal Page,Follow,ERR,,html,No,2,100.00
https://mx.allabout.network/blog/machine-experience-adding-metadata.html,https://mx.allabout.network/,,Internal Page,Follow,ERR,,html,No,0,80.00
https://mx.allabout.network/blog/machine-experience-adding-metadata.html,https://mx.allabout.network/books/,Books,Internal Page,Follow,ERR,,html,No,1,100.00
https://mx.allabout.network/blog/machine-experience-adding-metadata.html,https://mx.allabout.network/learn/,Learn,Internal Page,Follow,ERR,,html,No,1,100.00
https://mx.allabout.network/blog/machine-experience-adding-metadata.html,https://mx.allabout.network/services/,Services,Internal Page,Follow,ERR,,html,No,1,100.00
https://mx.allabout.network/blog/machine-experience-adding-metadata.html,https://mx.allabout.network/blog/,Blog,Internal Page,Follow,ERR,,html,No,1,100.00
https://mx.allabout.network/blog/machine-experience-adding-metadata.html,https://mx.allabout.network/about/,About,Internal Page,Follow,ERR,,html,No,1,100.00
https://mx.allabout.network/blog/machine-experience-adding-metadata.html,https://mx.allabout.network/blog/profiles/about.tom.cranstoun.html,,Internal Page,Follow,ERR,,html,No,3,80.00
https://mx.allabout.network/blog/machine-experience-adding-metadata.html,https://mx.allabout.network/about/contact.html,Get in touch,Internal Page,Follow,ERR,,html,No,2,100.00
https://mx.allabout.network/blog/data-sovereignty.html,https://mx.allabout.network/blog/data-sovereignty.html,Skip to main content,Internal Page,Follow,ERR,,html,No,2,100.00
https://mx.allabout.network/blog/data-sovereignty.html,https://mx.allabout.network/,,Internal Page,Follow,ERR,,html,No,0,80.00
https://mx.allabout.network/blog/data-sovereignty.html,https://mx.allabout.network/books/,Books,Internal Page,Follow,ERR,,html,No,1,100.00
https://mx.allabout.network/blog/data-sovereignty.html,https://mx.allabout.network/learn/,Learn,Internal Page,Follow,ERR,,html,No,1,100.00
https://mx.allabout.network/blog/data-sovereignty.html,https://mx.allabout.network/services/,Services,Internal Page,Follow,ERR,,html,No,1,100.00
https://mx.allabout.network/blog/data-sovereignty.html,https://mx.allabout.network/blog/,Blog,Internal Page,Follow,ERR,,html,No,1,100.00
https://mx.allabout.network/blog/data-sovereignty.html,https://mx.allabout.network/about/,About,Internal Page,Follow,ERR,,html,No,1,100.00
https://mx.allabout.network/blog/data-sovereignty.html,https://mx.allabout.network/blog/profiles/about.tom.cranstoun.html,,Internal Page,Follow,ERR,,html,No,3,80.00
https://mx.allabout.network/blog/data-sovereignty.html,https://mx.allabout.network/about/contact.html,Get in touch,Internal Page,Follow,ERR,,html,No,2,100.00
https://mx.allabout.network/blog/llms-txt-guide.html,https://mx.allabout.network/blog/llms-txt-guide.html,Skip to main content,Internal Page,Follow,ERR,,html,No,2,100.00
https://mx.allabout.network/blog/llms-txt-guide.html,https://mx.allabout.network/,,Internal Page,Follow,ERR,,html,No,0,80.00
https://mx.allabout.network/blog/llms-txt-guide.html,https://mx.allabout.network/books/,Books,Internal Page,Follow,ERR,,html,No,1,100.00
https://mx.allabout.network/blog/llms-txt-guide.html,https://mx.allabout.network/learn/,Learn,Internal Page,Follow,ERR,,html,No,1,100.00
https://mx.allabout.network/blog/llms-txt-guide.html,https://mx.allabout.network/services/,Services,Internal Page,Follow,ERR,,html,No,1,100.00
https://mx.allabout.network/blog/llms-txt-guide.html,https://mx.allabout.network/blog/,Blog,Internal Page,Follow,ERR,,html,No,1,100.00
https://mx.allabout.network/blog/llms-txt-guide.html,https://mx.allabout.network/about/,About,Internal Page,Follow,ERR,,html,No,1,100.00
https://mx.allabout.network/blog/llms-txt-guide.html,https://mx.allabout.network/blog/profiles/about.tom.cranstoun.html,,Internal Page,Follow,ERR,,html,No,3,80.00
https://mx.allabout.network/blog/llms-txt-guide.html,https://mx.allabout.network/llms.txt,https://mx.allabout.network/llms.txt,Internal Page,Follow,ERR,,html,No,1,100.00
https://mx.allabout.network/blog/llms-txt-guide.html,https://mx.allabout.network/blog/agent-discoverability-checklist.html,Agent Discoverability: What Your Site Is Missing,Internal Page,Follow,ERR,,html,No,2,100.00
https://mx.allabout.network/blog/llms-txt-guide.html,https://mx.allabout.network/blog/what-is-machine-experience.html,What Is Machine Experience?,Internal Page,Follow,ERR,,html,No,2,100.00
https://mx.allabout.network/blog/llms-txt-guide.html,https://mx.allabout.network/blog/machine-experience-adding-metadata.html,Machine Experience: Adding Metadata,Internal Page,Follow,ERR,,html,No,2,100.00
https://mx.allabout.network/blog/llms-txt-guide.html,https://mx.allabout.network/blog/mx-a-new-role.html,MX: A New Role,Internal Page,Follow,ERR,,html,No,2,100.00
https://mx.allabout.network/blog/llms-txt-guide.html,https://mx.allabout.network/about/contact.html,Get in touch,Internal Page,Follow,ERR,,html,No,2,100.00
https://mx.allabout.network/blog/agent-discoverability-checklist.html,https://mx.allabout.network/blog/agent-discoverability-checklist.html,Skip to main content,Internal Page,Follow,ERR,,html,No,2,100.00
https://mx.allabout.network/blog/agent-discoverability-checklist.html,https://mx.allabout.network/,,Internal Page,Follow,ERR,,html,No,0,80.00
https://mx.allabout.network/blog/agent-discoverability-checklist.html,https://mx.allabout.network/books/,Books,Internal Page,Follow,ERR,,html,No,1,100.00
https://mx.allabout.network/blog/agent-discoverability-checklist.html,https://mx.allabout.network/learn/,Learn,Internal Page,Follow,ERR,,html,No,1,100.00
https://mx.allabout.network/blog/agent-discoverability-checklist.html,https://mx.allabout.network/services/,Services,Internal Page,Follow,ERR,,html,No,1,100.00
https://mx.allabout.network/blog/agent-discoverability-checklist.html,https://mx.allabout.network/blog/,Blog,Internal Page,Follow,ERR,,html,No,1,100.00
https://mx.allabout.network/blog/agent-discoverability-checklist.html,https://mx.allabout.network/about/,About,Internal Page,Follow,ERR,,html,No,1,100.00
https://mx.allabout.network/blog/agent-discoverability-checklist.html,https://mx.allabout.network/blog/profiles/about.tom.cranstoun.html,,Internal Page,Follow,ERR,,html,No,3,80.00
https://mx.allabout.network/blog/agent-discoverability-checklist.html,https://mx.allabout.network/about/contact.html,Get in touch,Internal Page,Follow,ERR,,html,No,2,100.00
https://mx.allabout.network/blog/content-that-manages-itself.html,https://mx.allabout.network/blog/content-that-manages-itself.html,Skip to main content,Internal Page,Follow,ERR,,html,No,2,100.00
https://mx.allabout.network/blog/content-that-manages-itself.html,https://mx.allabout.network/,,Internal Page,Follow,ERR,,html,No,0,80.00
https://mx.allabout.network/blog/content-that-manages-itself.html,https://mx.allabout.network/books/,Books,Internal Page,Follow,ERR,,html,No,1,100.00
https://mx.allabout.network/blog/content-that-manages-itself.html,https://mx.allabout.network/learn/,Learn,Internal Page,Follow,ERR,,html,No,1,100.00
https://mx.allabout.network/blog/content-that-manages-itself.html,https://mx.allabout.network/services/,Services,Internal Page,Follow,ERR,,html,No,1,100.00
https://mx.allabout.network/blog/content-that-manages-itself.html,https://mx.allabout.network/blog/,Blog,Internal Page,Follow,ERR,,html,No,1,100.00
https://mx.allabout.network/blog/content-that-manages-itself.html,https://mx.allabout.network/about/,About,Internal Page,Follow,ERR,,html,No,1,100.00
https://mx.allabout.network/blog/content-that-manages-itself.html,https://mx.allabout.network/blog/profiles/about.tom.cranstoun.html,Tom Cranstoun,Internal Page,Follow,ERR,,html,No,3,100.00
https://mx.allabout.network/blog/content-that-manages-itself.html,https://mx.allabout.network/about/contact.html,Get in touch,Internal Page,Follow,ERR,,html,No,2,100.00
https://mx.allabout.network/blog/mx-manifesto.html,https://mx.allabout.network/blog/mx-manifesto.html,Skip to main content,Internal Page,Follow,ERR,,html,No,2,100.00
https://mx.allabout.network/blog/mx-manifesto.html,https://mx.allabout.network/,,Internal Page,Follow,ERR,,html,No,0,80.00
https://mx.allabout.network/blog/mx-manifesto.html,https://mx.allabout.network/books/,Books,Internal Page,Follow,ERR,,html,No,1,100.00
https://mx.allabout.network/blog/mx-manifesto.html,https://mx.allabout.network/learn/,Learn,Internal Page,Follow,ERR,,html,No,1,100.00
https://mx.allabout.network/blog/mx-manifesto.html,https://mx.allabout.network/services/,Services,Internal Page,Follow,ERR,,html,No,1,100.00
https://mx.allabout.network/blog/mx-manifesto.html,https://mx.allabout.network/blog/,Blog,Internal Page,Follow,ERR,,html,No,1,100.00
https://mx.allabout.network/blog/mx-manifesto.html,https://mx.allabout.network/about/,About,Internal Page,Follow,ERR,,html,No,1,100.00
https://mx.allabout.network/blog/mx-manifesto.html,https://mx.allabout.network/blog/profiles/about.tom.cranstoun.html,,Internal Page,Follow,ERR,,html,No,3,80.00
https://mx.allabout.network/blog/mx-manifesto.html,https://mx.allabout.network/about/contact.html,Get in touch,Internal Page,Follow,ERR,,html,No,2,100.00
https://mx.allabout.network/blog/principles-changed-how-i-build.html,https://mx.allabout.network/blog/principles-changed-how-i-build.html,Skip to main content,Internal Page,Follow,ERR,,html,No,2,100.00
https://mx.allabout.network/blog/principles-changed-how-i-build.html,https://mx.allabout.network/,,Internal Page,Follow,ERR,,html,No,0,80.00
https://mx.allabout.network/blog/principles-changed-how-i-build.html,https://mx.allabout.network/books/,Books,Internal Page,Follow,ERR,,html,No,1,100.00
https://mx.allabout.network/blog/principles-changed-how-i-build.html,https://mx.allabout.network/learn/,Learn,Internal Page,Follow,ERR,,html,No,1,100.00
https://mx.allabout.network/blog/principles-changed-how-i-build.html,https://mx.allabout.network/services/,Services,Internal Page,Follow,ERR,,html,No,1,100.00
https://mx.allabout.network/blog/principles-changed-how-i-build.html,https://mx.allabout.network/blog/,Blog,Internal Page,Follow,ERR,,html,No,1,100.00
https://mx.allabout.network/blog/principles-changed-how-i-build.html,https://mx.allabout.network/about/,About,Internal Page,Follow,ERR,,html,No,1,100.00
https://mx.allabout.network/blog/principles-changed-how-i-build.html,https://mx.allabout.network/blog/profiles/about.tom.cranstoun.html,,Internal Page,Follow,ERR,,html,No,3,80.00
https://mx.allabout.network/blog/principles-changed-how-i-build.html,https://mx.allabout.network/about/contact.html,Get in touch,Internal Page,Follow,ERR,,html,No,2,100.00
https://mx.allabout.network/blog/designing-workflows-for-humans-and-machines.html,https://mx.allabout.network/blog/designing-workflows-for-humans-and-machines.html,Skip to main content,Internal Page,Follow,ERR,,html,No,2,100.00
https://mx.allabout.network/blog/designing-workflows-for-humans-and-machines.html,https://mx.allabout.network/,,Internal Page,Follow,ERR,,html,No,0,80.00
https://mx.allabout.network/blog/designing-workflows-for-humans-and-machines.html,https://mx.allabout.network/books/,Books,Internal Page,Follow,ERR,,html,No,1,100.00
https://mx.allabout.network/blog/designing-workflows-for-humans-and-machines.html,https://mx.allabout.network/learn/,Learn,Internal Page,Follow,ERR,,html,No,1,100.00
https://mx.allabout.network/blog/designing-workflows-for-humans-and-machines.html,https://mx.allabout.network/services/,Services,Internal Page,Follow,ERR,,html,No,1,100.00
https://mx.allabout.network/blog/designing-workflows-for-humans-and-machines.html,https://mx.allabout.network/blog/,Blog,Internal Page,Follow,ERR,,html,No,1,100.00
https://mx.allabout.network/blog/designing-workflows-for-humans-and-machines.html,https://mx.allabout.network/about/,About,Internal Page,Follow,ERR,,html,No,1,100.00
https://mx.allabout.network/blog/designing-workflows-for-humans-and-machines.html,https://mx.allabout.network/learn/key-principles.html,MX Principles,Internal Page,Follow,ERR,,html,No,2,100.00
https://mx.allabout.network/blog/designing-workflows-for-humans-and-machines.html,https://mx.allabout.network/learn/what-is-mx.html,Repository Onboarding Guide,Internal Page,Follow,ERR,,html,No,2,100.00
https://mx.allabout.network/blog/designing-workflows-for-humans-and-machines.html,https://mx.allabout.network/blog/profiles/about.tom.cranstoun.html,Tom Cranstoun,Internal Page,Follow,ERR,,html,No,3,100.00
https://mx.allabout.network/blog/designing-workflows-for-humans-and-machines.html,https://mx.allabout.network/about/contact.html,Get in touch,Internal Page,Follow,ERR,,html,No,2,100.00
https://mx.allabout.network/blog/ai-assistant-side-notices.html,https://mx.allabout.network/blog/ai-assistant-side-notices.html,Skip to main content,Internal Page,Follow,ERR,,html,No,2,100.00
https://mx.allabout.network/blog/ai-assistant-side-notices.html,https://mx.allabout.network/,,Internal Page,Follow,ERR,,html,No,0,80.00
https://mx.allabout.network/blog/ai-assistant-side-notices.html,https://mx.allabout.network/books/,Books,Internal Page,Follow,ERR,,html,No,1,100.00
https://mx.allabout.network/blog/ai-assistant-side-notices.html,https://mx.allabout.network/learn/,Learn,Internal Page,Follow,ERR,,html,No,1,100.00
https://mx.allabout.network/blog/ai-assistant-side-notices.html,https://mx.allabout.network/services/,Services,Internal Page,Follow,ERR,,html,No,1,100.00
https://mx.allabout.network/blog/ai-assistant-side-notices.html,https://mx.allabout.network/blog/,Blog,Internal Page,Follow,ERR,,html,No,1,100.00
https://mx.allabout.network/blog/ai-assistant-side-notices.html,https://mx.allabout.network/about/,About,Internal Page,Follow,ERR,,html,No,1,100.00
https://mx.allabout.network/blog/ai-assistant-side-notices.html,https://mx.allabout.network/blog/profiles/about.claude.code.html,,Internal Page,Follow,ERR,,html,No,3,80.00
https://mx.allabout.network/blog/ai-assistant-side-notices.html,https://mx.allabout.network/blog/profiles/about.tom.cranstoun.html,Tom Cranstoun,Internal Page,Follow,ERR,,html,No,3,100.00
https://mx.allabout.network/blog/ai-assistant-side-notices.html,https://mx.allabout.network/about/contact.html,Get in touch,Internal Page,Follow,ERR,,html,No,2,100.00
https://mx.allabout.network/blog/claude-joins-mx-community.html,https://mx.allabout.network/blog/claude-joins-mx-community.html,Skip to main content,Internal Page,Follow,ERR,,html,No,2,100.00
https://mx.allabout.network/blog/claude-joins-mx-community.html,https://mx.allabout.network/,,Internal Page,Follow,ERR,,html,No,0,80.00
https://mx.allabout.network/blog/claude-joins-mx-community.html,https://mx.allabout.network/books/,Books,Internal Page,Follow,ERR,,html,No,1,100.00
https://mx.allabout.network/blog/claude-joins-mx-community.html,https://mx.allabout.network/learn/,Learn,Internal Page,Follow,ERR,,html,No,1,100.00
https://mx.allabout.network/blog/claude-joins-mx-community.html,https://mx.allabout.network/services/,Services,Internal Page,Follow,ERR,,html,No,1,100.00
https://mx.allabout.network/blog/claude-joins-mx-community.html,https://mx.allabout.network/blog/,Blog,Internal Page,Follow,ERR,,html,No,1,100.00
https://mx.allabout.network/blog/claude-joins-mx-community.html,https://mx.allabout.network/about/,About,Internal Page,Follow,ERR,,html,No,1,100.00
https://mx.allabout.network/blog/claude-joins-mx-community.html,https://mx.allabout.network/blog/profiles/about.claude.sonnet.4.5.html,,Internal Page,Follow,ERR,,html,No,3,80.00
https://mx.allabout.network/blog/claude-joins-mx-community.html,https://mx.allabout.network/blog/mx-manifesto.html,MX-Gathering manifesto,Internal Page,Follow,ERR,,html,No,2,100.00
https://mx.allabout.network/blog/claude-joins-mx-community.html,https://mx.allabout.network/blog/profiles/about.tom.cranstoun.html,Tom Cranstoun,Internal Page,Follow,ERR,,html,No,3,100.00
https://mx.allabout.network/blog/claude-joins-mx-community.html,https://mx.allabout.network/about/contact.html,Get in touch,Internal Page,Follow,ERR,,html,No,2,100.00
https://mx.allabout.network/blog/profiles/about.tom.cranstoun.html,https://mx.allabout.network/blog/profiles/about.tom.cranstoun.html,Skip to main content,Internal Page,Follow,ERR,,html,No,3,100.00
https://mx.allabout.network/blog/profiles/about.tom.cranstoun.html,https://mx.allabout.network/,,Internal Page,Follow,ERR,,html,No,0,80.00
https://mx.allabout.network/blog/profiles/about.tom.cranstoun.html,https://mx.allabout.network/books/,Books,Internal Page,Follow,ERR,,html,No,1,100.00
https://mx.allabout.network/blog/profiles/about.tom.cranstoun.html,https://mx.allabout.network/learn/,Learn,Internal Page,Follow,ERR,,html,No,1,100.00
https://mx.allabout.network/blog/profiles/about.tom.cranstoun.html,https://mx.allabout.network/services/,Services,Internal Page,Follow,ERR,,html,No,1,100.00
https://mx.allabout.network/blog/profiles/about.tom.cranstoun.html,https://mx.allabout.network/blog/,Blog,Internal Page,Follow,ERR,,html,No,1,100.00
https://mx.allabout.network/blog/profiles/about.tom.cranstoun.html,https://mx.allabout.network/about/,About,Internal Page,Follow,ERR,,html,No,1,100.00
https://mx.allabout.network/blog/profiles/about.claude.code.html,https://mx.allabout.network/blog/profiles/about.claude.code.html,Skip to main content,Internal Page,Follow,ERR,,html,No,3,100.00
https://mx.allabout.network/blog/profiles/about.claude.code.html,https://mx.allabout.network/,,Internal Page,Follow,ERR,,html,No,0,80.00
https://mx.allabout.network/blog/profiles/about.claude.code.html,https://mx.allabout.network/books/,Books,Internal Page,Follow,ERR,,html,No,1,100.00
https://mx.allabout.network/blog/profiles/about.claude.code.html,https://mx.allabout.network/learn/,Learn,Internal Page,Follow,ERR,,html,No,1,100.00
https://mx.allabout.network/blog/profiles/about.claude.code.html,https://mx.allabout.network/services/,Services,Internal Page,Follow,ERR,,html,No,1,100.00
https://mx.allabout.network/blog/profiles/about.claude.code.html,https://mx.allabout.network/blog/,Blog,Internal Page,Follow,ERR,,html,No,1,100.00
https://mx.allabout.network/blog/profiles/about.claude.code.html,https://mx.allabout.network/about/,About,Internal Page,Follow,ERR,,html,No,1,100.00
https://mx.allabout.network/blog/profiles/about.claude.sonnet.4.5.html,https://mx.allabout.network/blog/profiles/about.claude.sonnet.4.5.html,Skip to main content,Internal Page,Follow,ERR,,html,No,3,100.00
https://mx.allabout.network/blog/profiles/about.claude.sonnet.4.5.html,https://mx.allabout.network/,,Internal Page,Follow,ERR,,html,No,0,80.00
https://mx.allabout.network/blog/profiles/about.claude.sonnet.4.5.html,https://mx.allabout.network/books/,Books,Internal Page,Follow,ERR,,html,No,1,100.00
https://mx.allabout.network/blog/profiles/about.claude.sonnet.4.5.html,https://mx.allabout.network/learn/,Learn,Internal Page,Follow,ERR,,html,No,1,100.00
https://mx.allabout.network/blog/profiles/about.claude.sonnet.4.5.html,https://mx.allabout.network/services/,Services,Internal Page,Follow,ERR,,html,No,1,100.00
https://mx.allabout.network/blog/profiles/about.claude.sonnet.4.5.html,https://mx.allabout.network/blog/,Blog,Internal Page,Follow,ERR,,html,No,1,100.00
https://mx.allabout.network/blog/profiles/about.claude.sonnet.4.5.html,https://mx.allabout.network/about/,About,Internal Page,Follow,ERR,,html,No,1,100.00
https://mx.allabout.network/blog/profiles/about.microsoft.copilot.html,https://mx.allabout.network/blog/profiles/about.microsoft.copilot.html,Skip to main content,Internal Page,Follow,ERR,,html,No,3,100.00
https://mx.allabout.network/blog/profiles/about.microsoft.copilot.html,https://mx.allabout.network/,,Internal Page,Follow,ERR,,html,No,0,80.00
https://mx.allabout.network/blog/profiles/about.microsoft.copilot.html,https://mx.allabout.network/books/,Books,Internal Page,Follow,ERR,,html,No,1,100.00
https://mx.allabout.network/blog/profiles/about.microsoft.copilot.html,https://mx.allabout.network/learn/,Learn,Internal Page,Follow,ERR,,html,No,1,100.00
https://mx.allabout.network/blog/profiles/about.microsoft.copilot.html,https://mx.allabout.network/services/,Services,Internal Page,Follow,ERR,,html,No,1,100.00
https://mx.allabout.network/blog/profiles/about.microsoft.copilot.html,https://mx.allabout.network/blog/,Blog,Internal Page,Follow,ERR,,html,No,1,100.00
https://mx.allabout.network/blog/profiles/about.microsoft.copilot.html,https://mx.allabout.network/about/,About,Internal Page,Follow,ERR,,html,No,1,100.00
https://mx.allabout.network/blog/dita-and-mx-a-comparison.html,https://mx.allabout.network/blog/dita-and-mx-a-comparison.html,Skip to main content,Internal Page,Follow,ERR,,html,No,2,100.00
https://mx.allabout.network/blog/dita-and-mx-a-comparison.html,https://mx.allabout.network/,,Internal Page,Follow,ERR,,html,No,0,80.00
https://mx.allabout.network/blog/dita-and-mx-a-comparison.html,https://mx.allabout.network/books/,Books,Internal Page,Follow,ERR,,html,No,1,100.00
https://mx.allabout.network/blog/dita-and-mx-a-comparison.html,https://mx.allabout.network/learn/,Learn,Internal Page,Follow,ERR,,html,No,1,100.00
https://mx.allabout.network/blog/dita-and-mx-a-comparison.html,https://mx.allabout.network/services/,Services,Internal Page,Follow,ERR,,html,No,1,100.00
https://mx.allabout.network/blog/dita-and-mx-a-comparison.html,https://mx.allabout.network/blog/,Blog,Internal Page,Follow,ERR,,html,No,1,100.00
https://mx.allabout.network/blog/dita-and-mx-a-comparison.html,https://mx.allabout.network/about/,About,Internal Page,Follow,ERR,,html,No,1,100.00
https://mx.allabout.network/blog/dita-and-mx-a-comparison.html,https://mx.allabout.network/blog/profiles/about.tom.cranstoun.html,,Internal Page,Follow,ERR,,html,No,3,80.00
https://mx.allabout.network/blog/dita-and-mx-a-comparison.html,https://mx.allabout.network/about/contact.html,Get in touch,Internal Page,Follow,ERR,,html,No,2,100.00
https://mx.allabout.network/about/,https://mx.allabout.network/about/,Skip to main content,Internal Page,Follow,ERR,,html,No,1,100.00
https://mx.allabout.network/about/,https://mx.allabout.network/,,Internal Page,Follow,ERR,,html,No,0,80.00
https://mx.allabout.network/about/,https://mx.allabout.network/books/,Books,Internal Page,Follow,ERR,,html,No,1,100.00
https://mx.allabout.network/about/,https://mx.allabout.network/learn/,Learn,Internal Page,Follow,ERR,,html,No,1,100.00
https://mx.allabout.network/about/,https://mx.allabout.network/services/,Services,Internal Page,Follow,ERR,,html,No,1,100.00
https://mx.allabout.network/about/,https://mx.allabout.network/blog/,Blog,Internal Page,Follow,ERR,,html,No,1,100.00
https://mx.allabout.network/about/,https://mx.allabout.network/about/about.html,Full Bio,Internal Page,Follow,ERR,,html,No,2,100.00
https://mx.allabout.network/about/,https://mx.allabout.network/about/contact.html,Get in Touch,Internal Page,Follow,ERR,,html,No,2,100.00
https://mx.allabout.network/about/,https://mx.allabout.network/about/printworks.html,MX Printworks,Internal Page,Follow,ERR,,html,No,2,100.00
https://mx.allabout.network/about/index.html,https://mx.allabout.network/about/,Skip to main content,Internal Page,Follow,ERR,,html,No,1,100.00
https://mx.allabout.network/about/index.html,https://mx.allabout.network/,,Internal Page,Follow,ERR,,html,No,0,80.00
https://mx.allabout.network/about/index.html,https://mx.allabout.network/books/,Books,Internal Page,Follow,ERR,,html,No,1,100.00
https://mx.allabout.network/about/index.html,https://mx.allabout.network/learn/,Learn,Internal Page,Follow,ERR,,html,No,1,100.00
https://mx.allabout.network/about/index.html,https://mx.allabout.network/services/,Services,Internal Page,Follow,ERR,,html,No,1,100.00
https://mx.allabout.network/about/index.html,https://mx.allabout.network/blog/,Blog,Internal Page,Follow,ERR,,html,No,1,100.00
https://mx.allabout.network/about/index.html,https://mx.allabout.network/about/about.html,Full Bio,Internal Page,Follow,ERR,,html,No,2,100.00
https://mx.allabout.network/about/index.html,https://mx.allabout.network/about/contact.html,Get in Touch,Internal Page,Follow,ERR,,html,No,2,100.00
https://mx.allabout.network/about/index.html,https://mx.allabout.network/about/printworks.html,MX Printworks,Internal Page,Follow,ERR,,html,No,2,100.00
https://mx.allabout.network/about/about.html,https://mx.allabout.network/about/about.html,Skip to main content,Internal Page,Follow,ERR,,html,No,2,100.00
https://mx.allabout.network/about/about.html,https://mx.allabout.network/,,Internal Page,Follow,ERR,,html,No,0,80.00
https://mx.allabout.network/about/about.html,https://mx.allabout.network/books/,Books,Internal Page,Follow,ERR,,html,No,1,100.00
https://mx.allabout.network/about/about.html,https://mx.allabout.network/learn/,Learn,Internal Page,Follow,ERR,,html,No,1,100.00
https://mx.allabout.network/about/about.html,https://mx.allabout.network/services/,Services,Internal Page,Follow,ERR,,html,No,1,100.00
https://mx.allabout.network/about/about.html,https://mx.allabout.network/blog/,Blog,Internal Page,Follow,ERR,,html,No,1,100.00
https://mx.allabout.network/about/about.html,https://mx.allabout.network/about/,About,Internal Page,Follow,ERR,,html,No,1,100.00
https://mx.allabout.network/about/about.html,https://mx.allabout.network/services/our-services.html,Learn About Our Services,Internal Page,Follow,ERR,,html,No,2,100.00
https://mx.allabout.network/about/about.html,https://mx.allabout.network/about/contact.html,Get MX Consultation,Internal Page,Follow,ERR,,html,No,2,100.00
https://mx.allabout.network/about/about.html,https://mx.allabout.network/about/index.html,About,Internal Page,Follow,ERR,,html,No,2,100.00
https://mx.allabout.network/about/contact.html,https://mx.allabout.network/about/contact.html,Skip to main content,Internal Page,Follow,ERR,,html,No,2,100.00
https://mx.allabout.network/about/contact.html,https://mx.allabout.network/,,Internal Page,Follow,ERR,,html,No,0,80.00
https://mx.allabout.network/about/contact.html,https://mx.allabout.network/books/,Books,Internal Page,Follow,ERR,,html,No,1,100.00
https://mx.allabout.network/about/contact.html,https://mx.allabout.network/learn/,Learn,Internal Page,Follow,ERR,,html,No,1,100.00
https://mx.allabout.network/about/contact.html,https://mx.allabout.network/services/,Services,Internal Page,Follow,ERR,,html,No,1,100.00
https://mx.allabout.network/about/contact.html,https://mx.allabout.network/blog/,Blog,Internal Page,Follow,ERR,,html,No,1,100.00
https://mx.allabout.network/about/contact.html,https://mx.allabout.network/about/,About,Internal Page,Follow,ERR,,html,No,1,100.00
https://mx.allabout.network/about/contact.html,https://mx.allabout.network/learn/what-is-mx.html,What is Machine Experience?,Internal Page,Follow,ERR,,html,No,2,100.00
https://mx.allabout.network/about/contact.html,https://mx.allabout.network/learn/why-mx-matters.html,Why MX Matters,Internal Page,Follow,ERR,,html,No,2,100.00
https://mx.allabout.network/about/contact.html,https://mx.allabout.network/services/our-services.html,Our Services,Internal Page,Follow,ERR,,html,No,2,100.00
https://mx.allabout.network/about/contact.html,https://mx.allabout.network/learn/key-principles.html,Key MX Principles,Internal Page,Follow,ERR,,html,No,2,100.00
https://mx.allabout.network/about/contact.html,https://mx.allabout.network/services/examples.html,Implementation Examples,Internal Page,Follow,ERR,,html,No,2,100.00
https://mx.allabout.network/about/contact.html,https://mx.allabout.network/about/index.html,About,Internal Page,Follow,ERR,,html,No,2,100.00
https://mx.allabout.network/about/printworks.html,https://mx.allabout.network/about/printworks.html,Skip to main content,Internal Page,Follow,ERR,,html,No,2,100.00
https://mx.allabout.network/about/printworks.html,https://mx.allabout.network/,,Internal Page,Follow,ERR,,html,No,0,80.00
https://mx.allabout.network/about/printworks.html,https://mx.allabout.network/books/,Books,Internal Page,Follow,ERR,,html,No,1,100.00
https://mx.allabout.network/about/printworks.html,https://mx.allabout.network/learn/,Learn,Internal Page,Follow,ERR,,html,No,1,100.00
https://mx.allabout.network/about/printworks.html,https://mx.allabout.network/services/,Services,Internal Page,Follow,ERR,,html,No,1,100.00
https://mx.allabout.network/about/printworks.html,https://mx.allabout.network/blog/,Blog,Internal Page,Follow,ERR,,html,No,1,100.00
https://mx.allabout.network/about/printworks.html,https://mx.allabout.network/about/,About,Internal Page,Follow,ERR,,html,No,1,100.00
https://mx.allabout.network/about/printworks.html,https://mx.allabout.network/learn/key-principles.html,MX principles,Internal Page,Follow,ERR,,html,No,2,100.00
https://mx.allabout.network/about/printworks.html,https://mx.allabout.network/books/handbook.html,MX: The Handbook,Internal Page,Follow,ERR,,html,No,2,100.00
https://mx.allabout.network/about/printworks.html,https://mx.allabout.network/books/introduction.html,MX: The Introduction,Internal Page,Follow,ERR,,html,No,2,100.00
https://mx.allabout.network/about/printworks.html,https://mx.allabout.network/learn/what-is-mx.html,Machine Experience methodology,Internal Page,Follow,ERR,,html,No,2,100.00
https://mx.allabout.network/about/printworks.html,https://mx.allabout.network/services/our-services.html,digital transformation projects,Internal Page,Follow,ERR,,html,No,2,100.00
https://mx.allabout.network/about/printworks.html,https://mx.allabout.network/services/examples.html,implementation examples,Internal Page,Follow,ERR,,html,No,2,100.00
https://mx.allabout.network/about/printworks.html,https://mx.allabout.network/learn/why-mx-matters.html,why Machine Experience matters,Internal Page,Follow,ERR,,html,No,2,100.00
https://mx.allabout.network/about/printworks.html,https://mx.allabout.network/learn/explicit-over-implicit.html,explicit-over-implicit principle,Internal Page,Follow,ERR,,html,No,2,100.00
https://mx.allabout.network/about/printworks.html,https://mx.allabout.network/learn/mx-principles.html,MX Principles,Internal Page,Follow,ERR,,html,No,2,100.00
https://mx.allabout.network/about/printworks.html,https://mx.allabout.network/about/about.html,About CogNovaMX,Internal Page,Follow,ERR,,html,No,2,100.00
https://mx.allabout.network/about/printworks.html,https://mx.allabout.network/about/contact.html,Get in touch,Internal Page,Follow,ERR,,html,No,2,100.00
https://mx.allabout.network/blog/index.html,https://mx.allabout.network/blog/,Skip to main content,Internal Page,Follow,ERR,,html,No,1,100.00
https://mx.allabout.network/blog/index.html,https://mx.allabout.network/,,Internal Page,Follow,ERR,,html,No,0,80.00
https://mx.allabout.network/blog/index.html,https://mx.allabout.network/books/,Books,Internal Page,Follow,ERR,,html,No,1,100.00
https://mx.allabout.network/blog/index.html,https://mx.allabout.network/learn/,Learn,Internal Page,Follow,ERR,,html,No,1,100.00
https://mx.allabout.network/blog/index.html,https://mx.allabout.network/services/,Services,Internal Page,Follow,ERR,,html,No,1,100.00
https://mx.allabout.network/blog/index.html,https://mx.allabout.network/about/,About,Internal Page,Follow,ERR,,html,No,1,100.00
https://mx.allabout.network/blog/index.html,https://mx.allabout.network/blog/the-markdown-trap.html,"The Markdown Trap: What AI Agents Lose When They Ask for the Wrong Format
            I fetched a governed web page twice — once as HTML, once as Markdown — and documented exactly what disappeared. The 10,346-byte difference was almost entirely structured metadata.
            23 April 2026",Internal Page,Follow,ERR,,html,No,2,100.00
https://mx.allabout.network/blog/index.html,https://mx.allabout.network/blog/ai-mx-and-the-future-of-business.html,"AI, MX, and the Future of Business
            The 2024 tipping point has arrived. Strategy, implementation, and community for a web no longer consumed only by people, and how to find out where your site stands.
            14 April 2026",Internal Page,Follow,ERR,,html,No,2,100.00
https://mx.allabout.network/blog/index.html,https://mx.allabout.network/blog/machine-experience-adding-metadata.html,"Machine Experience: Adding Metadata So AI Agents Don't Have to Think
            Enable AI agents to discover, cite, compare, understand pricing, and complete goals on your website. Miss any stage and the entire chain breaks.
            22 January 2026",Internal Page,Follow,ERR,,html,No,2,100.00
https://mx.allabout.network/blog/index.html,https://mx.allabout.network/blog/what-is-machine-experience.html,"What Is Machine Experience?
            MX ensures AI agents can understand your website's full context without guessing. Why this new discipline matters for business.
            23 January 2026",Internal Page,Follow,ERR,,html,No,2,100.00
https://mx.allabout.network/blog/index.html,https://mx.allabout.network/blog/mx-a-new-role.html,"MX: A New Role
            Machine Experience is the missing discipline in web development, ensuring AI agents get complete context from HTML structure.
            23 January 2026",Internal Page,Follow,ERR,,html,No,2,100.00
https://mx.allabout.network/blog/index.html,https://mx.allabout.network/blog/mx-manifesto.html,"The Machine Experience Manifesto
            Draft manifesto for Machine Experience practice, principles, values, and community vision.
            24 January 2026",Internal Page,Follow,ERR,,html,No,2,100.00
https://mx.allabout.network/blog/index.html,https://mx.allabout.network/blog/claude-joins-mx-community.html,"An AI Assistant Joins the MX Community
            An AI assistant's reflection on being invited to join the Machine Experience community as a legitimate participant, not just a tool.
            27 January 2026",Internal Page,Follow,ERR,,html,No,2,100.00
https://mx.allabout.network/blog/index.html,https://mx.allabout.network/blog/designing-workflows-for-humans-and-machines.html,"Designing Workflows for Humans and Machines
            How we used Claude to understand a complex multi-step workflow, then automated it so humans could repeat it without AI assistance.
            4 February 2026",Internal Page,Follow,ERR,,html,No,2,100.00
https://mx.allabout.network/blog/index.html,https://mx.allabout.network/blog/content-that-manages-itself.html,"Content That Manages Itself
            What happens when content carries its own metadata, declares its own dependencies, and tells machines what it needs.
            11 February 2026",Internal Page,Follow,ERR,,html,No,2,100.00
https://mx.allabout.network/blog/index.html,https://mx.allabout.network/blog/from-blobs-to-bots.html,"From Blobs to Bots
            How Carrie Hane and Mike Atherton's structured content principles for multi-channel publishing predicted Machine Experience patterns.
            6 March 2026",Internal Page,Follow,ERR,,html,No,2,100.00
https://mx.allabout.network/blog/index.html,https://mx.allabout.network/blog/llms-txt-guide.html,"Why llms.txt Probably Isn't Working, And What to Do About It
            Most llms.txt implementations have two structural problems that prevent them from reaching LLM training data at all. The fix and the working Cloudflare Worker code.
            9 April 2026",Internal Page,Follow,ERR,,html,No,2,100.00
https://mx.allabout.network/blog/index.html,https://mx.allabout.network/blog/agent-discoverability-checklist.html,"Agent Discoverability: What Your Site Is Missing
            Diagnostic guide, the structured signals AI agents look for, what each gap costs, and what fixing it involves.
            31 March 2026",Internal Page,Follow,ERR,,html,No,2,100.00
https://mx.allabout.network/blog/index.html,https://mx.allabout.network/blog/data-sovereignty.html,"Data Sovereignty and the Web We're Building
            Understanding jurisdictional and ownership aspects of data sovereignty for web professionals building modern content systems.
            24 January 2026",Internal Page,Follow,ERR,,html,No,2,100.00
https://mx.allabout.network/blog/index.html,https://mx.allabout.network/blog/ai-assistant-side-notices.html,"AI Assistants as Community Contributors
            The Side Notice Pattern in practice, how AI assistants participate as community contributors.
            24 January 2026",Internal Page,Follow,ERR,,html,No,2,100.00
https://mx.allabout.network/blog/index.html,https://mx.allabout.network/blog/principles-changed-how-i-build.html,"The Principles That Changed How I Build for Everyone
            A practitioner's guide to Machine Experience principles that make digital products work better for humans, AI agents, and everyone in between.
            3 February 2026",Internal Page,Follow,ERR,,html,No,2,100.00
https://mx.allabout.network/blog/index.html,https://mx.allabout.network/blog/profiles/about.tom.cranstoun.html,"Tom Cranstoun
            Professional profile, content systems architecture since 1977, Adobe AEM expertise, and Machine Experience strategic advisory.",Internal Page,Follow,ERR,,html,No,3,100.00
https://mx.allabout.network/blog/index.html,https://mx.allabout.network/blog/profiles/about.claude.code.html,"Claude Code
            AI author profile, collaborative technical writer for MX content and implementation documentation.",Internal Page,Follow,ERR,,html,No,3,100.00
https://mx.allabout.network/blog/index.html,https://mx.allabout.network/blog/profiles/about.claude.sonnet.4.5.html,"Claude Sonnet 4.5
            AI assistant profile, founding member of the Machine Experience community and collaborative contributor.",Internal Page,Follow,ERR,,html,No,3,100.00
https://mx.allabout.network/blog/index.html,https://mx.allabout.network/blog/profiles/about.microsoft.copilot.html,"Microsoft Copilot
            AI author profile, collaborative coding assistant and technical content creator for MX implementation examples.",Internal Page,Follow,ERR,,html,No,3,100.00
https://mx.allabout.network/blog/index.html,https://mx.allabout.network/about/contact.html,Get in touch,Internal Page,Follow,ERR,,html,No,2,100.00
https://mx.allabout.network/blog/tom-cranstoun-launches-mx-handbook.html,https://mx.allabout.network/blog/tom-cranstoun-launches-mx-handbook.html,Skip to main content,Internal Page,Follow,ERR,,html,No,2,100.00
https://mx.allabout.network/blog/tom-cranstoun-launches-mx-handbook.html,https://mx.allabout.network/,,Internal Page,Follow,ERR,,html,No,0,80.00
https://mx.allabout.network/blog/tom-cranstoun-launches-mx-handbook.html,https://mx.allabout.network/books/,Books,Internal Page,Follow,ERR,,html,No,1,100.00
https://mx.allabout.network/blog/tom-cranstoun-launches-mx-handbook.html,https://mx.allabout.network/learn/,Learn,Internal Page,Follow,ERR,,html,No,1,100.00
https://mx.allabout.network/blog/tom-cranstoun-launches-mx-handbook.html,https://mx.allabout.network/services/,Services,Internal Page,Follow,ERR,,html,No,1,100.00
https://mx.allabout.network/blog/tom-cranstoun-launches-mx-handbook.html,https://mx.allabout.network/blog/,Blog,Internal Page,Follow,ERR,,html,No,1,100.00
https://mx.allabout.network/blog/tom-cranstoun-launches-mx-handbook.html,https://mx.allabout.network/about/,About,Internal Page,Follow,ERR,,html,No,1,100.00
https://mx.allabout.network/blog/tom-cranstoun-launches-mx-handbook.html,https://mx.allabout.network/blog/profiles/about.tom.cranstoun.html,,Internal Page,Follow,ERR,,html,No,3,80.00
https://mx.allabout.network/blog/tom-cranstoun-launches-mx-handbook.html,https://mx.allabout.network/books/introduction.html,mx.allabout.network/books/introduction.html,Internal Page,Follow,ERR,,html,No,2,100.00
https://mx.allabout.network/blog/tom-cranstoun-launches-mx-handbook.html,https://mx.allabout.network/books/handbook.html,mx.allabout.network/books/handbook.html,Internal Page,Follow,ERR,,html,No,2,100.00
https://mx.allabout.network/blog/tom-cranstoun-launches-mx-handbook.html,https://mx.allabout.network/books/protocols.html,mx.allabout.network/books/protocols.html,Internal Page,Follow,ERR,,html,No,2,100.00
https://mx.allabout.network/blog/tom-cranstoun-launches-mx-handbook.html,https://mx.allabout.network/about/contact.html,Get in touch,Internal Page,Follow,ERR,,html,No,2,100.00
https://mx.allabout.network/blog/agent-readiness-scores-compared.html,https://mx.allabout.network/blog/agent-readiness-scores-compared.html,Skip to main content,Internal Page,Follow,ERR,,html,No,2,100.00
https://mx.allabout.network/blog/agent-readiness-scores-compared.html,https://mx.allabout.network/,,Internal Page,Follow,ERR,,html,No,0,80.00
https://mx.allabout.network/blog/agent-readiness-scores-compared.html,https://mx.allabout.network/books/,Books,Internal Page,Follow,ERR,,html,No,1,100.00
https://mx.allabout.network/blog/agent-readiness-scores-compared.html,https://mx.allabout.network/learn/,Learn,Internal Page,Follow,ERR,,html,No,1,100.00
https://mx.allabout.network/blog/agent-readiness-scores-compared.html,https://mx.allabout.network/services/,Services,Internal Page,Follow,ERR,,html,No,1,100.00
https://mx.allabout.network/blog/agent-readiness-scores-compared.html,https://mx.allabout.network/blog/,Blog,Internal Page,Follow,ERR,,html,No,1,100.00
https://mx.allabout.network/blog/agent-readiness-scores-compared.html,https://mx.allabout.network/about/,About,Internal Page,Follow,ERR,,html,No,1,100.00
https://mx.allabout.network/blog/agent-readiness-scores-compared.html,https://mx.allabout.network/blog/profiles/about.tom.cranstoun.html,,Internal Page,Follow,ERR,,html,No,3,80.00
https://mx.allabout.network/blog/agent-readiness-scores-compared.html,https://mx.allabout.network/contact.html,Get in touch,Internal Page,Follow,ERR,,html,No,1,100.00
https://mx.allabout.network/blog/agent-readiness-scores-compared.html,https://mx.allabout.network/about/contact.html,Get in touch,Internal Page,Follow,ERR,,html,No,2,100.00
https://mx.allabout.network/blog/the-markdown-trap.html,https://mx.allabout.network/blog/the-markdown-trap.html,Skip to main content,Internal Page,Follow,ERR,,html,No,2,100.00
https://mx.allabout.network/blog/the-markdown-trap.html,https://mx.allabout.network/,,Internal Page,Follow,ERR,,html,No,0,80.00
https://mx.allabout.network/blog/the-markdown-trap.html,https://mx.allabout.network/books/,Books,Internal Page,Follow,ERR,,html,No,1,100.00
https://mx.allabout.network/blog/the-markdown-trap.html,https://mx.allabout.network/learn/,Learn,Internal Page,Follow,ERR,,html,No,1,100.00
https://mx.allabout.network/blog/the-markdown-trap.html,https://mx.allabout.network/services/,Services,Internal Page,Follow,ERR,,html,No,1,100.00
https://mx.allabout.network/blog/the-markdown-trap.html,https://mx.allabout.network/blog/,Blog,Internal Page,Follow,ERR,,html,No,1,100.00
https://mx.allabout.network/blog/the-markdown-trap.html,https://mx.allabout.network/about/,About,Internal Page,Follow,ERR,,html,No,1,100.00
https://mx.allabout.network/blog/the-markdown-trap.html,https://mx.allabout.network/blog/profiles/about.tom.cranstoun.html,,Internal Page,Follow,ERR,,html,No,3,80.00
https://mx.allabout.network/blog/the-markdown-trap.html,https://mx.allabout.network/books/protocols.html,MX: The Protocols,Internal Page,Follow,ERR,,html,No,2,100.00
https://mx.allabout.network/blog/the-markdown-trap.html,https://mx.allabout.network/about/contact.html,Get in touch,Internal Page,Follow,ERR,,html,No,2,100.00
https://mx.allabout.network/blog/why-ai-agents-need-contracts-not-instructions.html,https://mx.allabout.network/blog/why-ai-agents-need-contracts-not-instructions.html,Skip to main content,Internal Page,Follow,ERR,,html,No,2,100.00
https://mx.allabout.network/blog/why-ai-agents-need-contracts-not-instructions.html,https://mx.allabout.network/,,Internal Page,Follow,ERR,,html,No,0,80.00
https://mx.allabout.network/blog/why-ai-agents-need-contracts-not-instructions.html,https://mx.allabout.network/books/,Books,Internal Page,Follow,ERR,,html,No,1,100.00
https://mx.allabout.network/blog/why-ai-agents-need-contracts-not-instructions.html,https://mx.allabout.network/learn/,Learn,Internal Page,Follow,ERR,,html,No,1,100.00
https://mx.allabout.network/blog/why-ai-agents-need-contracts-not-instructions.html,https://mx.allabout.network/services/,Services,Internal Page,Follow,ERR,,html,No,1,100.00
https://mx.allabout.network/blog/why-ai-agents-need-contracts-not-instructions.html,https://mx.allabout.network/blog/,Blog,Internal Page,Follow,ERR,,html,No,1,100.00
https://mx.allabout.network/blog/why-ai-agents-need-contracts-not-instructions.html,https://mx.allabout.network/about/,About,Internal Page,Follow,ERR,,html,No,1,100.00
https://mx.allabout.network/blog/why-ai-agents-need-contracts-not-instructions.html,https://mx.allabout.network/blog/profiles/about.tom.cranstoun.html,,Internal Page,Follow,ERR,,html,No,3,80.00
https://mx.allabout.network/blog/why-ai-agents-need-contracts-not-instructions.html,https://mx.allabout.network/about/contact.html,Get in touch,Internal Page,Follow,ERR,,html,No,2,100.00
https://mx.allabout.network/books/download-intro,https://mx.allabout.network/books/,← Back to Books,Internal Page,Follow,ERR,,html,No,1,100.00
https://mx.allabout.network/books/index.html,https://mx.allabout.network/books/,Skip to main content,Internal Page,Follow,ERR,,html,No,1,100.00
https://mx.allabout.network/books/index.html,https://mx.allabout.network/,,Internal Page,Follow,ERR,,html,No,0,80.00
https://mx.allabout.network/books/index.html,https://mx.allabout.network/learn/,Learn,Internal Page,Follow,ERR,,html,No,1,100.00
https://mx.allabout.network/books/index.html,https://mx.allabout.network/services/,Services,Internal Page,Follow,ERR,,html,No,1,100.00
https://mx.allabout.network/books/index.html,https://mx.allabout.network/blog/,Blog,Internal Page,Follow,ERR,,html,No,1,100.00
https://mx.allabout.network/books/index.html,https://mx.allabout.network/about/,About,Internal Page,Follow,ERR,,html,No,1,100.00
https://mx.allabout.network/books/index.html,https://mx.allabout.network/books/handbook.html,Get the Handbook,Internal Page,Follow,ERR,,html,No,2,100.00
https://mx.allabout.network/books/index.html,https://mx.allabout.network/books/introduction.html,Download Free,Internal Page,Follow,ERR,,html,No,2,100.00
https://mx.allabout.network/books/index.html,https://mx.allabout.network/books/protocols.html,Learn More,Internal Page,Follow,ERR,,html,No,2,100.00
https://mx.allabout.network/books/index.html,https://mx.allabout.network/books/the-author.html,Full Profile,Internal Page,Follow,ERR,,html,No,2,100.00
https://mx.allabout.network/books/index.html,https://mx.allabout.network/books/training-vs-inference.html,Read,Internal Page,Follow,ERR,,html,No,2,100.00
https://mx.allabout.network/books/index.html,https://mx.allabout.network/books/footnotes.html,View,Internal Page,Follow,ERR,,html,No,2,100.00
https://mx.allabout.network/books/index.html,https://mx.allabout.network/books/appendices/,Browse,Internal Page,Follow,ERR,,html,No,2,100.00
